trial,cv_rmse,train_rmse,kernel_name,kernel_variance,likelihood_noise_variance,ls_an,ls_cat,ls_cross,ls_env_0,ls_env_1
1,0.1415848472152874,0.0953504751441679,Matern52,0.004085138655784739,1.588006130937474e-05,11.787605454640865,4.045475720122809,34.33258483724731,3.023263429485401,17.97304371233189
2,446.68387627801087,454.9056694887742,Matern52,0.029223437117996288,1.1523919753389616e-05,1.8044885156420079,0.01736779788032711,27.77934028055771,2.7101707182655668,0.1591055829616769
3,0.1691099301451517,0.03992220533662117,Matern52,0.03143115827167077,0.010949521924021098,1.9539456347230058,0.042532293512029924,2.9555846685991414,0.01970807025639509,0.03871249382938917
4,0.20374613364417185,0.18418441966786248,RBF,1.0947695130444573e-05,0.0005606212374212515,0.019754506342533323,6.574156904259759,2.343223171434268,0.07061036687172366,0.41220255657706034
5,0.1515205698365921,0.06504207424650205,Matern32,0.00034304892384577553,0.00022905789819477633,0.22524871701687144,0.2423675041154702,0.14106695091696442,0.024354464379765937,1.0271054144739526
6,0.1967924156376608,0.15911723012367837,RationalQuadratic,0.00021316581414002907,0.0009954164318429753,42.28274481230361,7.808933020548503,0.5858326783434962,0.04406526989469989,10.445023972192205
7,0.2346791360492889,0.23334327909096939,RBF,6.081811127925233e-06,0.03439521754810458,1.0588714895432831,30.02089704659083,0.021231846602575623,97.26326397617618,6.256254093231762
8,0.14380999698977864,0.071265309087653,Matern52,0.004747906754015044,0.004965855760476087,0.03624437678780218,0.2228019343241632,9.820714637468848,20.91021650264379,0.018077878085009113
9,0.15544821272294645,0.11358442198244827,Matern52,5.943019010313181e-05,0.00013889764853343577,94.10747103309764,1.9671789913414397,0.016455515721318547,12.1765223538544,7.819763431394544
10,0.19821807492022334,0.18472868407722257,Matern32,1.732103573038755e-05,0.0034665601382503726,4.083937823224893,6.5544495892858805,0.5495305164437173,0.8360431152477957,0.19958576865376365
11,0.12064810723684087,0.010806940354883285,RationalQuadratic,0.02129531890029273,0.0009042080975750254,63.770450802165165,65.93587695888597,0.11838563687273998,0.014623166653720763,0.013766189494922724
12,0.2165032444779154,0.19008448470558506,Matern32,0.001329091984894196,0.049810375500347115,0.10541348059185476,0.17030146956663367,0.026261677766173205,2.7077560797962055,13.315311617253993
13,0.11327975361864226,0.0627514759737356,Matern32,0.00042544445886823836,0.0015422886553753833,17.184379697795205,0.07370190331252446,2.7315968067435987,8.320671979744693,0.13571996910787007
14,0.09545600304671858,0.019778480104717208,RationalQuadratic,0.0007748229990232207,2.7211414941679663e-05,10.839675663052532,33.759751624188816,0.022667696660035767,0.7389146265402617,0.018607657136529163
15,1016.8925537131032,1137.1943181492927,Matern52,0.0009617086800052459,5.44210197862148e-05,0.02760403242652733,78.66685474752678,0.011705413494669255,41.96879910959461,0.08508295205866315
16,74.21959733233727,295.09452715726326,Matern52,0.0012751681635259824,1.4720260610456929e-05,26.854917520759624,0.21849443373198776,0.06563522948575065,89.32002744434789,31.694976681927457
17,0.2229956623354135,0.2110353212782246,Matern52,1.1112808247074842e-06,0.00015956119853991756,0.17448268880811524,0.640475886358837,18.534422420156663,18.04404368195234,33.81196571227632
18,0.1395717049413418,0.10887214825071242,Matern32,1.5262052761970507e-05,2.281071471296403e-05,0.03858592905980589,80.55661645300707,0.25277444941355776,0.025842127480407245,0.19943258818485687
19,0.13060455689722208,0.05993437551476603,RBF,0.002831980968435372,0.002356456300111702,0.2494941612093348,0.4662842569778402,0.032531761800187756,25.085323471333357,0.09568727691338333
20,0.08740731968825696,0.039102742313910546,RationalQuadratic,0.008924048681069727,0.0008082088150472903,0.11007312521004611,0.08305067834202745,80.16773083200302,7.115052124615942,0.6155940024079789
21,0.09299108803963141,0.0297039400469228,RationalQuadratic,0.08758928543696042,5.571304953077536e-06,6.122051767147788,20.16714638882619,7.531576928303146,0.37628165174316763,1.8347684512754823
22,22.134594847736942,24.824821197883317,RationalQuadratic,0.10815692592764675,0.014004139035787812,0.6471628351476627,0.010108864309831695,80.48648767058114,0.19951253694561744,2.0536580108452394
23,702.4093151574759,864.7886684419133,RationalQuadratic,0.09469208286041667,0.0003020061102603793,0.010516897118854923,0.038633194330592625,87.4780641766748,0.24703704685182556,2.69005352163872
24,0.08985194464575541,0.028496131648278977,RationalQuadratic,0.01021001953423407,6.757707650897996e-05,4.9076971744201074,1.2882252528356097,7.533563285630389,0.2844730360437929,0.6958303973910323
25,0.08947322385064505,0.03163917279988075,RationalQuadratic,0.01011982459291896,6.977494212273716e-05,0.08051190322895982,1.5061570833865665,49.3556395263566,5.529123531831971,0.557517377378421
26,0.08974909743332442,0.030449157225458247,RationalQuadratic,0.010506118075455807,6.267592891891064e-05,0.059907454305090396,1.9565030196509643,53.60470462490951,6.127084788122681,0.397803033242481
27,0.22033404176896237,0.18540049616407245,RationalQuadratic,0.00012468174962130204,0.00043688138788960587,0.5434346706017983,0.0970274238984046,15.295174178119844,4.685203881695283,98.23731114777145
28,0.10100780266599711,0.034986067837601297,RationalQuadratic,0.009402875497673994,9.414410650227743e-05,0.014173087336285277,0.5555238575892073,92.59180915094527,1.469320260185827,3.4991462566692233
29,0.0847101174854211,0.02242817466081131,RationalQuadratic,0.003589648383961826,3.492833190910012e-05,0.07148540873207805,2.5908692086577028,41.075273826468724,1.7299889320034512,0.0491828736145412
30,0.0852766929246543,0.022445337626959258,RationalQuadratic,0.0029878362105676343,9.317970198716385e-06,0.3885015779408854,2.962496368104784,33.19571066459397,1.5418047102921455,0.040905925845798045
31,0.09313828305877461,0.025111308218994828,RBF,0.003317024937849299,5.65736824669762e-06,0.4953437005041171,11.959203518626193,31.074697232106946,1.6467380896177792,0.047342253998156364
32,0.09611324220493095,0.010867801107082633,RationalQuadratic,0.047385991056874854,7.963588242675976e-06,1.9776104210833152,3.2796846703167084,4.514288165911561,0.4986918579132496,0.03360134156823101
33,0.1043759388236342,0.015150757491951087,RationalQuadratic,0.0021917247738700366,2.6942932599516503e-05,0.28308531602262815,3.3028985244577242,1.1693828755566635,0.1627613762766164,0.055444261959365415
34,0.1392047724177355,0.08262291773314989,RBF,6.49705561505339e-05,1.1172316351063115e-05,0.9894696545960063,13.867617528601402,24.018424696499245,0.1010805062421122,0.027863695403173995
35,0.11067056490901608,0.015182983522581845,RationalQuadratic,0.024708593406091828,8.671426968603057e-06,3.003363628201613,0.9789242997945933,1.2861249130234609,2.880160858098871,0.010221002997477753
36,0.0891046025169786,0.03255396040732378,RationalQuadratic,0.0005712040557076546,3.765123243458653e-05,0.38544804772866825,5.470809191265275,4.112266364006097,1.3830561205576948,0.309299034344478
37,0.126554865167926,0.01681927914837377,RBF,0.00562350245287959,1.5188903715765046e-05,1.0458592527547728,0.37460543844008165,13.68117263243279,0.09109388139301418,0.09212299012459245
38,0.11752668331129099,0.04392228986961638,Matern32,0.0002377332516423013,0.00011841099355909513,0.14663475316479663,44.093658728719966,38.8013915946365,0.563196253417078,0.010731992833446094
39,0.09591159580523653,0.047820411363842255,RationalQuadratic,0.0018108595833637965,0.00022345339954982826,0.05505921733193719,10.42197090052737,0.6348511254927945,53.33832349763679,1.1302698617555016
40,0.15017455748349368,0.0048377942938813345,Matern52,0.047667393391385454,3.919127194187063e-05,0.017329080190139807,0.8693395978595148,4.413633495654775,0.040584092054679534,0.05863830759236513
41,0.11248149982102777,0.03782324161199184,RationalQuadratic,0.00013468104010619058,5.703476726494595e-06,0.010518560222363771,2.6614770188701224,1.4988304896605753,1.9553810960672813,0.02230803890602431
42,0.16047542500437367,0.1494635972959122,RBF,4.58255976588785e-05,0.007580766250056909,2.0472016305555356,19.714784723098738,10.425304638659098,1.1446642917817997,0.27609562093119516
43,0.22497925394428586,0.21909330272952726,Matern32,1.559636861947254e-06,0.0005091153270920578,0.0295032499857227,4.480448445409154,0.2764785415354341,11.102985453072632,0.013364818100219939
44,0.10191785984230961,0.023618339067107242,RationalQuadratic,0.019017781811461257,1.935544598631181e-05,0.8554710194298402,0.31606457812739164,1.9755319308469297,3.486233280611144,0.11986688923417534
45,0.10068051894857466,0.04741091766214539,Matern52,0.0054717809032881785,8.03734941536553e-06,0.29546973728267306,7.5210620638855135,56.679266248381914,0.8800636670730815,4.713402313381763
46,0.09349864933551108,0.03128606004043315,Matern32,0.00036839108735117813,3.510977654366759e-05,8.658129702648436,46.61842856840781,20.83377643088853,0.14760844277694224,0.204624064578133
47,0.19170499429939417,0.17317255440087112,RationalQuadratic,7.520949287267565e-06,0.00019734388723179476,0.1666841702198452,2.157503237381053,6.745116584762723,0.010803119355688371,0.03372869675010374
48,0.13024518305267652,0.04669660664153589,Matern52,0.0006852794819679724,0.00033778214546667436,0.06521762089822562,0.02924350635775345,0.7339014882540149,14.593242724222263,0.06568254046414104
49,0.22438028336960975,0.21655959663126362,RBF,3.2788706277356e-05,0.027547638287846905,0.0429240226966178,0.7200651058293944,0.3796924936423716,38.534570950159925,0.9109017762495881
50,4.3085194114222265,11.892031786557276,RationalQuadratic,0.03896509447844883,1.236375749635817e-05,0.023609659121713245,1.3674457581592412,0.1002803869777286,2.078421823263194,0.02016705667462401
51,0.2064280044836367,0.16516609202228003,Matern32,0.0011276273673080347,0.001159106848521357,1.4778494210562263,0.13890169825129126,34.38989573741674,4.000866038190235,90.99942367807141
52,0.09984049868706513,0.04087116383812596,RationalQuadratic,0.00015445433730356843,0.00010719677663735079,0.10773184727216296,5.260370677878351,0.0448512999268866,9.658077345774405,0.15094444381543806
53,0.08454031156648087,0.030994851695268593,Matern52,0.015286760828888685,4.880342705402555e-05,20.496298285391664,26.273947455785773,12.057555707609444,0.5814563105391722,1.4626940859565232
54,0.12969220029801126,0.0654300009864983,Matern52,0.0730313246341422,0.0006869908806755979,98.86052774670189,17.57924219182433,2.8293197052815455,0.03786685830488326,9.051559036333865
55,0.1664663074170675,0.12820130110906355,Matern52,0.017808499328860448,0.0024469501276025434,50.96403699160926,51.657758316234656,11.058005415922626,0.30854007042535153,27.87397374961194
56,0.14398238994361104,0.08469736773001814,Matern52,0.014752625905154979,5.090718630869395e-05,12.540674657515476,27.517763818164138,2.1153907084238974,0.059376253069256674,17.769923859492526
57,0.16204116577190203,0.14644094680766045,Matern52,2.154344498951534e-06,0.00014980018538095124,25.574683647646527,28.229957416030313,5.954831729584129,0.5519913816098698,1.4690924560929282
58,5329.916379457368,5010.849746449442,Matern52,0.00630264254575728,2.0546019497612183e-05,21.0702455309659,89.41888317498184,65.67482197692804,0.019926449962235266,4.978630796511949
59,0.1016880104689643,0.037085657909424065,Matern52,0.02933699259551829,0.0003329895478006676,68.92219209902585,9.192616622159079,0.9416116204807237,0.6627200943046252,2.9999154323463064
60,0.1262644133796163,0.04577299447691902,Matern52,0.0017777588365247082,0.0013058644113537817,3.6917157002246572,0.01950032624490068,3.5762497673503977,0.3545670142533595,0.45317510457936994
61,0.08608156591116263,0.04630563244018701,Matern52,0.00024536698510992203,8.018707983623734e-05,31.42884216990912,14.253467908623724,16.3163517774031,24.434313691574182,0.8401227733996695
62,367.31880154899943,489.49092326567404,Matern32,0.06626539146221504,4.315131480717829e-05,6.1779809115932505,60.38053894275665,0.010861214372900583,1.0872900639450838,1.4108715112421295
63,0.19701744081384523,0.15728973215631792,RBF,0.0041189390787052015,0.0019506893534727337,1.4552780897572284,7.147059686973057,23.147401011537887,0.1490755161211008,41.7350862434057
64,0.10397261767713492,0.07263219349398023,Matern52,0.0005924728034442248,2.7998173883860935e-05,14.078498228858702,93.12906872573376,45.804510995453974,2.5929018640557238,6.360355475729763
65,0.1583023186842798,0.09048555698055719,Matern52,0.007629016439346796,0.00015970095456757988,2.523125761235642,0.15620230750088795,12.699430689359266,0.11433574246562027,11.790101516605018
66,0.08787667592999884,0.02611321444773721,RationalQuadratic,0.002557830025290849,1.0633380840644883e-05,0.3907309107548778,1.9421825693454382,28.122494906113985,0.22096492368436518,0.291729444377406
67,0.0864882204552884,0.01793725047171558,RationalQuadratic,0.003277132599917945,1.618043382249096e-05,0.1265230960868992,3.631633645643777,69.73137903672703,0.4722335111125516,0.044500051319288934
68,0.08541576199092334,0.03093084438826238,RationalQuadratic,0.0010956362176255381,6.593414906963181e-06,0.6868139786473357,1.2113609189935424,98.57992843837822,0.7952319453704824,0.20490499896557232
69,0.08957910038547086,0.022609788374622696,RationalQuadratic,0.011571674760552682,5.141297029309642e-05,0.07875755761806215,2.6225030826543634,9.064254670276368,4.370130931186031,0.11125612301620784
70,0.09493529283564053,0.027489892127512332,RationalQuadratic,0.0016193086088592762,2.9237886181697646e-05,0.39013100389982297,0.4989798613060903,5.498244673604671,6.928005946150207,0.0754416610793687
71,0.09295801348705215,0.04817331987814011,RationalQuadratic,0.000854732094028928,9.738233198750717e-06,0.20512695708503903,5.4855270873534225,17.35610011554174,2.1279441494708045,2.212884657313151
72,0.10596460985955583,0.025719937341902654,RBF,0.013983709704156804,8.91308252270516e-05,0.04231387194345815,0.33967101490656637,39.437805364310265,0.3710141372063083,0.6096805708182992
73,0.11172230590195267,0.012330129823014147,Matern32,0.003847982826196807,1.3777291641185306e-05,1.326211604781615,0.24690313504004704,28.26645281373248,1.135031718726492,0.016585745206404177
74,0.0870541606785196,0.032532494883743636,RationalQuadratic,0.007395571947165135,1.8028971949263692e-05,0.21683690388558796,34.12912454867178,95.6182678396184,1.5342080468135026,0.40893469220974077
75,0.12190856753487307,0.06637196695698179,RationalQuadratic,0.0023247828530443457,0.00403597984228496,0.012335106172189785,0.7869189940752087,8.34618493793306,5.603802635885801,0.012746646740780061
76,0.0906323720624619,0.02293756453247496,RationalQuadratic,0.039783470773473696,2.274263451656337e-05,0.092205910902006,1.0992903703212316,42.44238840351701,3.1588434180785487,0.24620252543362822
77,0.1302174241819324,0.05571763861892247,RBF,0.0004263943040653546,0.00027375840309641,0.7646001964999817,8.93197386419443,1.5796773810357407,15.731337151050525,0.024527174455893936
78,0.0962953461248399,0.04684802431851004,Matern52,0.004602109715703622,6.6356271425785e-05,0.4917257619629114,1.5155547061713377,57.23880324096944,8.408695790685261,4.225911523542746
79,0.09965801921521619,0.009249041069155233,Matern32,0.02241755751062599,7.286569235490754e-06,0.02027591578852894,24.071474702770022,3.477936714949589,0.2573433916575023,0.1571383781227238
80,0.09963264143241268,0.049716771985953215,RationalQuadratic,0.0014702997286148,0.00043268342049951716,0.029472994128761212,4.270190027149875,19.496215325533704,0.06675090813361728,1.1664588263251856
81,0.09240439456175727,0.01726997358506694,RationalQuadratic,0.10960595573422975,0.0001202013409520642,0.30908838767759256,37.378129772924474,0.44367636582934,2.455038772232894,0.03857947483515248
82,0.10453347494110517,0.06059505115271692,Matern52,0.0002987003778352181,0.00019880280182022847,9.589945755477471,2.9155350587869693,12.481708336035387,78.38104092616018,0.7135567796977852
83,0.08823176416916792,0.014552237555528081,RationalQuadratic,0.03410869260673841,3.413184259354797e-05,0.13741628641412904,15.190884328633244,72.97828751548467,0.929764672448109,0.027833416630253256
84,0.1191522269144893,0.04870577726603633,RBF,9.574125208992808e-05,4.485963307953271e-05,5.785661377939458,0.11931505693496516,5.002653872982476,0.47120085401089246,0.34421891623065776
85,0.10402604412507381,0.042931224087521966,Matern32,0.00045115143567865754,0.0006302276485381438,0.04848347015501334,11.846285976650428,0.22131504396342624,1.8718116765974238,0.4996007311775305
86,0.11879167268915362,0.027244812261711465,Matern52,0.06385107438937858,2.5329595373210565e-05,3.2668544038022502,0.6487390603683851,14.906891891868394,0.1954460652662453,1.7151384668289071
87,0.08981001853477485,0.03033930675083137,RationalQuadratic,0.0001790997604777032,7.733272084934014e-05,0.06875079638921178,22.49264038637851,2.5013644396873795,0.695077369435793,0.07942698606356567
88,0.09232574033776197,0.01607442580117359,RationalQuadratic,0.013649026818329331,5.649452343308207e-06,0.03416682096465597,0.05360256736630596,34.98797523279589,3.871019075143004,0.01653849597389837
89,0.22066525808867737,0.1953214871149784,Matern52,2.800167330016014e-05,0.0008688354071324801,0.9261615362175531,0.4219778627679888,0.8510706671417303,1.296516604831666,68.71917245500607
90,0.22037909563766017,0.20459886849573067,RBF,7.99041666511625e-05,0.00693734280493494,0.1664138910664281,1.6735981484454692,7.40026281596828,32.000799555128914,17.472718581384903
91,0.09444208562685275,0.01448304059109291,RationalQuadratic,0.007964023618818749,1.3179716777831654e-05,0.5910622886091274,0.2661510260094475,50.6565953503747,0.028079336799729303,0.10974436796171218
92,353.1067688412444,965.4734693004295,Matern52,0.024408062303422715,5.9372373984905625e-05,36.535554955597206,6.103037339565743,0.016257109878864244,10.761833600944705,2.477045368071002
93,0.10316183372041295,0.01583681979129206,Matern32,0.002014591480288866,9.32157483055055e-06,2.293315467946438,2.2538965423802395,23.741402437520627,0.6049001891591106,0.05499505517751315
94,0.19768670429153973,0.16075689894274867,RationalQuadratic,0.0028672087671651894,0.01522094669375684,1.7254741943290268,0.978969212595016,3.2847039871665924,0.11617883976231831,7.216151675209374
95,0.14218764772613937,0.007430625794107723,Matern52,0.05692492090761918,0.00025426092467702215,7.461827797216343,3.734914360943415,10.068606649776232,0.29829774506334095,0.010026329186131023
96,0.1389717669887333,0.10547968635251423,RationalQuadratic,0.005489927035625895,0.04999911660589097,1.1917669929856598,16.605072269122868,1.6146034552541404,0.0823706172137937,0.8166901834097083
97,0.13791648194085615,0.08307176712851803,RBF,0.0008657226195799851,0.00010197351642175832,0.2795555910064276,11.021168657414488,6.117986842301569,0.054389957962582516,3.29796813398555
98,0.11875459868527945,0.09239326365385726,RationalQuadratic,3.480393406835212e-06,3.37931264302999e-05,0.017030959439703078,64.42635117250582,0.17067429169720646,4.732574945923953,0.1740391749990152
99,0.12348331732216807,0.025751079935460535,Matern52,0.0012834364660559512,0.00013094231854051858,0.19578182598536736,0.19598710263604405,0.07880340424275944,0.4130942139733225,0.24555948464843164
100,0.0817184950603243,0.025469601379350764,Matern32,0.016111295222938287,1.8033363120371006e-05,71.30054380680855,4.68001215509164,83.82352681474782,13.518545361690016,0.13581566084689772
101,0.08734991922876403,0.027444941871711065,Matern32,0.017964677362461077,1.715175656866148e-05,81.003412170005,4.728558672431802,64.72437274469608,60.31545678959035,0.06711893211576575
102,0.08806165334880325,0.02822608981219842,Matern32,0.08946970151902782,4.5315951419424116e-05,51.2896237913234,6.75159739009511,89.20021557831419,96.89766445398412,0.1340758603380056
103,0.09415872206821267,0.028026615160684866,Matern32,0.011563085066646866,0.00018980330405949294,18.289458533502746,8.044080977689438,1.1417662247771714,20.334120497813732,0.35759442336937225
104,0.08568338101163356,0.021873652595372446,Matern32,0.04990555468892888,0.0004136312343705091,47.87900909265272,77.15550964843588,30.0314130676856,12.628366082472258,0.03309433664970543
105,0.08560277752760839,0.03294412827009796,Matern32,0.032957970953341506,1.1444092491524636e-05,24.754735883895005,51.32414045440785,18.468161336575545,62.55438676242257,1.3444934263887798
106,0.08552741886550659,0.027897411238246638,Matern32,0.006554765049082071,8.850979123272459e-05,62.4738596783975,41.094095025668196,11.659579828424778,40.76861184214504,0.09246313778641402
107,0.08947953462348282,0.03717205064192366,Matern32,0.0006116469465260571,7.182100256529637e-06,4.241361114993885,20.60742932383626,80.95524758209224,28.81376141949763,0.05076297102026102
108,0.08281679990346731,0.03022860423552252,Matern32,0.0037392630877523298,2.0975292991177647e-05,16.09053333858986,29.697988173290607,25.30864351474889,7.1551170655682315,0.5030830221788322
109,0.08803157344643696,0.030111344618827408,Matern32,0.008957301661572171,2.03673687946348e-05,15.8788352433224,31.74043676832595,1.944601924386111,8.586672522514132,0.98056555982072
110,0.08245018099268443,0.03355474711942786,Matern32,0.02472256716757431,1.5255229375216285e-05,99.87461604594668,25.787326368941674,23.077855657410378,17.984693218274476,1.8170433206352523
111,0.08341680109968728,0.038511326658465246,Matern32,0.02654912981874606,6.530894493380797e-06,86.32574092508946,78.33208221010523,23.707319584842963,18.681383458098992,5.556403750415561
112,0.09192610287313455,0.025118956122982743,Matern32,0.0806408419594264,1.5252405997167521e-05,32.40638144884326,9.630079448138527,4.319588850625077,24.460631638462754,0.5138635193911539
113,99.64399513553983,112.39066665202233,Matern32,0.004943740698929651,2.2833985703554237e-05,63.02594952268198,0.010418315059192372,57.667680583101834,50.753265868373035,1.8355921500981607
114,0.07998586840369917,0.03926456141490886,Matern32,0.04263953388614425,0.0029264759061025845,42.25534817172516,99.50514234494779,99.46663026345054,13.47476762867482,0.6464578523487036
115,0.10535800135949391,0.07571352234595694,Matern32,0.05441885367818754,0.030932604925455714,11.16955441416521,55.09879135458081,44.00984908728402,73.27263899837085,8.569171521783407
116,0.0889635350667696,0.058476300168323544,Matern32,0.038820864583062005,0.022755181829879685,41.72851538508572,17.968672114821366,98.88363399644426,15.245193309411258,3.93894043973362
117,0.12225087167552458,0.09358889203095741,Matern32,0.021375438154991724,0.0029994641789973745,94.79600424698542,15.36964313927931,35.79285105963001,34.68598565859237,24.191010815944363
118,171.49257734824207,1622.2465536712805,Matern32,0.10093345154627725,0.001807252874323505,77.11731283197999,70.01897203758212,0.05426673480043848,46.058199788829334,14.441482611512635
119,0.2298765865944877,0.22804569712089934,Matern32,1.0566277125067793e-06,0.00663097182218468,7.657195219309676,12.490046069258288,0.33937196179321977,11.933430362551764,0.6124717001424631
120,0.08016494502499713,0.03414378842461685,Matern32,0.07164433426396159,0.009024932609099904,21.799073374556663,44.1101174683994,72.19912840129187,6.584254423618227,0.21201601699921735
121,0.08059332106599401,0.03321446940813029,Matern32,0.10767424586141314,0.009170190933752901,22.526674234040872,95.93729840036944,76.8561317398881,6.677008472757422,0.19039105012691973
122,0.08349905413663818,0.030602295741022783,Matern32,0.07998399075251214,0.0054735286656069524,5.305259482166336,41.0825562233798,66.10706179993102,6.134876453378672,0.2569114526059879
123,0.18311010395321525,0.17789055127644313,Matern32,1.4930800133327959e-05,0.009962513980271575,22.933215714138456,93.37564298026041,0.03854881818580333,2.4840510657565833,0.7251970247727415
124,0.22241553488650032,0.221079764645229,Matern32,7.047786265756002e-06,0.04150769534460195,14.086262160724013,47.32025307978963,0.028579137609043043,5.425618326201867,0.39474200272957605
125,0.08382690207028802,0.027542787671386976,Matern32,0.10364097457370003,0.010364771284557138,28.40412748333376,63.71969957345832,8.775659218606148,3.1600937085511194,0.19128776014832763
126,0.08503817694299196,0.043485949380528,Matern32,0.04134170460194749,0.019941266152017474,4.478870117509311,88.24774212541173,51.86994975110657,27.28951544154274,0.30571912397602125
127,0.0840333664350271,0.028295611706779706,Matern32,0.07034987962848879,0.0035928446967530537,3.1154971467255033,37.58197092415388,33.08468836754257,7.756825027893386,0.21837743021212483
128,0.09779350792001759,0.04159588520678165,Matern32,0.028971471903385063,0.014318728183117618,35.00644969250103,0.06520955657465524,0.5650639242752028,9.55154048747502,1.0389773311394555
129,0.08523807632030408,0.028887154405232724,RBF,0.10518358659549727,0.005005885820661474,7.293072484035046,53.863428725608095,14.545607235872609,3.4326514563809445,0.10667779448205364
130,0.1962533555111458,0.18306687753396292,Matern32,3.490800200125514e-05,0.008943386599927848,42.23099492856182,0.03562241985733941,0.015047452082201903,4.94302125176112,2.4148702563862203
131,0.0829441208334086,0.026139227480739585,Matern32,0.044037059605563034,0.0013040589889999335,10.970103423997083,92.44986616637276,45.88444292072652,4.077868191101543,0.15617415510372576
132,0.19996379863978325,0.1967614083055103,Matern32,3.09603891365432e-06,0.0024831908689878926,9.473838891777588,21.37067614616519,0.14043408503305338,22.40929992249273,0.07483647915411039
133,0.09027787614290446,0.06281168512191529,RBF,0.012983013458141353,0.01878577492896797,20.84049185157054,35.62992421299289,98.82339673163183,2.186146051553122,1.3158543968194059
134,2.7646379685184135,4.428910908357659,Matern32,0.05913881254829471,0.03806817903649937,2.594736371185306,0.01215295116592009,75.20060923503827,6.699566183122053,0.7705842360195746
135,0.0874912881594928,0.04375034861324,Matern32,0.01037527319510292,0.001677179400301433,52.280841667227484,75.12981770198473,6.736155260842598,10.847354745600267,2.8082895600487765
136,0.19414278556583547,0.18973545664267477,Matern32,1.1616056367641202e-05,0.011809045872788962,6.209721456445698,0.018256399224022342,59.34598963315303,98.63855770218515,0.4320959892739831
137,0.09060052691729197,0.03134833603707678,RBF,0.01848697837577333,0.004189409718888694,13.11289935397366,13.663969197875103,17.53445031561326,1.3394795005355387,0.0631982623196322
138,0.12559050308814904,0.11201409107293543,Matern32,0.00011021976470243482,0.005900545893920026,18.860414945655904,45.814297174876685,20.60539566305304,15.85695743179637,0.3446472764044682
139,0.08224499492481493,0.03603469362758708,Matern32,0.07036738521248802,0.007919178269445935,27.504261149309006,99.93387089555718,39.582555999910966,31.17328348128078,0.12810611266361285
140,0.09225021161971561,0.04590145103457381,Matern32,0.03476266321778244,0.025410605254536502,59.45271114923225,28.383499772668365,29.020008334192283,2.7198066841394404,0.042464436135420204
141,0.16094715607143567,0.15525204671528736,Matern32,2.1189121217221776e-05,0.0030191613281102935,36.95479499084465,60.51440733162072,5.244071198058104,36.501960231024654,0.08755596888285444
142,0.12203998396804061,0.09172160275818388,RBF,6.448770333465502e-05,0.0010368071484768405,1.7974623897276423,24.047697180989825,0.09433411467397457,0.8323226448611688,0.23156490423805504
143,0.09402094618177043,0.013992511732534879,Matern32,0.11076584482161744,0.0007070589553317301,3.383010714935466,97.56526549426144,97.92988894768429,1.6561022752972419,0.023182959766193063
144,0.11293589463320901,0.052465921669120605,Matern32,0.0067913939939158435,0.0021371489176889827,8.951697007365427,17.890779455230803,3.7574224703191503,73.20184343986557,0.03447780378849337
145,0.17499443774383913,0.16159800696756474,Matern32,4.627500795403801e-05,0.01226934661056878,16.159661266575704,0.10717726455766818,10.188437684902976,9.52914269096667,0.6425634779988167
146,0.08993392068236028,0.05054378962448536,Matern32,0.015351333215835204,0.017796922429522945,42.19609585543247,5.951536126922198,74.72273114266562,13.426756388050503,0.14159474287490653
147,0.08045230572107734,0.037262834287076024,Matern32,0.04761519453287582,0.004270118153693078,69.23210044833475,7.747660621907225,81.9728605845025,21.295707498288202,0.30209708628586174
148,0.0854118150383236,0.03319741347759187,Matern32,0.05554610257190425,0.0014757739957134066,25.427459942490337,8.16921651716793,49.54047628255954,44.48836779265672,0.2929086813463899
149,0.07902486481442365,0.03311511618090742,Matern32,0.09137162563884176,0.004116612651305926,56.21999572396387,33.178462651576005,65.02578915806006,19.571256109939,0.1788051515275508
150,0.08265478674600621,0.03783651158565573,Matern32,0.020104141248314937,0.004129465185044104,78.1795350279843,31.923229652264844,14.74141030318494,20.40495322021792,0.46078576782581215
151,0.08327870246685318,0.03874330517220508,Matern32,0.04699444473403536,0.002467775987111573,54.56404934364465,10.511203621939556,36.46374954633833,58.33161780360999,0.5813970036322185
152,0.08922511637728434,0.05676320374432113,Matern32,0.029055267975219925,0.054908105209069046,91.74534448873169,12.977039447490952,28.602644551329487,27.30261707613572,1.616073775121395
153,0.08194538216392902,0.037420914213717404,Matern32,0.09008285963064352,0.0031029239854597113,31.257324566356434,2.3147600786319953,61.82983586213803,23.377896450565682,1.152636459871352
154,0.07969603767820976,0.03867567253229436,Matern32,0.008735085985879786,0.0005301680330478773,68.53908508873783,3.4085199354543123,87.94544674571617,16.960372226241542,0.9014067121319018
155,0.08502034198194901,0.042769765816721116,Matern32,0.010579313944691493,0.0005283820730537794,47.281723774703984,0.5886191918156374,44.6124714057404,49.7838657224916,2.190012418456855
156,0.0857087354989756,0.05195049167261865,Matern32,0.0024107262620414864,0.0007530084359515432,94.90374237913234,3.464908725130675,52.316684829416594,16.43828982878804,3.467238279205233
157,0.09241577833730796,0.04518236435524731,Matern32,0.004746841001781744,0.0013965609083916625,12.85004640069638,1.9508456003521832,17.52855131858806,37.44661737823123,0.8392356087309514
158,0.08627605127206445,0.040441505384463554,Matern32,0.008139152775252026,0.00039751360642891186,36.39126361806647,1.688755912656811,22.069975083013933,71.19526862561153,1.0040769400978733
159,0.08970102533280526,0.036682184549978056,RBF,0.03440132422405793,0.0008701773564019327,60.25550373096478,1.2513860614646748,12.809235479378119,12.000838315226366,0.3833630542635434
160,0.08351024172731658,0.025844496590654537,Matern32,0.024122575918418467,0.0006019231036298543,19.07353175288155,0.8830514387165344,92.86373755770562,4.4573288568623814,0.1732751049555662
161,0.08839123122638759,0.02092438542686788,Matern32,0.07860279055569336,0.0002940478689919831,99.46726762768772,20.441171258539008,7.480382304163973,8.627250010397566,0.10060456147686873
162,0.14196816326982434,0.12167857900368646,Matern32,0.0002808077902758554,0.006169326884902515,73.73227113998477,0.28663006553054393,98.18981727834465,18.749924963435838,4.643887404230283
163,0.12058054787151422,0.08806239519139095,Matern32,0.0034836449741236586,0.001908721944570902,15.82330739605965,4.952723765088984,65.67997447048975,6.040494674459842,10.362007331827614
164,0.09093688376269057,0.04397177529506729,RBF,0.062413566106595805,0.0011294671580523601,41.856099061243086,2.8882895260828905,34.44055885568631,92.20488614509377,0.5510703667139425
165,0.11660231427924853,0.05594537910167453,Matern32,0.001561014273925943,0.001025722213877378,29.706470465421976,71.36637961266831,2.7670318073131197,0.013717976939171917,1.2429496809826843
166,0.12084855573302407,0.09868228770899287,Matern32,0.00020605260969849771,0.007969356259915912,9.807470847534804,0.20037678680978752,39.96823683996261,10.790468395232736,0.6757186306991775
167,0.19735933897733843,0.16875424751379814,Matern32,0.0011260733354592916,0.004752788692261159,4.715508906083898,4.017075875846275,28.770327408997886,5.299085236862361,46.08476477070906
168,0.08783823207398597,0.040855675857909016,Matern52,0.012492752338766896,0.003342269490921693,6.489581981066852,0.43613505153543947,50.85159727657012,3.7058662500151276,0.9387157366761892
169,0.08844703219924444,0.05364512340273051,Matern32,0.005849242110690755,0.014074649889589704,23.663881156110737,41.01250131993896,8.797276870437614,7.675174181837954,1.5860714812465027
170,0.08886862989444452,0.05436223788116953,Matern32,0.016378511539562643,0.00213657059314742,47.96699695866525,9.457317364559946,68.30889372916111,31.84702956699778,5.798405199796707
171,0.09485842110692896,0.052558885926674646,RBF,0.009622964416626079,0.0004921964876189824,7.593683211039146,24.940420804755348,20.15510666561098,14.682753348233144,1.9464117550414333
172,0.1035121331378281,0.0466753277031466,Matern32,0.021928912416542927,0.04306847064415053,3.999616353711208,15.32616577559417,2.2315118113852184,1.0515623402956737,0.2580366732010939
173,0.10735853030300335,0.07756971996882511,Matern32,0.030427583031596823,0.030752462118983803,11.660600733264292,53.66083858036717,25.750350575147234,44.048547673740906,7.162396271573453
174,0.09583052406238576,0.04677572201522126,Matern32,0.001944054314740794,0.0001716437675356182,30.70209268171122,6.963162791624047,0.771445928231204,64.58227915365615,2.7840057854620226
175,0.09218041138432861,0.022600904768733325,Matern32,0.0029162543663216562,0.00021976454035889883,80.83379990526616,34.478994101034374,10.965614761620834,3.1712830008423474,0.02771351705639281
176,25.17806825181467,25.84378162160788,Matern52,0.04066416822477897,0.002746113909447745,58.940680602571724,0.022426107580105336,1.3381859493440345,84.85091957782623,0.07124371617506714
177,0.12321534636882255,0.10725638337295582,Matern32,0.0007044495277549689,0.016824799365118624,38.734230558220965,11.738514691397212,83.60375270584233,26.371707363313096,0.2047260382011057
178,7918.714911914751,8141.392547768063,RBF,0.08860346565152566,0.0003338624965049064,67.15602582038568,18.36092740036802,0.023300753535444876,2.2951488819607238,0.0516952103770882
179,0.08300129778702661,0.022323059443144656,Matern32,0.06810723577325788,0.0015729158742226182,14.356255506640398,47.16355112572273,15.73769255222502,1.818324953944293,0.17321724519820267
180,0.1013057322223199,0.04640305145391439,Matern32,0.008456527403621733,0.012163075622843966,20.928830110776797,0.6755007712899261,0.24325613620159622,13.575083789958246,0.42393794719768596
181,0.09396653246135908,0.03663216944374222,Matern52,0.10961827576849609,0.005046542327718188,2.8031810785009337,61.83949784624676,1.007883956134121,53.69967218514136,0.34143804285521157
182,0.08650291325488121,0.04244172430231205,Matern32,0.051566095289365815,0.023646663403064035,98.28175804246483,6.209542209730691,58.64536393974046,9.132275503369593,0.11841465229652852
183,0.08403160872468066,0.04562909937754504,Matern32,0.0044168994846883036,0.0037207790059611404,2.105046295870361,81.12180572644738,32.63009048493573,18.588926691057672,0.8072476176623312
184,0.08171745371640711,0.02699176295711664,Matern32,0.01800284522695099,0.001229881580865423,17.35241712296421,26.135099381555786,42.43147756329545,4.411828432130157,0.09197612719016597
185,0.08694960260686628,0.04835808785361858,RBF,0.026148568431199615,0.0078212793969837,26.991902778209948,1.5830961647574238,98.8473290949594,34.944414021952475,0.23217571101780313
186,0.11138105471907855,0.07555706651814446,Matern32,0.00044011270744307937,0.006667564741131853,45.62413511044852,0.04984995548137048,5.961985120967377,7.416637430786297,0.5045205120385511
187,0.09009667865568036,0.043319605435591046,Matern32,0.01199628971439835,0.0008609498602403691,5.302676207472186,32.02234655629481,4.592009723520564,11.102249483545041,3.778786661320092
188,0.11823421763277302,0.018680447817581998,Matern52,0.03940727078754925,0.0006521612141063767,11.588331571982156,0.13248555955776015,0.464689418501192,5.2938747947013125,0.015870951469722686
189,1.6915211154506047,3.959112495352046,Matern32,0.007043834887195324,0.0003656943544645028,34.92868387509139,0.08813107997091055,13.142478807825535,2.9163577604104938,1.4431293596491086
190,0.1011487991668883,0.06198912958332892,Matern32,0.0009606466079618226,0.001689148385668162,8.556052754298989,0.5122488015895461,73.19220687194228,41.23959481920842,0.15099873417696422
191,0.08922266180270129,0.034701536281558046,Matern32,0.08195824864590322,0.0004966829905504783,54.6014640347248,0.352839800517315,19.476236501375237,98.5919076459642,1.088367350989247
192,0.09386790165582311,0.059041181012009517,RBF,0.030909678005378,0.0024689073319116104,84.99624674905736,10.40773223244667,26.837689790903305,28.633120159897807,2.1848607576585826
193,0.22346996617849393,0.2220715054904045,Matern32,1.3721300044502623e-06,0.005684963965120882,21.695971355098514,1.1390998742405434,99.27289901998242,1.2606047304391543,0.6368829502736943
194,0.08588174197511902,0.02219020010396478,Matern32,0.10824650064083816,0.0002595473814000739,0.49805520001675707,41.02283267853504,53.63228826099306,16.031819733308293,0.11998069466935916
195,0.09429193270045816,0.04506136532837611,Matern52,0.022000985113629377,0.009036618486267555,1.3033486877695304,15.36204215234929,41.69574963635484,25.061587572906937,0.057160877846571485
196,0.09003787337634013,0.029224904713774723,Matern32,0.05707066554769859,0.002095797853749355,25.504034728613625,22.86045474217518,0.19678765745779297,22.057681868460488,0.2913165520894857
197,0.18470310593670494,0.1823959723015593,RationalQuadratic,5.081335038558683e-06,0.0009511615446717196,98.2237803511326,99.36601553001955,85.4158011153242,6.126427641269049,3.0847862963940127
198,0.1188398457550062,0.05260092515302074,Matern32,0.014295087338717113,0.03451545964834557,0.751099179061289,2.3890957527797125,0.012558835104870783,3.5757021351657174,0.37118091922350244
199,0.17922938576102734,0.17320486828948178,Matern32,0.00014202521601099392,0.021812198432324598,1.0553077292390127,4.120423259349134,33.54208759859604,9.742771391838751,0.04358609766918423
