rank,candidate_index,cation,anion,il_smiles,fw_aei_score,co2_pred,co2_std,vis_pred,vis_std,tox_pred,tox_std,pareto_within_selected_set
1,74410,C[NH+](C)C,CC1(C(=O)[O-])CCCN1,C[NH+](C)C.CC1(C(=O)[O-])CCCN1,2.3099991315213413,0.4154356510998776,0.19640167796091149,-4.503816604614258,0.9632065817549459,3.806542158126831,2.6841464743633874,True
2,75448,C[NH+]1CCCC1=O,CC1(C(=O)[O-])CCCN1,C[NH+]1CCCC1=O.CC1(C(=O)[O-])CCCN1,2.2136861504879994,0.39566007740161735,0.19006152971453594,-4.668062210083008,0.8153969398364388,3.7321536540985107,2.955389053113182,True
3,74493,C[NH+](C)C,NCC(=O)[O-],C[NH+](C)C.NCC(=O)[O-],1.5718253339899484,0.4465186537830115,0.121467946494312,-3.948488235473633,0.9773380709329906,3.6537177562713623,2.9966788982556154,True
4,64030,CCn1cc[nH+]c1,CC1(C(=O)[O-])CCCN1,CCn1cc[nH+]c1.CC1(C(=O)[O-])CCCN1,1.4433701699541113,0.40032140719473513,0.19033913925518964,-3.8619251251220703,1.140258155253293,3.905461072921753,2.3834297756431515,True
5,80984,Cc1cccc[nH+]1,CC1(C(=O)[O-])CCCN1,Cc1cccc[nH+]1.CC1(C(=O)[O-])CCCN1,1.3428623556911545,0.3989723244597737,0.18987544441377194,-3.8549060821533203,1.227650251185756,3.770958662033081,2.3908487850987163,False
6,75275,C[NH+]1C=CN=C1,CC1(C(=O)[O-])CCCN1,C[NH+]1C=CN=C1.CC1(C(=O)[O-])CCCN1,0.9249089497974838,0.360943606073383,0.19197515087430245,-3.687379837036133,1.2361775045864,3.6671340465545654,3.046272726932943,False
7,74396,C[NH+](C)C,CC(=O)CCC(=O)[O-],C[NH+](C)C.CC(=O)CCC(=O)[O-],0.7714440239936773,0.28456053892676497,0.15878436373122812,-5.037324905395508,0.9297037203359501,3.638657331466675,3.0019821930013455,True
8,64203,CCn1ccc[n+]1C,CC1(C(=O)[O-])CCCN1,CCn1ccc[n+]1C.CC1(C(=O)[O-])CCCN1,0.7212794516558502,0.4002746808111532,0.19008353040144818,-2.9753665924072266,1.4047363187901365,3.832318067550659,2.376656707361157,False
9,75531,C[NH+]1CCCC1=O,NCC(=O)[O-],C[NH+]1CCCC1=O.NCC(=O)[O-],0.6632405653578564,0.3876136152197661,0.09492811547934925,-4.247407913208008,0.8717618697955276,3.597334623336792,3.1880835204724955,False
10,65241,CN1CCC[NH+]2CCCN=C12,CC1(C(=O)[O-])CCCN1,CN1CCC[NH+]2CCCN=C12.CC1(C(=O)[O-])CCCN1,0.6495262718933714,0.391882150514022,0.1910010820964707,-2.997201919555664,1.368201092607597,3.6383960247039795,3.023023946704464,False
11,75794,C[NH3+],CC1(C(=O)[O-])CCCN1,C[NH3+].CC1(C(=O)[O-])CCCN1,0.6412930216603954,0.3963576513267039,0.18998491540155518,-2.896547317504883,1.3020982461711117,3.926281690597534,2.499635097575787,True
12,63165,CCn1cc(C)[n+](CC)c1,CC1(C(=O)[O-])CCCN1,CCn1cc(C)[n+](CC)c1.CC1(C(=O)[O-])CCCN1,0.6229083173854582,0.40029728191996006,0.1909064276206711,-2.852682113647461,1.422716499573678,3.699448347091675,2.664637349773989,False
13,74412,C[NH+](C)C,CCC(=O)[O-],C[NH+](C)C.CCC(=O)[O-],0.6214611377533742,0.28135906984936,0.1462216068336196,-5.234712600708008,0.9592123595809521,3.701695203781128,2.568229596590465,True
14,58840,CC[NH2+]CC,CC1(C(=O)[O-])CCCN1,CC[NH2+]CC.CC1(C(=O)[O-])CCCN1,0.6202955097381346,0.3972402300501365,0.19167968189925225,-2.970033645629883,1.2068491184140209,3.761936902999878,2.4902419385608177,False
15,61089,CC[n+]1cc(C)n(C)c1,CC1(C(=O)[O-])CCCN1,CC[n+]1cc(C)n(C)c1.CC1(C(=O)[O-])CCCN1,0.5825653561423612,0.39910231233990123,0.19107235716147195,-2.814767837524414,1.4499840373771988,3.5705840587615967,2.8869319935086875,False
16,60916,CC[S+]1CCCC1,CC1(C(=O)[O-])CCCN1,CC[S+]1CCCC1.CC1(C(=O)[O-])CCCN1,0.5350882656957628,0.4029231980928268,0.19022691927746732,-2.6122074127197266,1.425954228189574,3.877201795578003,2.3904674203835197,True
17,74447,C[NH+](C)C,CO[PH](=O)[O-],C[NH+](C)C.CO[PH](=O)[O-],0.5274528436938665,0.22087329409200465,0.15899634652970632,-5.256837844848633,0.8824252739410663,3.7856528759002686,2.695627299183308,True
18,74411,C[NH+](C)C,CC1=CC(=O)[N-]S(=O)(=O)O1,C[NH+](C)C.CC1=CC(=O)[N-]S(=O)(=O)O1,0.5082454012705124,0.23482781711275252,0.16729447284446772,-4.427339553833008,0.9725099629771948,3.7768752574920654,2.5578121010530097,False
19,74517,C[NH+](C)C,O=C1[N-]S(=O)(=O)c2ccccc21,C[NH+](C)C.O=C1[N-]S(=O)(=O)c2ccccc21,0.48415514256630826,0.23802418847807505,0.16449154782061037,-4.869569778442383,0.9332571021238203,3.355097532272339,2.133843588405165,False
20,75449,C[NH+]1CCCC1=O,CC1=CC(=O)[N-]S(=O)(=O)O1,C[NH+]1CCCC1=O.CC1=CC(=O)[N-]S(=O)(=O)O1,0.4577127009697605,0.2223927478165674,0.161016200576214,-4.580141067504883,0.8350324633563708,3.6901824474334717,2.8479136074657143,False
21,75434,C[NH+]1CCCC1=O,CC(=O)CCC(=O)[O-],C[NH+]1CCCC1=O.CC(=O)CCC(=O)[O-],0.4381244631999011,0.24549927518779632,0.14486610719996657,-5.280061721801758,0.7108669874834095,3.5928733348846436,3.198420796539417,True
22,64113,CCn1cc[nH+]c1,NCC(=O)[O-],CCn1cc[nH+]c1.NCC(=O)[O-],0.4324704699430995,0.39950371683738034,0.08798434547949135,-3.551607131958008,1.1577235446379335,3.7651450634002686,2.8065633212322907,False
23,63263,CCn1cc(C)[n+](CC)c1,O=C([O-])C1CCCN1,CCn1cc(C)[n+](CC)c1.O=C([O-])C1CCCN1,0.42780966973163886,0.40955153543463374,0.19434473474261613,-2.4032726287841797,1.4406091817454931,3.690300703048706,2.6522754328922606,False
24,64301,CCn1ccc[n+]1C,O=C([O-])C1CCCN1,CCn1ccc[n+]1C.O=C([O-])C1CCCN1,0.4270036664224286,0.40973540136720743,0.1936756356927567,-2.383394241333008,1.4129739438844924,3.8234755992889404,2.3596559066789387,True
25,81067,Cc1cccc[nH+]1,NCC(=O)[O-],Cc1cccc[nH+]1.NCC(=O)[O-],0.4125078314406104,0.3957623012430172,0.08938021550493258,-3.5900135040283203,1.2334212952683277,3.6334197521209717,2.8064781996755124,False
26,75485,C[NH+]1CCCC1=O,CO[PH](=O)[O-],C[NH+]1CCCC1=O.CO[PH](=O)[O-],0.4103013231380834,0.205857057545898,0.15155240822989277,-5.218080520629883,0.6767898485932389,3.707136869430542,2.9584920240652197,False
27,24242,CCCCCC[NH+](CCCCCC)CCCCCC,CCC(=O)[O-],CCCCCC[NH+](CCCCCC)CCCCCC.CCC(=O)[O-],0.40912859392673984,0.3283405237679878,0.15322008428164696,-4.070589065551758,0.8608266187875583,2.2301719188690186,2.8854022708538296,False
28,75555,C[NH+]1CCCC1=O,O=C1[N-]S(=O)(=O)c2ccccc21,C[NH+]1CCCC1=O.O=C1[N-]S(=O)(=O)c2ccccc21,0.40337130673561794,0.21974692222391629,0.15619658730065683,-4.945070266723633,0.765382222200242,3.347641706466675,2.566416004458489,False
29,24240,CCCCCC[NH+](CCCCCC)CCCCCC,CC1(C(=O)[O-])CCCN1,CCCCCC[NH+](CCCCCC)CCCCCC.CC1(C(=O)[O-])CCCN1,0.4024928063887325,0.44152887650967176,0.19925764048969655,-3.229524612426758,0.8679501041363286,1.8551642894744873,2.887858123369368,False
30,61187,CC[n+]1cc(C)n(C)c1,O=C([O-])C1CCCN1,CC[n+]1cc(C)n(C)c1.O=C([O-])C1CCCN1,0.3861931841138304,0.40815022608070334,0.19430364405679917,-2.340608596801758,1.4535388972350023,3.5650794506073,2.8775006904236657,False
31,24226,CCCCCC[NH+](CCCCCC)CCCCCC,CC(=O)CCC(=O)[O-],CCCCCC[NH+](CCCCCC)CCCCCC.CC(=O)CCC(=O)[O-],0.38123602281962,0.3177081965672998,0.16555734360789162,-3.916078567504883,0.7701084663735126,2.0700175762176514,3.105766310920987,False
32,61014,CC[S+]1CCCC1,O=C([O-])C1CCCN1,CC[S+]1CCCC1.O=C([O-])C1CCCN1,0.34383621518340995,0.4122296234076837,0.19382167069405581,-2.148355484008789,1.430472736780183,3.8727195262908936,2.3734783518165377,False
33,65339,CN1CCC[NH+]2CCCN=C12,O=C([O-])C1CCCN1,CN1CCC[NH+]2CCCN=C12.O=C([O-])C1CCCN1,0.33728953825171504,0.4009595490209637,0.1944837468556669,-2.294557571411133,1.3874950116729419,3.6356894969940186,3.0161434380195673,False
34,24323,CCCCCC[NH+](CCCCCC)CCCCCC,NCC(=O)[O-],CCCCCC[NH+](CCCCCC)CCCCCC.NCC(=O)[O-],0.3314000716396559,0.5160131799344628,0.12161873798480786,-2.773714065551758,0.89688437187801,2.004276990890503,3.1340369212416843,True
35,87039,[NH3+]CNCCO,CC1(C(=O)[O-])CCCN1,[NH3+]CNCCO.CC1(C(=O)[O-])CCCN1,0.33030379348983646,0.38920038253008,0.1898661333708052,-2.549814224243164,1.128927580424024,3.84016489982605,2.6050183137041256,False
36,64016,CCn1cc[nH+]c1,CC(=O)CCC(=O)[O-],CCn1cc[nH+]c1.CC(=O)CCC(=O)[O-],0.32082719937489756,0.24840886278694582,0.14488848346941247,-4.334413528442383,1.124972766970459,3.764691114425659,2.8177279731973277,False
37,81082,Cc1cccc[nH+]1,O=C([O-])C1CCCN1,Cc1cccc[nH+]1.O=C([O-])C1CCCN1,0.31009521121498823,0.4085131546425459,0.19355729511963848,-2.318239212036133,1.2424774311403026,3.764012098312378,2.3739489187065357,False
38,64067,CCn1cc[nH+]c1,CO[PH](=O)[O-],CCn1cc[nH+]c1.CO[PH](=O)[O-],0.3075378048376281,0.20589737743892006,0.1514931758910237,-4.40709114074707,1.103596588135437,3.879692792892456,2.388074324468778,True
39,74494,C[NH+](C)C,NCCC(=O)[O-],C[NH+](C)C.NCCC(=O)[O-],0.3050497255044982,0.2933398649154316,0.1223529356691902,-4.514406204223633,0.9648957335024441,3.601698637008667,3.055808405577267,False
40,75312,C[NH+]1C=CN=C1,CO[PH](=O)[O-],C[NH+]1C=CN=C1.CO[PH](=O)[O-],0.30345869136102593,0.21760513409335552,0.15844533599834712,-4.131349563598633,1.2148782903047968,3.643376111984253,3.0490850796087785,False
41,75261,C[NH+]1C=CN=C1,CC(=O)CCC(=O)[O-],C[NH+]1C=CN=C1.CC(=O)CCC(=O)[O-],0.3006012657627563,0.24298774630458858,0.15275340794069162,-4.082963943481445,1.227492787559437,3.5393474102020264,3.265702096129416,False
42,74544,C[NH+](C)C,O=S1(=O)N=C([O-])c2ccccc21,C[NH+](C)C.O=S1(=O)N=C([O-])c2ccccc21,0.29998634052091816,0.22719275700984748,0.1624205528530965,-4.684633255004883,0.9574748976681382,2.7162768840789795,2.2902868336111095,False
43,49152,CCC[S+]1CCCC1,CC1(C(=O)[O-])CCCN1,CCC[S+]1CCCC1.CC1(C(=O)[O-])CCCN1,0.29902516202134466,0.40352556965407854,0.19026007811965154,-2.1399402618408203,1.404379257311138,3.7813613414764404,2.39136847609827,False
44,80970,Cc1cccc[nH+]1,CC(=O)CCC(=O)[O-],Cc1cccc[nH+]1.CC(=O)CCC(=O)[O-],0.29602290032782774,0.2473121483888069,0.14476078515962323,-4.331926345825195,1.2202758041120034,3.6337859630584717,2.81667772061438,False
45,75358,C[NH+]1C=CN=C1,NCC(=O)[O-],C[NH+]1C=CN=C1.NCC(=O)[O-],0.29414398943034054,0.3104425565557833,0.1405661391118664,-3.465791702270508,1.245037097225015,3.542464017868042,3.2549932708905067,False
46,52958,CCOCC[NH+](C)C,CC1(C(=O)[O-])CCCN1,CCOCC[NH+](C)C.CC1(C(=O)[O-])CCCN1,0.2934733425669742,0.4240591468988114,0.19659673493308708,-2.306978225708008,1.1110525208496238,4.020968437194824,2.5990039054427356,True
47,64031,CCn1cc[nH+]c1,CC1=CC(=O)[N-]S(=O)(=O)O1,CCn1cc[nH+]c1.CC1=CC(=O)[N-]S(=O)(=O)O1,0.29174120154285194,0.22309071385869322,0.16134304311096914,-3.7725391387939453,1.1455012042415156,3.912194013595581,2.1111076868040635,True
48,1231,C=CC[NH+](C)C,CC1(C(=O)[O-])CCCN1,C=CC[NH+](C)C.CC1(C(=O)[O-])CCCN1,0.2911662799240258,0.4027771359015605,0.19574203473366103,-2.367555618286133,1.1813290019587412,3.7234275341033936,2.707475986250938,False
49,48716,CCC[NH+](C)CCC,NCC(=O)[O-],CCC[NH+](C)CCC.NCC(=O)[O-],0.29092442005907837,0.5995151858892439,0.12455517221399576,-1.8609027862548828,1.159044754414952,3.4412314891815186,2.9037578110706828,True
50,86174,OCC[NH2+]c1ccccc1,CC1(C(=O)[O-])CCCN1,OCC[NH2+]c1ccccc1.CC1(C(=O)[O-])CCCN1,0.2881207032995908,0.37933138289595636,0.1934932133077942,-2.7321720123291016,0.9289162586337084,3.698296308517456,2.4779497467068596,False
51,75582,C[NH+]1CCCC1=O,O=S1(=O)N=C([O-])c2ccccc21,C[NH+]1CCCC1=O.O=S1(=O)N=C([O-])c2ccccc21,0.2879052818660296,0.21398274087611474,0.1558169688356515,-4.794893264770508,0.8123521303455234,2.7437198162078857,2.6817304203033117,False
52,81021,Cc1cccc[nH+]1,CO[PH](=O)[O-],Cc1cccc[nH+]1.CO[PH](=O)[O-],0.2864756217627455,0.20575780494775875,0.15143047330308204,-4.431413650512695,1.2076777236180314,3.7379653453826904,2.395202542622299,False
53,80985,Cc1cccc[nH+]1,CC1=CC(=O)[N-]S(=O)(=O)O1,Cc1cccc[nH+]1.CC1=CC(=O)[N-]S(=O)(=O)O1,0.27976450602292485,0.22298534987239768,0.16129859237794247,-3.7641773223876953,1.2300101742672556,3.835564374923706,2.0448758212116513,False
54,75276,C[NH+]1C=CN=C1,CC1=CC(=O)[N-]S(=O)(=O)O1,C[NH+]1C=CN=C1.CC1=CC(=O)[N-]S(=O)(=O)O1,0.27935110536645547,0.2341011115177414,0.167841369607135,-3.5989856719970703,1.2385576583475848,3.624554395675659,2.970422695148622,False
55,36768,CCCC[N+]1C=CC=C(C(=O)[O-])C1,N#C[C-](C#N)C#N,CCCC[N+]1C=CC=C(C(=O)[O-])C1.N#C[C-](C#N)C#N,0.27830061375582815,0.26092045819157966,0.1902859590380562,-3.187562942504883,1.0946970517947556,3.5637176036834717,2.7069057418990643,False
56,36788,CCCC[N+]1C=CC=C(C(=O)[O-])C1,O=C(O[B-](F)(F)OC(=O)C(F)(F)F)C(F)(F)F,CCCC[N+]1C=CC=C(C(=O)[O-])C1.O=C(O[B-](F)(F)OC(=O)C(F)(F)F)C(F)(F)F,0.2729687683121393,0.2634955478174361,0.19151089228987236,-3.0963916778564453,1.1930036998093463,3.530747175216675,3.0294160309112854,False
57,59705,CC[P+](CC)(CC)CSC,CC1(C(=O)[O-])CCCN1,CC[P+](CC)(CC)CSC.CC1(C(=O)[O-])CCCN1,0.2650080949628295,0.4092388547926298,0.19069812393734717,-2.197023391723633,1.3313117447266187,3.435124158859253,2.6461840019230882,False
58,48635,CCC[NH+](C)CCC,CCC(=O)[O-],CCC[NH+](C)CCC.CCC(=O)[O-],0.2623882891709283,0.39486012573743273,0.16053502794917185,-2.5211353302001953,1.1484433128573128,3.524775266647339,2.373346455819931,False
59,1404,C=CC[NH+](C)CC=C,CC1(C(=O)[O-])CCCN1,C=CC[NH+](C)CC=C.CC1(C(=O)[O-])CCCN1,0.2602178628117571,0.39046214326331846,0.20128416941948962,-2.2504444122314453,1.2636576302387332,3.6620795726776123,2.873252835337316,False
60,48460,CCC[NH+](C)C,CC1(C(=O)[O-])CCCN1,CCC[NH+](C)C.CC1(C(=O)[O-])CCCN1,0.2519307242932395,0.4278079342292131,0.1959923295625603,-2.251283645629883,1.1427844260702404,3.6215178966522217,2.607428641435509,False
61,65324,CN1CCC[NH+]2CCCN=C12,NCC(=O)[O-],CN1CCC[NH+]2CCCN=C12.NCC(=O)[O-],0.24873274796793124,0.3797994783655545,0.10770061226190762,-2.868013381958008,1.3738504719808038,3.5161101818084717,3.2384046432122577,False
62,58923,CC[NH2+]CC,NCC(=O)[O-],CC[NH2+]CC.NCC(=O)[O-],0.24723015039502697,0.39250391590000866,0.1063058490608995,-2.787782669067383,1.2135911475750782,3.6204612255096436,2.8563246168411007,False
63,75382,C[NH+]1C=CN=C1,O=C1[N-]S(=O)(=O)c2ccccc21,C[NH+]1C=CN=C1.O=C1[N-]S(=O)(=O)c2ccccc21,0.24372282120672276,0.22631842269259525,0.16053177617333086,-3.8350391387939453,1.228837545696989,3.307915449142456,2.735134433462112,False
64,64286,CCn1ccc[n+]1C,NCC(=O)[O-],CCn1ccc[n+]1C.NCC(=O)[O-],0.24364456805182036,0.3993737154486695,0.08676954164868482,-2.875917434692383,1.4068152245423093,3.6941001415252686,2.8017921911013848,False
65,53041,CCOCC[NH+](C)C,NCC(=O)[O-],CCOCC[NH+](C)C.NCC(=O)[O-],0.24362923826010877,0.4699428373768992,0.11634059369098047,-2.147310256958008,1.1203747613649753,3.822624921798706,3.0231250532496086,True
66,74848,C[NH+](CCO)CCO,O=C(O[B-](F)(F)OC(=O)C(F)(F)F)C(F)(F)F,C[NH+](CCO)CCO.O=C(O[B-](F)(F)OC(=O)C(F)(F)F)C(F)(F)F,0.24024347555912032,0.4459659789606754,0.13148370989639402,-2.0574817657470703,1.3027693759499979,3.5643508434295654,3.067778883912368,False
67,75373,C[NH+]1C=CN=C1,O=C([O-])C1CCCN1,C[NH+]1C=CN=C1.O=C([O-])C1CCCN1,0.24007711696748585,0.3690667736748768,0.19532976931606139,-2.303804397583008,1.256774806008329,3.664759397506714,3.0395719204209697,False
68,63248,CCn1cc(C)[n+](CC)c1,NCC(=O)[O-],CCn1cc(C)[n+](CC)c1.NCC(=O)[O-],0.24006955260351487,0.39857541788361855,0.09279727788122015,-2.756052017211914,1.4276457836046776,3.5871589183807373,2.990478984014602,False
69,48543,CCC[NH+](C)C,NCC(=O)[O-],CCC[NH+](C)C.NCC(=O)[O-],0.23722118889674676,0.47932835550062,0.10993390762148064,-2.111085891723633,1.1547495411064457,3.4977214336395264,2.9493458297331387,True
70,61172,CC[n+]1cc(C)n(C)c1,NCC(=O)[O-],CC[n+]1cc(C)n(C)c1.NCC(=O)[O-],0.23199369413233029,0.39565473283507036,0.09662540371300554,-2.715677261352539,1.4509024081073,3.465845823287964,3.142852145352044,False
71,58231,CC[NH+](C)CC,NCC(=O)[O-],CC[NH+](C)CC.NCC(=O)[O-],0.22573914662764086,0.4959816388246777,0.10966891607804198,-1.9882831573486328,1.1511119918858739,3.597325086593628,2.862566391620559,True
72,36716,CCCC[N+]1C=CC=C(C(=O)[O-])C1,CCCCCCCCP(=O)([O-])[O-],CCCC[N+]1C=CC=C(C(=O)[O-])C1.CCCCCCCCP(=O)([O-])[O-],0.2251384144822897,0.26445978351849303,0.19197239816747494,-3.121553421020508,0.9761508226509694,3.1325557231903076,3.655175597307982,False
73,58148,CC[NH+](C)CC,CC1(C(=O)[O-])CCCN1,CC[NH+](C)CC.CC1(C(=O)[O-])CCCN1,0.22141989763287126,0.43396580541691065,0.19670235090534746,-2.1302967071533203,1.1403100611001233,3.7355964183807373,2.482029893662824,False
74,74828,C[NH+](CCO)CCO,N#C[C-](C#N)C#N,C[NH+](CCO)CCO.N#C[C-](C#N)C#N,0.22068116888391054,0.4544505853628026,0.11963859707147241,-2.0235462188720703,1.2603429136950461,3.627617597579956,2.7738091018383297,False
75,75450,C[NH+]1CCCC1=O,CCC(=O)[O-],C[NH+]1CCCC1=O.CCC(=O)[O-],0.21484930016180442,0.22785258860594837,0.1280964773670245,-5.755037307739258,0.6854897934496731,3.641075849533081,2.866932039028175,True
76,74527,C[NH+](C)C,O=S(=O)([C-](S(=O)(=O)C(F)(F)F)S(=O)(=O)C(F)(F)F)C(F)(F)F,C[NH+](C)C.O=S(=O)([C-](S(=O)(=O)C(F)(F)F)S(=O)(=O)C(F)(F)F)C(F)(F)F,0.21185156704528355,0.2272726215892415,0.13251526836127928,-4.908723831176758,0.9895391789005284,3.567742109298706,2.7252375053005253,False
77,64137,CCn1cc[nH+]c1,O=C1[N-]S(=O)(=O)c2ccccc21,CCn1cc[nH+]c1.O=C1[N-]S(=O)(=O)c2ccccc21,0.2117264133638521,0.2206022202222256,0.1565019686543328,-4.069398880004883,1.1280012892418116,3.3576133251190186,1.2408562970689176,False
78,60999,CC[S+]1CCCC1,NCC(=O)[O-],CC[S+]1CCCC1.NCC(=O)[O-],0.2101823113741782,0.4069953387544241,0.08765071059861453,-2.535402297973633,1.4270756946368566,3.716992139816284,2.807520378765764,False
79,36759,CCCC[N+]1C=CC=C(C(=O)[O-])C1,N#CC(C#N)C#N,CCCC[N+]1C=CC=C(C(=O)[O-])C1.N#CC(C#N)C#N,0.20974594997620633,0.26129388333276127,0.19046507780007454,-3.056764602661133,0.9149328473468784,3.5949409008026123,2.7879272201977634,False
80,75892,C[NH3+],O=C([O-])C1CCCN1,C[NH3+].O=C([O-])C1CCCN1,0.20823674561538633,0.4056808741218539,0.19335870476269681,-1.9232654571533203,1.3117900472307338,3.92341685295105,2.4855890726395025,False
81,16111,CCCCCCCC[NH+](CCCCCCCC)CCCCCCCC,CCC(=O)[O-],CCCCCCCC[NH+](CCCCCCCC)CCCCCCCC.CCC(=O)[O-],0.2063700165760995,0.3324357822985192,0.1538928259620792,-3.680391311645508,0.8620506249318386,1.4032771587371826,2.919755462701474,False
82,36760,CCCC[N+]1C=CC=C(C(=O)[O-])C1,N#CN=C=[N-],CCCC[N+]1C=CC=C(C(=O)[O-])C1.N#CN=C=[N-],0.20588211311405002,0.260100216218039,0.18989367345841635,-3.131074905395508,0.7959966493636687,3.6484572887420654,2.4765910920138263,False
83,74406,C[NH+](C)C,CC(N)C(=O)[O-],C[NH+](C)C.CC(N)C(=O)[O-],0.20581961791681233,0.2929627572300971,0.11529706766445943,-4.145509719848633,0.931875139386111,3.7286689281463623,3.097996735109957,False
84,74746,C[NH+](CCO)CCO,CC(=O)[O-],C[NH+](CCO)CCO.CC(=O)[O-],0.20044166569590632,0.5396647791177923,0.12180251205493645,-1.6747760772705078,1.179924442167482,3.866741895675659,1.7619404790699595,True
85,48633,CCC[NH+](C)CCC,CC1(C(=O)[O-])CCCN1,CCC[NH+](C)CCC.CC1(C(=O)[O-])CCCN1,0.1977354408312466,0.4705144185798242,0.20328031133750624,-1.9845905303955078,1.1495340004364747,3.5484397411346436,2.547580644643206,False
86,75877,C[NH3+],NCC(=O)[O-],C[NH3+].NCC(=O)[O-],0.19675103459172558,0.3884458290602966,0.09287278656703116,-2.767274856567383,1.3061510660040478,3.755436658859253,2.873038410560696,False
87,74820,C[NH+](CCO)CCO,N#CN=C=[N-],C[NH+](CCO)CCO.N#CN=C=[N-],0.19466108899756618,0.4547323104433127,0.11663994166040258,-2.0096912384033203,1.194760113903404,3.756695508956909,2.5697216525911233,False
88,36807,CCCC[N+]1C=CC=C(C(=O)[O-])C1,O=S(=O)(F)NS(=O)(=O)F,CCCC[N+]1C=CC=C(C(=O)[O-])C1.O=S(=O)(F)NS(=O)(=O)F,0.19369724506461758,0.26610255974201913,0.19274480141090594,-2.883516311645508,1.0206416138174537,3.6492507457733154,2.3822979480931368,False
89,2788,C=Cn1cc[n+](CC(CBr)N=[N+]=[N-])c1,CC1(C(=O)[O-])CCCN1,C=Cn1cc[n+](CC(CBr)N=[N+]=[N-])c1.CC1(C(=O)[O-])CCCN1,0.19308430817799174,0.38806427255839104,0.1911153888135121,-2.3118152618408203,1.07518128707289,3.6606605052948,2.75206367048641,False
90,48623,CCC[NH+](C)CCC,CC(=O)[O-],CCC[NH+](C)CCC.CC(=O)[O-],0.19282757842604306,0.3982949197191835,0.1140368285854628,-2.548585891723633,1.1128139117263285,3.694279432296753,1.6474352497117444,False
91,64128,CCn1cc[nH+]c1,O=C([O-])C1CCCN1,CCn1cc[nH+]c1.O=C([O-])C1CCCN1,0.1927134909750396,0.40971283518830465,0.1939222249217227,-2.0762500762939453,1.154206093253599,3.89473032951355,2.366828110610439,False
92,36758,CCCC[N+]1C=CC=C(C(=O)[O-])C1,N#CC(=C=[N-])C#N,CCCC[N+]1C=CC=C(C(=O)[O-])C1.N#CC(=C=[N-])C#N,0.19052171373168217,0.26044513298027405,0.19005750243094655,-3.081697463989258,0.8102746713254946,3.598839521408081,2.6418065243671274,False
93,24324,CCCCCC[NH+](CCCCCC)CCCCCC,NCCC(=O)[O-],CCCCCC[NH+](CCCCCC)CCCCCC.NCCC(=O)[O-],0.18991977424036502,0.3597187446931683,0.12559761986882054,-3.372529983520508,0.8507344130557504,2.0275542736053467,3.160901560557859,False
94,75409,C[NH+]1C=CN=C1,O=S1(=O)N=C([O-])c2ccccc21,C[NH+]1C=CN=C1.O=S1(=O)N=C([O-])c2ccccc21,0.18943859726380685,0.22642289113473157,0.16316933750009868,-3.709779739379883,1.2356833754909555,2.746384382247925,2.8430496862620407,False
95,81091,Cc1cccc[nH+]1,O=C1[N-]S(=O)(=O)c2ccccc21,Cc1cccc[nH+]1.O=C1[N-]S(=O)(=O)c2ccccc21,0.18821042629026027,0.22015868698933636,0.15630051571078238,-4.04045295715332,1.2205706471082345,3.303105115890503,1.1627428908556228,False
96,74811,C[NH+](CCO)CCO,F[B-](F)(F)C(F)(F)C(F)(F)F,C[NH+](CCO)CCO.F[B-](F)(F)C(F)(F)C(F)(F)F,0.1855492088409057,0.4565102147137275,0.1171457550129462,-1.8143024444580078,1.3444546914345055,3.5587661266326904,2.451637837776201,False
97,75277,C[NH+]1C=CN=C1,CCC(=O)[O-],C[NH+]1C=CN=C1.CCC(=O)[O-],0.18359476538275538,0.2257993040467793,0.14036190906783189,-4.042329788208008,1.2348729831228458,3.5863959789276123,2.984936246973884,False
98,1314,C=CC[NH+](C)C,NCC(=O)[O-],C=CC[NH+](C)C.NCC(=O)[O-],0.1817714277837398,0.41245958324395926,0.12673629809135037,-2.2336902618408203,1.1897764972157696,3.5827338695526123,3.013450985302451,False
99,49250,CCC[S+]1CCCC1,O=C([O-])C1CCCN1,CCC[S+]1CCCC1.O=C([O-])C1CCCN1,0.18126080017164337,0.41286998247386153,0.19388236175860218,-1.7038440704345703,1.4102213836590551,3.776013135910034,2.3743624584391934,False
100,1487,C=CC[NH+](C)CC=C,NCC(=O)[O-],C=CC[NH+](C)CC=C.NCC(=O)[O-],0.1793875223339307,0.3854436197676502,0.15913224021743125,-2.154451370239258,1.2698908369952597,3.532646894454956,3.128263676605777,False
