smiles,family,tsne_1,tsne_2,type
C1CC[NH2+]C1,pyrrolidinium,-22.684847,-18.925364,cation
C1CC[NH2+]CC1,piperidinium,-22.862156,-19.377943,cation
C=C([NH3+])[NH2+]CC(CC)CCCC,ammonium,-0.048190374,-6.803122,cation
C=C([NH3+])[NH2+]CCCCCC,ammonium,0.5571379,-5.47723,cation
C=C([NH3+])[NH2+]CCCCCCCC,ammonium,1.9359797,-4.990155,cation
C=CCN1C=C[NH+](CCC#N)C1,ammonium,-11.0767355,0.8047429,cation
C=CC[N+](C)(C)CC,ammonium,-3.3984842,-15.542092,cation
C=CC[NH+](C)C,ammonium,-12.00939,-10.047812,cation
C=CC[NH+](C)CC=C,ammonium,-12.845749,-9.65929,cation
C=CC[NH+](CC)CC,ammonium,-7.5946074,-11.4566555,cation
C=CC[NH+]1C=CN(C)C1,ammonium,-10.015434,0.5576276,cation
C=CC[n+]1cc[nH]c1,imidazolium,-7.227186,9.877867,cation
C=CC[n+]1ccn(C)c1,imidazolium,-5.9049454,11.380218,cation
C=CC[n+]1ccn(CCC#N)c1,imidazolium,2.5929575,10.248933,cation
C=CCn1cc[n+](C)c1,imidazolium,-9.404409,11.559564,cation
C=CCn1cc[n+](CCOC)c1,imidazolium,-1.8053693,10.221014,cation
C=Cn1cc[n+](CC(CBr)N=[N+]=[N-])c1,imidazolium,-6.701442,10.663271,cation
C=Cn1cc[n+](CC(N)=O)c1,imidazolium,-7.0300684,10.439381,cation
CC(=O)CCn1cc[n+](C)c1,imidazolium,-11.650233,13.8857,cation
CC(=O)OCC[N+](C)(C)C,ammonium,-2.1907005,-17.333471,cation
CC(=O)OCC[N+]1(C)CCCC1,pyrrolidinium,-29.409653,-24.838629,cation
CC(=O)[NH+](C)C,ammonium,-11.447583,-11.545954,cation
CC(C(O)c1ccccc1)[N+](C)(C)C,ammonium,5.616698,23.414408,cation
CC(C)=Cn1cc[n+](C)c1,imidazolium,-10.141848,10.222538,cation
CC(C)CCCCn1cc[n+](C)c1,imidazolium,-14.11649,13.8265505,cation
CC(C)CCCn1cc[n+](C)c1,imidazolium,-13.783855,13.304322,cation
CC(C)CCn1c[n+](CCCCS(=O)(=O)O)cn1,ammonium,6.683422,7.723445,cation
CC(C)CCn1cc[n+](C)c1,imidazolium,-13.295498,12.532043,cation
CC(C)C[N+]1(C)CCCC1,pyrrolidinium,-27.966148,-22.945103,cation
CC(C)C[N+]1(C)CCCCC1,piperidinium,-27.515352,-22.772661,cation
CC(C)C[NH3+],ammonium,-11.737288,-6.7415304,cation
CC(C)C[P+](C)(CC(C)C)CC(C)C,phosphonium,-13.376075,-5.7033386,cation
CC(C)Cn1cc[n+](C)c1,imidazolium,-12.693657,11.816286,cation
CC(C)[n+]1ccn(C)c1,imidazolium,-9.747864,8.922044,cation
CC(O)C[NH3+],ammonium,-10.40828,-6.6668253,cation
CCC(=O)[NH+](C)C,ammonium,-10.7205515,-11.482721,cation
CCC(C)C[NH3+],ammonium,-9.114088,-8.844464,cation
CCC=C[P+](CC)(CC)CC,phosphonium,4.0699344,-21.485723,cation
CCC=Cn1cc[n+](C)c1C,imidazolium,-5.2312903,4.7918625,cation
CCCC(CC)[N+](C)(C)C(=N)N(C)C,ammonium,-2.0992112,-12.114021,cation
CCCCC(CC)[NH2+]CCN,ammonium,0.14462091,-6.791828,cation
CCCCC(CCC)[N+](C)(C)C(=N)N(C)C,ammonium,-1.7238628,-11.837221,cation
CCCCCCCCC=CCCCCCCCC1=[N+](CC)CCN1CCO,ammonium,20.16751,-2.8831377,cation
CCCCCCCCCCCCCCCCCCn1cc[n+](C)c1,imidazolium,22.688358,-1.2575753,cation
CCCCCCCCCCCCCCCC[N+](C)(C)Cc1ccccc1,ammonium,21.97009,0.36468142,cation
CCCCCCCCCCCCCCCC[n+]1ccn(C)c1,imidazolium,21.77627,-1.1134536,cation
CCCCCCCCCCCCCCCCn1cc[n+](C)c1,imidazolium,21.26712,-0.9703228,cation
CCCCCCCCCCCCCC[N+](C)(C)Cc1ccccc1,ammonium,21.383467,1.0563663,cation
CCCCCCCCCCCCCC[N+](C)(CCOCCOCCOCCOCCOCCO)CCOCCOCCOCCOCCOCCO,ammonium,23.989632,-7.3180275,cation
CCCCCCCCCCCCCC[N+](CC)(CC)CC,ammonium,19.571318,-3.8430085,cation
CCCCCCCCCCCCCC[P+](CCCC)(CCCC)CCCC,phosphonium,23.831818,-4.69376,cation
CCCCCCCCCCCCCC[P+](CCCCCC)(CCCCCC)CCCCCC,phosphonium,25.219734,-3.9497588,cation
CCCCCCCCCCCCCCn1cc[n+](C)c1,imidazolium,20.12544,-0.59459114,cation
CCCCCCCCCCCCC[N+](C)(CCOCCO)CCOCCOCCO,ammonium,23.348864,-6.6644063,cation
CCCCCCCCCCCCOC(=O)C[N+](C)(C)C,ammonium,17.897322,-1.7976704,cation
CCCCCCCCCCCC[N+](C)(C)Cc1ccccc1,ammonium,20.851114,2.0068042,cation
CCCCCCCCCCCC[N+](CC)(CC)CC,ammonium,18.707882,-4.00128,cation
CCCCCCCCCCCC[P+](CCCC)(CCCC)CCCC,phosphonium,23.35715,-5.126902,cation
CCCCCCCCCCCC[n+]1ccccc1,pyridinium,18.729807,3.432981,cation
CCCCCCCCCCCCn1cc[n+](C)c1,imidazolium,17.59179,0.17688647,cation
CCCCCCCCCCCCn1cc[n+](CCCCCCCCCCCC)c1,imidazolium,23.719175,-2.124964,cation
CCCCCCCCCCCOC[n+]1cccc(O)c1,pyridinium,18.329245,2.2220693,cation
CCCCCCCCCCCn1cc[n+](C)c1,imidazolium,16.463913,0.49064034,cation
CCCCCCCCCCN1CCC[N+]2=C1CCCCC2,ammonium,-22.57858,-33.765453,cation
CCCCCCCCCC[N+](C)(C)Cc1ccccc1,ammonium,20.7059,2.5261858,cation
CCCCCCCCCC[N+](CC)(CC)CC,ammonium,17.830938,-4.4273047,cation
CCCCCCCCCC[N+]1(C)CCCCC1,piperidinium,-22.604137,-32.835197,cation
CCCCCCCCCC[P+](CC)(CC)CC,phosphonium,15.445463,-7.136567,cation
CCCCCCCCCC[n+]1ccccc1,pyridinium,18.453402,4.1062527,cation
CCCCCCCCCC[n+]1ccn(C)c1,imidazolium,15.229369,4.393359,cation
CCCCCCCCCC[n+]1ccn(Cc2ccc(C)cc2)c1,imidazolium,18.786627,15.643353,cation
CCCCCCCCCCn1cc[n+](C)c1,imidazolium,15.218502,0.9097337,cation
CCCCCCCCCCn1cc[n+](CC)c1,imidazolium,16.041739,1.6272087,cation
CCCCCCCCCCn1cc[n+](CCC#N)c1,imidazolium,16.292421,2.2907107,cation
CCCCCCCCCCn1cc[n+](CCCCCCCCCC)c1,imidazolium,22.05713,-2.01273,cation
CCCCCCCCCCn1cc[n+](CCCCCCCCCC)c1C,imidazolium,22.076801,-2.5924878,cation
CCCCCCCCC[N+]1(C)CCCCC1,piperidinium,-22.970327,-32.411972,cation
CCCCCCCCC[N+]1(C)CCOCC1,piperidinium,-20.072084,-30.71636,cation
CCCCCCCCC[P+](CC)(CC)CC,phosphonium,15.116522,-7.433297,cation
CCCCCCCCC[n+]1ccn(C)c1,imidazolium,14.3281355,4.949871,cation
CCCCCCCCCn1cc[n+](C)c1,imidazolium,14.046419,1.3177968,cation
CCCCCCCCCn1cc[n+](CCCCCCCCC)c1,imidazolium,20.817957,-1.8295127,cation
CCCCCCCCN1C=C[NH+](C)C1,ammonium,3.278813,-0.8525665,cation
CCCCCCCC[N+](C)(C)C,ammonium,3.5226028,-11.118962,cation
CCCCCCCC[N+](C)(CCCCCCCC)C(C)CCCCCC,ammonium,21.885311,-4.2836494,cation
CCCCCCCC[N+](C)(CCCCCCCC)C(CC)CCCCC,ammonium,21.70208,-4.7607656,cation
CCCCCCCC[N+](C)(CCCCCCCC)C(CCC)CCCC,ammonium,21.340975,-4.835576,cation
CCCCCCCC[N+](C)(CCCCCCCC)CCCCCCCC,ammonium,22.691376,-4.0712233,cation
CCCCCCCC[N+](CC)(CC)CC,ammonium,9.309789,-14.535294,cation
CCCCCCCC[N+](CCCCCCCC)(CCCCCCCC)CCCCCCCC,ammonium,24.924349,-2.9935968,cation
CCCCCCCC[N+]1(C)CCCC1,pyrrolidinium,-22.996864,-31.432749,cation
CCCCCCCC[N+]1(C)CCCCC1,piperidinium,-23.503368,-31.810936,cation
CCCCCCCC[N+]1(C)CCOCC1,piperidinium,-19.967108,-30.248072,cation
CCCCCCCC[NH+](CCCCCCCC)CCCCCCCC,ammonium,23.190077,-3.4035885,cation
CCCCCCCC[NH+]1C=CN(C)C1C,ammonium,4.0105658,-1.6911637,cation
CCCCCCCC[P+](CC)(CC)CC,phosphonium,14.74238,-7.7873697,cation
CCCCCCCC[P+](CCCC)(CCCC)CCCC,phosphonium,19.34845,-7.8121715,cation
CCCCCCCC[P+](CCCCCCCC)(CCCCCCCC)CCCCCCCC,phosphonium,25.219734,-3.9497588,cation
CCCCCCCC[S+]=C(N(C)C)N(C)C,sulfonium,0.3908668,-9.654125,cation
CCCCCCCC[n+]1cc(C)cc(C)c1,pyridinium,11.859268,9.115195,cation
CCCCCCCC[n+]1ccc(C)cc1,pyridinium,11.4684515,10.925808,cation
CCCCCCCC[n+]1ccc(N(C)C)cc1,pyridinium,10.689778,10.920114,cation
CCCCCCCC[n+]1ccc2ccccc2c1,pyridinium,14.369603,19.659197,cation
CCCCCCCC[n+]1cccc(C#N)c1,pyridinium,12.8475,11.196477,cation
CCCCCCCC[n+]1cccc(C)c1,pyridinium,12.651345,10.61323,cation
CCCCCCCC[n+]1cccc(C)c1C,pyridinium,13.029914,9.724205,cation
CCCCCCCC[n+]1cccc2ccccc21,pyridinium,14.277115,19.713333,cation
CCCCCCCC[n+]1ccccc1,pyridinium,14.965593,12.736714,cation
CCCCCCCC[n+]1ccn(C)c1,imidazolium,13.11407,5.5387115,cation
CCCCCCCC[n+]1ccn(CC)c1,imidazolium,13.282324,4.253774,cation
CCCCCCCC[n+]1ccn(Cc2ccc(C)cc2)c1,imidazolium,18.741127,16.164518,cation
CCCCCCCCc1cccc[n+]1CC,pyridinium,12.769339,16.164785,cation
CCCCCCCCn1cc[n+](C)c1,imidazolium,12.42892,1.5741787,cation
CCCCCCCCn1cc[n+](CCC#N)c1,imidazolium,13.778893,3.0015352,cation
CCCCCCCCn1cc[n+](CCCCCCCC)c1,imidazolium,19.251326,-0.9918429,cation
CCCCCCCOC[n+]1cccc(O)c1,pyridinium,12.255646,13.587147,cation
CCCCCCC[N+](C)(C)CC,ammonium,3.5870204,-11.572232,cation
CCCCCCC[N+](CC)(CC)CC,ammonium,8.839084,-14.863763,cation
CCCCCCC[N+]1(C)CCCC1,pyrrolidinium,-23.372353,-30.538841,cation
CCCCCCC[N+]1(C)CCCCC1,piperidinium,-23.96248,-30.935692,cation
CCCCCCC[N+]1(C)CCOCC1,piperidinium,-19.738625,-29.544058,cation
CCCCCCC[NH+]1C=CN(C)C1,ammonium,3.1995697,-2.1178226,cation
CCCCCCC[P+](CC)(CC)CC,phosphonium,14.38996,-8.1325445,cation
CCCCCCC[n+]1ccccc1,pyridinium,14.918245,13.278633,cation
CCCCCCC[n+]1ccn(C)c1,imidazolium,11.896888,5.9902787,cation
CCCCCCCc1cccc[n+]1CC,pyridinium,12.422751,16.483557,cation
CCCCCCCn1c(C)cc(C)[n+]1-c1ccccc1,imidazolium,16.289963,23.513948,cation
CCCCCCCn1cc[n+](C)c1,imidazolium,11.227211,1.7054129,cation
CCCCCCCn1cc[n+](CCCCCCC)c1,imidazolium,17.10203,1.4315896,cation
CCCCCCN1C=C[NH+](C)C1,ammonium,1.8869158,-1.0195695,cation
CCCCCCOC(=O)C[N+](C)(C)C,ammonium,2.4866257,-11.802023,cation
CCCCCCOC[n+]1cccc(O)c1,pyridinium,12.038166,13.789551,cation
CCCCCC[N+](C)(C)C,ammonium,2.5112402,-12.504673,cation
CCCCCC[N+](CC)(CC)CC,ammonium,8.227818,-15.273983,cation
CCCCCC[N+](CCCCCC)(CCCCCC)CCCCCC,ammonium,21.825853,-5.5824785,cation
CCCCCC[N+]1(C)CCCC1,pyrrolidinium,-24.072292,-29.552921,cation
CCCCCC[N+]1(C)CCCCC1,piperidinium,-24.615088,-29.939264,cation
CCCCCC[N+]1(C)CCOCC1,piperidinium,-19.396406,-28.581808,cation
CCCCCC[N+]1(CCCC)CCCC1,pyrrolidinium,-22.212818,-31.121822,cation
CCCCCC[N+]1(CCCCCC)CCCC1,pyrrolidinium,-21.809864,-31.98204,cation
CCCCCC[NH+](CCCCCC)CCCCCC,ammonium,19.354027,-5.9031086,cation
CCCCCC[NH+]1C=CN(C)C1,ammonium,2.7711282,-2.199089,cation
CCCCCC[NH2+]CCN,ammonium,1.2295399,-5.388709,cation
CCCCCC[P+](CCCCCC)(CCCCCC)CC(C)C,phosphonium,19.588995,-7.2249355,cation
CCCCCC[S+]=C(N(C)C)N(C)C,sulfonium,0.17562552,-9.8077345,cation
CCCCCC[n+]1cc(C)cc(C)c1,pyridinium,10.493783,9.082171,cation
CCCCCC[n+]1cc(C)cc(C)c1C,pyridinium,8.487309,-1.6516917,cation
CCCCCC[n+]1cc(C)cc(C)c1CC,pyridinium,8.705525,-2.170489,cation
CCCCCC[n+]1cc(C)cc(C)c1CCCCC,pyridinium,9.649654,-3.1235735,cation
CCCCCC[n+]1cc(CC)cc(CC)c1CCC,pyridinium,9.3565235,-3.6388779,cation
CCCCCC[n+]1ccc(C#N)cc1,pyridinium,8.987477,12.95416,cation
CCCCCC[n+]1ccc(C)cc1,pyridinium,8.981089,12.393484,cation
CCCCCC[n+]1ccc(N(C)C)c(C)c1,pyridinium,9.039495,10.826619,cation
CCCCCC[n+]1ccc(N(C)C)cc1,pyridinium,8.90647,11.517312,cation
CCCCCC[n+]1ccc(N2CCC(C)CC2)cc1,pyridinium,7.8345184,12.330035,cation
CCCCCC[n+]1ccc2ccccc2c1,pyridinium,13.680893,20.83463,cation
CCCCCC[n+]1cccc(C#N)c1,pyridinium,10.340012,13.110747,cation
CCCCCC[n+]1cccc(C)c1,pyridinium,10.492791,12.614469,cation
CCCCCC[n+]1cccc2ccccc21,pyridinium,13.565793,20.893688,cation
CCCCCC[n+]1ccccc1,pyridinium,14.9042015,13.954924,cation
CCCCCC[n+]1ccn(C)c1,imidazolium,11.031365,6.4463954,cation
CCCCCC[n+]1ccn(C)c1C,imidazolium,0.7288969,2.9335783,cation
CCCCCC[n+]1ccn(CC)c1,imidazolium,8.998804,5.0897274,cation
CCCCCC[n+]1ccn(CCC#N)c1,imidazolium,10.3250885,4.545919,cation
CCCCCC[n+]1ccn(Cc2ccc(C)cc2)c1,imidazolium,18.755527,17.276056,cation
CCCCCCc1cccc[n+]1CC,pyridinium,11.776523,17.10495,cation
CCCCCCn1c(C)cc(C)[n+]1-c1ccccc1,imidazolium,16.01838,23.734217,cation
CCCCCCn1c[n+](CCCCS(=O)(=O)O)cn1,ammonium,7.9447675,7.16922,cation
CCCCCCn1cc[n+](C)c1,imidazolium,10.231282,1.8302933,cation
CCCCCCn1cc[n+](C)c1C,imidazolium,-0.6237485,2.9923072,cation
CCCCCCn1cc[n+](CC)c1,imidazolium,8.521241,3.5007915,cation
CCCCCCn1cc[n+](CCC#N)c1,imidazolium,10.391128,4.300241,cation
CCCCCCn1cc[n+](CCCCCC)c1,imidazolium,14.723464,3.0203764,cation
CCCCC[N+](C)(C)CC,ammonium,2.2907174,-13.718522,cation
CCCCC[N+](C)(C)CCO,ammonium,1.3093425,-12.989102,cation
CCCCC[N+](C)(CC)CC,ammonium,4.061859,-14.304855,cation
CCCCC[N+](C)(CCC)CCC,ammonium,5.9913974,-13.046355,cation
CCCCC[N+](CC)(CC)CC,ammonium,7.543435,-15.717941,cation
CCCCC[N+]1(C)CCCC1,pyrrolidinium,-25.07078,-28.350742,cation
CCCCC[N+]1(C)CCOCC1,piperidinium,-19.03836,-27.565193,cation
CCCCC[NH3+],ammonium,-0.8315431,-5.6648207,cation
CCCCC[P+](CC)(CC)CC,phosphonium,6.573648,-21.3572,cation
CCCCC[S+]1CCCC1,sulfonium,-26.464027,-17.285704,cation
CCCCC[n+]1ccccc1,pyridinium,6.5731344,31.854141,cation
CCCCC[n+]1ccn(C)c1,imidazolium,-0.99831885,13.278182,cation
CCCCC[n+]1ccn(CCCC)c1,imidazolium,8.698165,4.3039117,cation
CCCCCc1c(C)cc(C)c[n+]1CC,pyridinium,8.040447,-2.163457,cation
CCCCCc1c(C)cc(C)c[n+]1CCCC,pyridinium,8.881357,-2.7751968,cation
CCCCCc1cccc[n+]1CC,pyridinium,10.798996,18.062977,cation
CCCCCn1c(C)cc(C)[n+]1-c1ccccc1,imidazolium,15.62394,24.013948,cation
CCCCCn1cc[n+](C)c1,imidazolium,-10.196533,16.680077,cation
CCCCCn1cc[n+](C)c1C,imidazolium,-1.276515,3.2616987,cation
CCCCCn1cc[n+](CCCCC)c1,imidazolium,9.43633,3.8109775,cation
CCCCN1C=C[NH+](C)C1,ammonium,-4.5032067,-0.70067674,cation
CCCCN1C=C[NH+](CCCC)C1,ammonium,1.7505003,-1.6420205,cation
CCCCNC(=O)C[n+]1ccn(CC)c1,imidazolium,2.0194669,7.10755,cation
CCCCOC(=O)c1nccc[n+]1CCCC,ammonium,3.3586032,4.6543303,cation
CCCCOCC(O)CN(CCCn1cc[nH+]c1)C(C)=O,imidazolium,5.2198863,2.4994228,cation
CCCCOCC(O)CNCCCn1cc[nH+]c1,imidazolium,5.2287965,2.4992418,cation
CCCCOC[n+]1cccc(O)c1,pyridinium,8.734143,16.353989,cation
CCCC[N+](C)(C)C,ammonium,-0.5028701,-15.3925,cation
CCCC[N+](C)(C)C(=N)N(C)C,ammonium,-1.9037865,-12.831194,cation
CCCC[N+](C)(C)CC,ammonium,1.092294,-15.008867,cation
CCCC[N+](C)(C)CCO,ammonium,0.5370836,-13.561753,cation
CCCC[N+](C)(CC)CC,ammonium,3.454125,-15.074848,cation
CCCC[N+](C)(CCC)CCC,ammonium,5.6614385,-13.362868,cation
CCCC[N+](C)(CCCC)CCCC,ammonium,6.7857933,-12.629936,cation
CCCC[N+](CC)(CC)CC,ammonium,6.8486924,-16.163702,cation
CCCC[N+](CCCC)(CCCC)CCCC,ammonium,7.758965,-12.223208,cation
CCCC[N+]1(C)CCCC1,pyrrolidinium,-25.695314,-27.24089,cation
CCCC[N+]1(C)CCCCC1,piperidinium,-26.061008,-26.845932,cation
CCCC[N+]1(C)CCOCC1,piperidinium,-18.84483,-26.642763,cation
CCCC[N+]1C=CC=C(C(=O)[O-])C1,piperidinium,1.8050351,12.511936,cation
CCCC[NH+]1C=CN=C1,ammonium,-11.510499,4.41586,cation
CCCC[NH+]1C=CN=C1c1ccccc1,ammonium,11.115917,23.455997,cation
CCCC[NH+]1CCCC1,pyrrolidinium,-24.180935,-19.036316,cation
CCCC[NH3+],ammonium,-7.213335,-7.865743,cation
CCCC[P+](C)(CCCC)CCCC,phosphonium,13.587873,-12.417744,cation
CCCC[P+](CC)(CC)CC,phosphonium,5.949165,-21.488565,cation
CCCC[P+](CC)(CCCC)CCCC,phosphonium,14.115567,-11.644962,cation
CCCC[P+](CCCC)(CCCC)CCC(F)(F)C(F)(F)C(F)(F)C(F)(F)C(F)(F)C(F)(F)F,phosphonium,-18.465824,4.0662317,cation
CCCC[P+](CCCC)(CCCC)CCCC,phosphonium,15.516702,-11.589499,cation
CCCC[P+](CCCC)(CCCC)CCCN,phosphonium,15.498296,-12.268839,cation
CCCC[P+](CCCC)(CCCC)CCSC,phosphonium,14.889217,-12.314164,cation
CCCC[P+](CCCC)(CCCC)CCSCC,phosphonium,14.878536,-11.515573,cation
CCCC[P+](CCCC)(CCCC)COC,phosphonium,14.435811,-12.771572,cation
CCCC[P+](CCCC)(CCCC)CSC,phosphonium,14.236709,-12.201129,cation
CCCC[S+]1CCCC1,sulfonium,-25.97468,-17.266518,cation
CCCC[S+]1CCCCC1,sulfonium,-26.061438,-17.722195,cation
CCCC[n+]1cc(C)cc(C)c1,pyridinium,4.0800204,14.694321,cation
CCCC[n+]1cc[nH]c1,imidazolium,1.4955926,12.362929,cation
CCCC[n+]1ccc(C#N)cc1,pyridinium,6.8518887,14.639591,cation
CCCC[n+]1ccc(C)c(C)c1,pyridinium,4.9112577,15.360827,cation
CCCC[n+]1ccc(C)cc1,pyridinium,6.2960005,14.534519,cation
CCCC[n+]1ccc(N(C)C)cc1,pyridinium,6.2246222,13.552531,cation
CCCC[n+]1ccc2ccccc2c1,pyridinium,12.812126,21.989138,cation
CCCC[n+]1cccc(C#N)c1,pyridinium,6.620298,16.173067,cation
CCCC[n+]1cccc(C)c1,pyridinium,5.750935,16.791477,cation
CCCC[n+]1cccc(C)c1C,pyridinium,4.5224156,15.951678,cation
CCCC[n+]1cccc2ccccc21,pyridinium,12.666886,22.11029,cation
CCCC[n+]1ccccc1,pyridinium,5.8995733,31.313604,cation
CCCC[n+]1ccccc1C,pyridinium,7.9293795,19.103428,cation
CCCC[n+]1ccn(C(CC)CC)c1,imidazolium,2.7208047,6.734103,cation
CCCC[n+]1ccn(C)c1,imidazolium,-1.7046467,13.076097,cation
CCCC[n+]1ccn(C)c1C,imidazolium,-2.7674725,6.204632,cation
CCCC[n+]1ccn(C2CCCC2)c1,imidazolium,0.1045713,5.8454638,cation
CCCC[n+]1ccn(CC)c1,imidazolium,2.1918066,7.4789677,cation
CCCC[n+]1ccn(CCC#N)c1,imidazolium,3.879332,8.939767,cation
CCCC[n+]1ccn(Cc2ccc(C)cc2)c1,imidazolium,18.848562,18.322615,cation
CCCC[n+]1ccn(Cc2ccccc2)c1,imidazolium,12.68446,25.988699,cation
CCCCc1cccc[n+]1CC,pyridinium,9.578524,19.119421,cation
CCCCn1c(C)cc(C)[n+]1-c1ccccc1,imidazolium,15.237079,24.201544,cation
CCCCn1c[n+](CCCCS(=O)(=O)O)cn1,ammonium,7.242078,7.19923,cation
CCCCn1c[nH+]c2ccccc21,imidazolium,10.418793,22.801533,cation
CCCCn1cc[n+](C)c1,imidazolium,-10.343301,15.652709,cation
CCCCn1cc[n+](C)c1C,imidazolium,-2.5738115,3.8812995,cation
CCCCn1cc[n+](CC)c1,imidazolium,0.997123,8.160989,cation
CCCCn1cc[n+](CCC#N)c1,imidazolium,3.9011478,8.924701,cation
CCCCn1cc[n+](CCC(C)C)c1,imidazolium,3.9759164,6.9313664,cation
CCCCn1cc[n+](CCCC)c1,imidazolium,7.704456,4.5853724,cation
CCCCn1cc[n+](CCCCCCO)c1,imidazolium,13.041559,3.413505,cation
CCCCn1cc[n+](CCCCS(=O)(=O)O)c1,imidazolium,6.953388,6.3851423,cation
CCCCn1cc[n+](CCCS(=O)(=O)O)c1,imidazolium,6.661726,6.340999,cation
CCCCn1cc[n+](CCOCCOCCOCCOCC[n+]2ccn(CCCC)c2)c1,imidazolium,19.183088,8.515857,cation
CCCCn1cc[n+](CCOCCOCCOCC[n+]2ccn(CCCC)c2)c1,imidazolium,18.868195,8.515941,cation
CCCCn1cc[n+](CCOCCOCC[n+]2ccn(CCCC)c2)c1,imidazolium,18.218407,8.478864,cation
CCCCn1cc[n+](CCOCC[n+]2ccn(CCCC)c2)c1,imidazolium,17.752888,8.429783,cation
CCCCn1ccc[n+]1C,imidazolium,0.70407975,11.555177,cation
CCCN,other,-8.350783,-8.200447,cation
CCCOCC[N+]1(C)CCCC1,pyrrolidinium,-28.930962,-27.18997,cation
CCCOCC[n+]1ccccc1,pyridinium,3.7403445,31.654474,cation
CCCOCC[n+]1ccn(C)c1,imidazolium,-1.8528824,12.01266,cation
CCCOC[n+]1cccc(O)c1,pyridinium,8.585114,16.497772,cation
CCC[N+](C)(C)CC,ammonium,0.34907293,-15.662912,cation
CCC[N+](C)(C)CCO,ammonium,-0.23468845,-14.054554,cation
CCC[N+](C)(CC)CC,ammonium,3.0150332,-15.90449,cation
CCC[N+](C)(CC)CCC,ammonium,3.7254598,-15.523288,cation
CCC[N+]1(C)CCCC1,pyrrolidinium,-26.838667,-25.158043,cation
CCC[N+]1(C)CCCCC1,piperidinium,-26.482857,-25.579182,cation
CCC[N+]1(C)CCOCC1,piperidinium,-18.766497,-25.430918,cation
CCC[NH+](C)C,ammonium,-9.300007,-11.527708,cation
CCC[NH+](C)CCC,ammonium,-6.840509,-12.934356,cation
CCC[NH+](CC)CC,ammonium,-6.5948815,-12.538356,cation
CCC[NH3+],ammonium,-8.620481,-8.025457,cation
CCC[S+]1CCCC1,sulfonium,-25.438814,-17.288963,cation
CCC[n+]1cccc(C)c1,pyridinium,5.2503533,18.0644,cation
CCC[n+]1ccccc1,pyridinium,5.3202195,30.256006,cation
CCC[n+]1ccn(C)c1C,imidazolium,-3.6328356,6.3447366,cation
CCC[n+]1cn(C)cn1,ammonium,-4.712654,7.760357,cation
CCCc1cccc[n+]1CC,pyridinium,8.686625,19.933222,cation
CCCn1cc[n+](C)c1,imidazolium,-10.374957,13.737596,cation
CCCn1cc[n+](C)c1C,imidazolium,-3.9906785,4.311241,cation
CCCn1cc[n+](CC)c1,imidazolium,-0.023095421,8.340429,cation
CCN(C)C,other,-10.309979,-13.061203,cation
CCN(CC)c1c(N(CC)CC)[c+]1N(CC)CC,other,6.141865,-8.643724,cation
CCN(CC)c1c(N(CC)CC)c1=[N+](CC)CC,ammonium,6.1426063,-8.6428175,cation
CCN=C(N(C)C)[NH+](C)C,ammonium,-11.688549,-13.46984,cation
CCOC(=O)C[N+](C)(C)CC,ammonium,-0.8051209,-16.922316,cation
CCOC(=O)C[N+]1(C)CCCC1,pyrrolidinium,-29.03858,-24.137169,cation
CCOC(=O)C[n+]1ccccc1,pyridinium,3.8497515,29.35292,cation
CCOC(=O)Cn1cc[n+](C)c1,imidazolium,-11.560798,13.193992,cation
CCOC(=O)c1ccc[n+](CC)c1,pyridinium,5.8595047,18.947462,cation
CCOCC[N+](C)(C)CC,ammonium,0.7591175,-16.687,cation
CCOCC[N+]1(C)CCCC1,pyrrolidinium,-29.059042,-25.947725,cation
CCOCC[N+]1(C)CCCCC1,piperidinium,-28.570969,-26.105179,cation
CCOCC[N+]1(C)CCOCC1,piperidinium,-19.820139,-24.983032,cation
CCOCC[NH+](C)C,ammonium,-8.56828,-12.513585,cation
CCOCC[n+]1ccccc1,pyridinium,3.8597481,30.759012,cation
CCOCCn1cc[n+](C)c1,imidazolium,-9.035106,13.975559,cation
CCOCCn1cc[n+](CC)c1,imidazolium,0.027726855,9.050818,cation
CCOC[N+](C)(C)CC,ammonium,0.12650166,-16.552305,cation
CCOC[N+]1(C)CCCC1,pyrrolidinium,-28.343424,-24.79254,cation
CCOC[N+]1(C)CCCCC1,piperidinium,-28.021452,-25.140396,cation
CCOC[N+]1(C)CCOCC1,piperidinium,-19.358543,-24.494251,cation
CCOC[P+](CC)(CC)CC,phosphonium,4.751355,-22.632898,cation
CCOC[n+]1ccccc1,pyridinium,4.241103,29.942932,cation
CCOC[n+]1ccn(C)c1,imidazolium,-4.0695367,10.773355,cation
CCOCc1n(CC)cc[n+]1C,imidazolium,-3.4231257,5.007275,cation
CCOCn1cc[n+](C)c1,imidazolium,-9.401805,13.316696,cation
CCOn1cc[n+](OCC)c1,imidazolium,-3.9334648,9.046856,cation
CCS(=O)(=O)CCn1cc[n+](C)c1,imidazolium,-13.105012,15.516363,cation
CCSCC[P+](CC)(CC)CC,phosphonium,5.6363835,-22.0049,cation
CC[N+](C)(C)CC#N,ammonium,-3.3114607,-15.948992,cation
CC[N+](C)(C)CCCO,ammonium,-0.7297257,-14.47491,cation
CC[N+](C)(C)CCCOC,ammonium,0.63833207,-17.708279,cation
CC[N+](C)(C)CCO,ammonium,-1.4352839,-14.897487,cation
CC[N+](C)(C)CCOC,ammonium,-0.062267885,-17.82928,cation
CC[N+](C)(C)CCOC(C)=O,ammonium,-1.1658306,-17.130173,cation
CC[N+](C)(C)CCOCCOC,ammonium,1.0605345,-18.643835,cation
CC[N+](C)(CC)CCOC,ammonium,2.0042555,-17.179688,cation
CC[N+](CC)(CC)CC,ammonium,6.228502,-16.880219,cation
CC[N+](CC)(CC)CCOC,ammonium,5.799091,-16.879274,cation
CC[N+](CC)=C(N(C)C)N(C)C,ammonium,-3.6790345,-12.290648,cation
CC[N+]1(C)CCCC1,pyrrolidinium,-27.01254,-24.024836,cation
CC[N+]1(C)CCCCC1,piperidinium,-26.53717,-24.346493,cation
CC[N+]1(C)CCOCC1,piperidinium,-18.60003,-24.671776,cation
CC[NH+](C)CC,ammonium,-8.510942,-11.395799,cation
CC[NH+](CC)CC,ammonium,-7.0987973,-12.019405,cation
CC[NH+]1C=CN(C)C1,ammonium,-9.330084,0.5703238,cation
CC[NH+]1C=CN=C1,ammonium,-10.781331,4.3928194,cation
CC[NH2+]CC,ammonium,-8.15,-9.441326,cation
CC[NH3+],ammonium,-9.708071,-7.9845185,cation
CC[P+](CC)(CC)CCOC,phosphonium,5.4941716,-22.79916,cation
CC[P+](CC)(CC)CCSC,phosphonium,5.102286,-21.882402,cation
CC[P+](CC)(CC)COCCOC,phosphonium,5.7083464,-23.285177,cation
CC[P+](CC)(CC)CSC,phosphonium,4.600436,-22.029993,cation
CC[S+](C)CC,sulfonium,-7.340489,-10.227962,cation
CC[S+](CC)CC,sulfonium,-6.3979273,-10.311342,cation
CC[S+](CC)CCOCCOCCOCCOCC[S+](CC)CC,sulfonium,12.215259,-19.65806,cation
CC[S+](CC)CCOCCOCCOCC[S+](CC)CC,sulfonium,11.90719,-19.778063,cation
CC[S+](CC)CCOCCOCC[S+](CC)CC,sulfonium,11.2926035,-20.005373,cation
CC[S+](CC)CCOCC[S+](CC)CC,sulfonium,10.919013,-20.133965,cation
CC[S+]1CCCC1,sulfonium,-25.085724,-17.324074,cation
CC[n+]1cc(C)n(C)c1,imidazolium,-5.5224395,6.8243246,cation
CC[n+]1ccc(C)cc1,pyridinium,3.129084,18.416182,cation
CC[n+]1ccc(N(C)C)cc1,pyridinium,2.0790553,18.319235,cation
CC[n+]1cccc(C)c1,pyridinium,4.9434714,19.14151,cation
CC[n+]1ccccc1,pyridinium,4.9335465,28.954147,cation
CC[n+]1ccccc1C,pyridinium,6.914055,21.113218,cation
CC[n+]1ccn(C)c1,imidazolium,-4.76466,11.0141325,cation
CC[n+]1ccn(CCOC)c1,imidazolium,-0.99709046,9.461044,cation
CC[n+]1ccn(Cc2ccc(C)cc2)c1,imidazolium,18.96985,19.20087,cation
CCc1cccc[n+]1C,pyridinium,6.599954,21.434565,cation
CCc1cccc[n+]1CC,pyridinium,7.920663,20.466478,cation
CCn1cc(C)[n+](C)c1,imidazolium,-5.65652,6.282375,cation
CCn1cc(C)[n+](CC)c1,imidazolium,-5.015267,6.4845552,cation
CCn1cc[n+](C)c1,imidazolium,-10.538719,11.6983385,cation
CCn1cc[n+](C)c1C,imidazolium,-4.8196416,4.7424855,cation
CCn1cc[n+](CC)c1,imidazolium,-0.92132545,8.223457,cation
CCn1cc[n+](CCOC)c1,imidazolium,-1.4054192,9.856355,cation
CCn1cc[nH+]c1,imidazolium,-8.549611,6.510916,cation
CCn1ccc[n+]1C,imidazolium,-7.1211967,7.646992,cation
CN(C)C(=N)[NH+](C)C,ammonium,-11.6328335,-13.076266,cation
CN(C)C(N)=[N+](C)C,ammonium,-10.916091,-13.497515,cation
CN(C)c1cc[n+](C)cc1,pyridinium,1.7927324,18.501661,cation
CN1C=C[NH+](C)C1,ammonium,-9.088742,1.0421333,cation
CN1C=C[NH+](CCO)C1,ammonium,-9.758449,-0.061604515,cation
CN1CCC[NH+]2CCCN=C12,ammonium,-22.844685,-19.827568,cation
CNCCO,other,-9.029568,-6.6233406,cation
COC(=O)C([NH3+])Cc1ccccc1,ammonium,8.459523,24.231792,cation
COC(=O)C1CCC[NH2+]1,pyrrolidinium,-21.9383,-18.221684,cation
COC(C)Cn1cc[n+](C)c1,imidazolium,-11.781042,11.748936,cation
COCCCCn1cc[n+](C)c1,imidazolium,-9.021597,16.53136,cation
COCCC[N+]1(C)CCCC1,pyrrolidinium,-27.697775,-27.182493,cation
COCCC[N+]1(C)CCCCC1,piperidinium,-27.143188,-27.201153,cation
COCCC[N+]1(C)CCOCC1,piperidinium,-19.683947,-26.23701,cation
COCCC[n+]1ccccc1,pyridinium,4.8850374,31.539444,cation
COCCC[n+]1ccn(C)c1,imidazolium,-2.706594,12.171497,cation
COCCCn1cc[n+](C)c1,imidazolium,-8.97132,15.770713,cation
COCCOCCOCC[n+]1ccccc1,pyridinium,2.487045,32.56955,cation
COCCOCC[n+]1ccccc1,pyridinium,3.0801694,32.174652,cation
COCCOCCn1cc[n+](C)c1,imidazolium,-7.7981606,16.086037,cation
COCC[N+](C)(C)C,ammonium,-1.7321973,-18.136086,cation
COCC[N+]1(C)CCCC1,pyrrolidinium,-27.666567,-26.13609,cation
COCC[N+]1(C)CCCCC1,piperidinium,-27.217476,-26.273685,cation
COCC[N+]1(C)CCOCC1,piperidinium,-19.552322,-25.6705,cation
COCC[NH+]1C=CN(C)C1,ammonium,-9.1309805,-0.113843955,cation
COCC[NH2+]CCOC,ammonium,-3.8075225,-9.896995,cation
COCC[n+]1ccccc1,pyridinium,4.7126937,30.872246,cation
COCC[n+]1ccn(C)c1,imidazolium,-2.9972105,11.806607,cation
COCCn1cc[n+](C)c1,imidazolium,-9.104856,14.880893,cation
COC[N+]1(C)CCCC1,pyrrolidinium,-27.559258,-24.290453,cation
COC[n+]1ccccc1,pyridinium,4.992618,29.527544,cation
COCn1cc[n+](C)c1,imidazolium,-10.748242,12.284361,cation
COc1ccc(-[n+]2c(C)cc(C)n2C)cc1,imidazolium,2.0804486,23.390665,cation
C[N+](C)(C)C,ammonium,-3.499734,-17.361496,cation
C[N+](C)(C)CCCC(=O)O,ammonium,-1.9799627,-16.345758,cation
C[N+](C)(C)CCC[N+]1(C)CCCCC1,piperidinium,-27.058552,-28.595999,cation
C[N+](C)(C)CCC[n+]1ccccc1,pyridinium,5.586228,32.8018,cation
C[N+](C)(C)CCO,ammonium,-2.1860094,-15.525239,cation
C[N+](C)(CCCS(=O)(=O)O)C1CCCCC1,ammonium,-24.506977,-20.219667,cation
C[N+](C)(CCO)CCCNC(=O)C(O)C(O)C(O)C(O)CO,ammonium,-3.3026757,-7.5050807,cation
C[N+](C)=CCl,ammonium,-11.004143,-8.621064,cation
C[N+](CCO)(CCO)CCO,ammonium,-4.2415524,-6.6062326,cation
C[N+]1(C#N)CCOCC1,piperidinium,-17.949596,-23.962038,cation
C[N+]1(CC#N)CCCC1,pyrrolidinium,-26.09147,-23.244343,cation
C[N+]1(CC#N)CCCCC1,piperidinium,-25.652685,-23.526943,cation
C[N+]1(CC#N)CCOCC1,piperidinium,-17.732162,-24.530537,cation
C[N+]1(CCCC#N)CCOCC1,piperidinium,-17.37831,-25.641743,cation
C[N+]1(CCCO)CCCC1,pyrrolidinium,-24.75245,-25.816381,cation
C[N+]1(CCCO)CCCCC1,piperidinium,-25.26493,-26.05081,cation
C[N+]1(CCCO)CCOCC1,piperidinium,-18.058329,-26.395248,cation
C[N+]1(CCO)CCCC1,pyrrolidinium,-25.143097,-24.820654,cation
C[N+]1(CCO)CCCCC1,piperidinium,-25.597176,-25.125498,cation
C[N+]1(CCO)CCOCC1,piperidinium,-18.146778,-25.642735,cation
C[N+]1(CCOC(=O)C(O)(c2ccccc2)c2ccccc2)CCCC1,pyrrolidinium,9.419778,26.952621,cation
C[N+]1(CCOCCOCCOCCOCC[N+]2(C)CCCC2)CCCC1,pyrrolidinium,-30.067122,-30.396465,cation
C[N+]1(CCOCCOCCOCC[N+]2(C)CCCC2)CCCC1,pyrrolidinium,-29.962961,-30.106293,cation
C[N+]1(CCOCCOCC[N+]2(C)CCCC2)CCCC1,pyrrolidinium,-29.810162,-29.67991,cation
C[N+]1(Cc2ccccc2)CCOCC1,piperidinium,7.5598392,24.870464,cation
C[NH+](C)C,ammonium,-11.459985,-11.0994,cation
C[NH+](C)CCO,ammonium,-9.938272,-10.256996,cation
C[NH+](CCO)CCO,ammonium,-5.863935,-5.7215033,cation
C[NH+]1C=CN(CCC(F)(F)C(F)(F)C(F)(F)C(F)(F)F)C1,ammonium,-17.394283,3.487665,cation
C[NH+]1C=CN(CCCO)C1,ammonium,-4.767286,-0.7513075,cation
C[NH+]1C=CN=C1,ammonium,-10.28587,4.491544,cation
C[NH+]1CCCC1=O,pyrrolidinium,-22.13898,-18.305056,cation
C[NH2+]CCO,ammonium,-8.457861,-6.6613173,cation
C[NH3+],ammonium,-10.783907,-7.9386063,cation
C[n+]1cc[nH]c1,imidazolium,-8.215832,8.021616,cation
C[n+]1ccccc1,pyridinium,5.263666,27.949514,cation
C[n+]1ccn(CC#N)c1,imidazolium,-9.868959,12.3568,cation
C[n+]1ccn(CC(F)(F)F)c1,imidazolium,-12.463248,9.922024,cation
C[n+]1ccn(CCC(F)(F)C(F)(F)C(F)(F)C(F)(F)C(F)(F)C(F)(F)F)c1,imidazolium,-17.775253,3.8704164,cation
C[n+]1ccn(CCCC#N)c1,imidazolium,-11.01306,17.565022,cation
C[n+]1ccn(CCCC(=O)O)c1,imidazolium,-11.931612,15.29846,cation
C[n+]1ccn(CCCCC#N)c1,imidazolium,-10.980153,17.795444,cation
C[n+]1ccn(CCCCCCCC(=O)O)c1,imidazolium,12.724843,0.907186,cation
C[n+]1ccn(CCCCCCCCO)c1,imidazolium,13.585007,0.79027665,cation
C[n+]1ccn(CCCCCn2cc[n+](C)c2)c1,imidazolium,-13.111762,19.367426,cation
C[n+]1ccn(CCCCO)c1,imidazolium,-11.601768,16.498192,cation
C[n+]1ccn(CCCCS(=O)(=O)O)c1,imidazolium,-13.340892,16.413633,cation
C[n+]1ccn(CCCCn2cc[n+](C)c2)c1,imidazolium,-13.09486,19.315264,cation
C[n+]1ccn(CCCO)c1,imidazolium,-11.381239,15.755422,cation
C[n+]1ccn(CCCl)c1,imidazolium,-10.630958,13.966314,cation
C[n+]1ccn(CCO)c1,imidazolium,-11.062262,14.7029295,cation
C[n+]1ccn(CCc2ccccc2)c1,imidazolium,11.03977,26.258654,cation
C[n+]1ccn(Cc2ccccc2)c1,imidazolium,10.927392,26.381586,cation
C[n+]1cn(CCCCS(=O)(=O)O)c2ccccc21,imidazolium,10.25869,21.988337,cation
Cc1c(CCO)sc[n+]1Cc1ccccc1,ammonium,9.930602,24.520992,cation
Cc1cc(C)[n+](-c2ccc(Cl)cc2)n1C,imidazolium,2.2071323,23.385145,cation
Cc1cc(C)[n+](-c2ccccc2)n1C,imidazolium,3.5204864,23.715187,cation
Cc1ccc(-[n+]2c(C)cc(C)n2C)cc1,imidazolium,1.8585551,23.325777,cation
Cc1ccc(CN2C=C[NH+](C)C2)cc1,ammonium,19.129107,20.10835,cation
Cc1ccc(Cn2cc[n+](C)c2)cc1,imidazolium,19.010818,19.54985,cation
Cc1ccc[n+](C)c1,pyridinium,4.834733,20.610914,cation
Cc1ccc[n+](CC(C)C)c1,pyridinium,4.2839417,19.706404,cation
Cc1cccc[n+]1C,pyridinium,5.795481,21.832216,cation
Cc1cccc[nH+]1,pyridinium,6.2570724,22.401472,cation
Cc1ccccc1-[n+]1ccc(C)n1C,imidazolium,3.7772892,23.41378,cation
Cc1ncc[nH+]n1,ammonium,-9.201368,4.700962,cation
Cn1cc[n+](C)c1,imidazolium,-9.40656,9.733908,cation
Cn1cc[n+](C)c1Cl,imidazolium,-7.100011,6.743763,cation
Cn1cc[n+](CC#N)c1,imidazolium,-5.0965114,12.510495,cation
Cn1cc[n+](CC(CBr)N=[N+]=[N-])c1,imidazolium,-5.3473325,11.69714,cation
Cn1cc[n+](CCCC#N)c1,imidazolium,-4.008417,13.770799,cation
Cn1cc[n+](CCCCCCO)c1,imidazolium,12.253801,6.3191648,cation
Cn1cc[n+](CCCCS(=O)(=O)O)c1,imidazolium,-3.0206425,16.205612,cation
Cn1cc[n+](CCCO)c1,imidazolium,-3.3693488,13.256577,cation
Cn1cc[n+](CCCS(=O)(=O)O)c1,imidazolium,-3.0877264,16.143358,cation
Cn1cc[n+](CCC[n+]2ccn(C)c2)c1,imidazolium,-2.2596028,14.418541,cation
Cn1cc[n+](CCCc2ccccc2)c1,imidazolium,12.361782,26.951849,cation
Cn1cc[n+](CCO)c1,imidazolium,-3.957013,12.795724,cation
Cn1cc[n+](CCc2ccccc2)c1,imidazolium,12.019352,27.123173,cation
Cn1cc[n+](Cc2ccccc2)c1,imidazolium,11.683083,27.24113,cation
N#CCC[NH+]1C=CN=C1,ammonium,-11.3345995,3.8022287,cation
N#CCCn1cc[n+](CCO)c1,imidazolium,3.1081893,9.95196,cation
N#CCCn1cc[n+](Cc2ccccc2)c1,imidazolium,11.916368,25.886244,cation
N#CC[n+]1ccccc1,pyridinium,5.8230743,28.953611,cation
NCCN1C=CCC=C1,piperidinium,-9.182569,6.3949933,cation
NCCO,other,-8.649009,-5.895142,cation
O=S(=O)(NS(=O)(=O)C(F)(F)F)C(F)(F)F,other,-16.809147,2.7553144,cation
O=S(=O)(O)CCC[n+]1ccccc1,pyridinium,7.4213495,30.683878,cation
O=S(=O)([O-])C(F)(F)C(F)(F)C(F)(F)C(F)(F)F,other,-17.125834,3.1276617,cation
OCCCCCC[NH+]1C=CN=C1,ammonium,5.2653675,-0.6858556,cation
OCCC[n+]1ccccc1,pyridinium,6.3869786,30.552475,cation
OCC[NH+](CCO)CCO,ammonium,-5.23861,-5.5503817,cation
OCC[NH2+]CCO,ammonium,-6.8423367,-5.357165,cation
OCC[NH2+]c1ccccc1,ammonium,9.1307335,23.961132,cation
OCC[n+]1ccccc1,pyridinium,6.122341,29.921436,cation
[Li+],other,-10.665478,-7.478362,cation
[NH3+]CCCO,ammonium,-7.921494,-5.3866982,cation
[NH3+]CCO,ammonium,-9.044868,-5.719844,cation
[NH3+]CNCCO,ammonium,-7.774739,-6.032586,cation
c1ccc(C[n+]2ccccc2)cc1,pyridinium,10.523698,28.086464,cation
Brc1ccc2[n-]ncc2c1,other,-8.556633,4.0892816,anion
Brc1ccc2cn[n-]c2c1,other,-8.554569,4.041596,anion
Brc1cccc2[n-]ncc12,other,-8.750978,4.516429,anion
Brc1cnc[n-]1,other,-4.9959216,3.7190728,anion
C/C=C/C(=O)[O-],carboxylate,-3.3418722,-1.5984615,anion
C=CC(=O)NC(C)(C)CS(=O)(=O)[O-],amino-acid,1.4407388,-4.137849,anion
CC(=O)CCC(=O)[O-],carboxylate,-2.2366738,-6.315258,anion
CC(=O)NC(C(=O)[O-])C(C)C,amino-acid,-7.7599177,-4.2559733,anion
CC(=O)NC(C)C(=O)[O-],amino-acid,-7.2173004,-4.046668,anion
CC(=O)NC(CC(C)C)C(=O)[O-],amino-acid,-7.702535,-4.495815,anion
CC(=O)[O-],carboxylate,-2.784198,-2.4631944,anion
CC(C)(C)C(=O)[O-],carboxylate,-6.090544,-1.7156445,anion
CC(C)C(=O)[O-],carboxylate,-5.5228753,-3.118099,anion
CC(C)C(N)C(=O)[O-],carboxylate,-5.9315443,-3.7618194,anion
CC(C)CC(N)C(=O)[O-],carboxylate,-5.9058313,-4.2698855,anion
CC(CC(C)(C)C)CP(=O)([O-])CC(C)CC(C)(C)C,phosphate,-6.8194804,-1.6000676,anion
CC(N)C(=O)[O-],carboxylate,-4.7258697,-3.5641363,anion
CC(O)C(=O)[O-],carboxylate,-4.360856,-3.032758,anion
CC(O)C(N)C(=O)[O-],carboxylate,-5.180533,-3.8985775,anion
CC(Oc1ccc(Cl)cc1Cl)C(=O)[O-],carboxylate,-6.841818,5.8319483,anion
CC1(C(=O)[O-])CCCN1,carboxylate,4.2193594,-0.20072202,anion
CC1=CC(=O)[N-]S(=O)(=O)O1,other,-3.8224192,0.47463727,anion
CCC(=O)[O-],carboxylate,-2.52006,-3.6103394,anion
CCC(C)C(NC(C)=O)C(=O)[O-],amino-acid,-7.6550784,-4.677496,anion
CCC(CC)C(=O)[O-],carboxylate,-3.2702935,-4.2680097,anion
CCCC(=O)[O-],carboxylate,-1.6637992,-5.6992216,anion
CCCCC(=O)[O-],carboxylate,-1.6524541,-7.545568,anion
CCCCC(CC)CCC(=O)[O-],carboxylate,-2.1889145,-9.392896,anion
CCCCC(CC)COC(=O)CC(C(=O)OCC(CC)CCCC)S(=O)(=O)[O-],sulfonate,-2.6615295,-10.247845,anion
CCCCCC(=O)[O-],carboxylate,-1.5139674,-8.526261,anion
CCCCCCC(=O)[O-],carboxylate,-1.2206839,-9.33147,anion
CCCCCCCC(=O)[O-],carboxylate,-0.9378503,-10.014745,anion
CCCCCCCCC=CCCCCCCCC(=O)[O-],carboxylate,-0.5012398,-12.582382,anion
CCCCCCCCCC(=O)[O-],carboxylate,-0.4290794,-11.050981,anion
CCCCCCCCCCCCOS(=O)(=O)[O-],sulfonate,0.2726032,-12.147815,anion
CCCCCCCCCCCCOS(=O)(=O)c1ccccc1,other,0.76824945,-12.880367,anion
CCCCCCCCCCCCc1ccc(S(=O)(=O)[O-])cc1,sulfonate,0.39448816,-13.08882,anion
CCCCCCCCCCCCc1ccccc1S(=O)(=O)[O-],sulfonate,0.55800605,-12.901038,anion
CCCCCCCCCCOS(=O)(=O)[O-],sulfonate,0.38770232,-11.575778,anion
CCCCCCCCOS(=O)(=O)[O-],sulfonate,0.5447625,-10.68508,anion
CCCCCCCCP(=O)([O-])[O-],phosphate,-0.15200683,-10.353731,anion
CCCCCCOS(=O)(=O)[O-],sulfonate,0.9266447,-9.277897,anion
CCCCCCP(=O)([O-])[O-],phosphate,-0.21566868,-9.386762,anion
CCCCOS(=O)(=O)[O-],sulfonate,1.6026506,-7.437177,anion
CCCCP(=O)([O-])O,phosphate,-0.05429194,-7.70224,anion
CCOP(=O)([O-])OCC,phosphate,4.9472485,-6.380159,anion
CCOS(=O)(=O)[O-],sulfonate,3.0865421,-3.7042663,anion
CCP(=O)([O-])O,phosphate,0.15507789,-1.6659026,anion
CCS(=O)(=O)[O-],sulfonate,2.6125805,-3.7192159,anion
COCC(=O)[O-],carboxylate,-1.2560965,-3.9964345,anion
COCCOCC(=O)[O-],carboxylate,-0.12573263,-5.7895966,anion
COCCOCCOS(=O)(=O)[O-],sulfonate,0.80710226,-6.43311,anion
COP(=O)(O)OC,other,1.8398571,0.042957395,anion
COP(=O)([O-])OC,phosphate,1.7787653,0.005432603,anion
COS(=O)(=O)O,other,2.451923,-2.1540906,anion
COS(=O)(=O)[O-],sulfonate,2.7774837,-2.7307763,anion
CO[P+](=O)[O-],phosphate,-0.96324366,-0.29285777,anion
CO[PH](=O)[O-],phosphate,-0.9635218,-0.29239988,anion
CP(=O)([O-])O,phosphate,-0.011579415,-1.1333007,anion
CP(=O)([O-])[O-],phosphate,0.2662768,-0.822157,anion
CS(=O)(=O)[O-],sulfonate,2.3955216,-3.0675163,anion
Cc1ccc(S(=O)(=O)O)cc1,other,-11.656496,3.5659645,anion
Cc1ccc(S(=O)(=O)[O-])cc1,sulfonate,-11.669617,3.5405037,anion
Cc1n[n-]cc1Br,other,-4.4490147,2.8640466,anion
Cc1nc([N+](=O)[O-])c[n-]1,carboxylate,-5.4495306,2.0976222,anion
Cl[Fe-](Cl)(Cl)Br,fluorinated,-3.107957,7.902228,anion
Cl[Fe-](Cl)(Cl)Cl,fluorinated,-3.1140897,7.9202285,anion
Clc1n[n-]c2ccccc12,other,-9.377579,5.627123,anion
Clc1nc[n-]c1Cl,other,-5.733098,5.2249894,anion
FC(F)(F)C(F)(F)C(F)(F)C(F)(F)[P-](F)(F)(F)(C(F)(F)C(F)(F)C(F)(F)C(F)(F)F)C(F)(F)C(F)(F)C(F)(F)C(F)(F)F,fluorinated,14.010901,7.520513,anion
FC(F)(F)C(F)(F)C(F)(F)[P-](F)(F)(F)(C(F)(F)C(F)(F)C(F)(F)F)C(F)(F)C(F)(F)C(F)(F)F,fluorinated,13.770343,7.213976,anion
FC(F)(F)C(F)(F)[P-](F)(F)(F)(C(F)(F)C(F)(F)F)C(F)(F)C(F)(F)F,fluorinated,12.962606,6.658446,anion
FC(F)(F)[N-]C(F)(F)F,fluorinated,10.002802,4.073026,anion
F[B-](F)(F)C(F)(F)C(F)(F)C(F)(F)C(F)(F)F,fluorinated,11.624286,5.7796726,anion
F[B-](F)(F)C(F)(F)C(F)(F)C(F)(F)F,fluorinated,10.84506,5.4157352,anion
F[B-](F)(F)C(F)(F)C(F)(F)F,fluorinated,9.609889,4.761396,anion
F[B-](F)(F)C(F)(F)F,fluorinated,8.350905,4.4155917,anion
F[B-](F)(F)F,fluorinated,6.855572,4.300064,anion
F[B-](F)(F)c1ccccc1,fluorinated,-11.607112,7.3157554,anion
F[B-](F)F,fluorinated,5.065242,3.2909808,anion
F[P-](F)(F)(F)(F)F,fluorinated,5.607717,3.411006,anion
Ic1cc[n-]n1,other,-4.7673135,3.7659886,anion
N#CC(=C=[N-])C#N,other,0.5288998,5.2034335,anion
N#CC(C#N)C#N,other,-0.35551783,5.1952024,anion
N#CN=C=[N-],other,0.19367722,3.9677567,anion
N#CNC#N,other,0.7454118,4.8135567,anion
N#CS[Al-3](SC#N)(SC#N)(SC#N)(SC#N)SC#N,other,2.0771186,7.3159904,anion
N#CS[Cu-3](SC#N)(SC#N)SC#N,other,1.966526,5.885636,anion
N#CS[Hg-2](SC#N)(SC#N)SC#N,other,1.1420021,6.903999,anion
N#CS[Zn-2](SC#N)(SC#N)SC#N,other,1.6843135,6.3968873,anion
N#C[Au-]C#N,other,0.568221,4.777492,anion
N#C[B-](C#N)(C#N)C#N,other,-0.5862114,6.232282,anion
N#C[C-](C#N)C#N,other,0.4675262,5.978173,anion
N#C[N-]C#N,other,0.67981476,4.751986,anion
N#C[S-],other,-0.22035433,3.2695556,anion
N#Cc1ccc2cn[n-]c2c1,other,-8.547233,3.9678419,anion
N#Cc1nc(C(F)(F)F)[n-]c1C#N,fluorinated,2.693826,3.9807096,anion
NC(=O)CC(N)C(=O)[O-],amino-acid,-4.6753736,-5.8886027,anion
NC(=O)CCC(=O)[O-],amino-acid,-2.5382147,-6.2679944,anion
NC(CCC(=O)O)C(=O)[O-],amino-acid,-4.2293425,-6.1690254,anion
NC(CO)C(=O)[O-],amino-acid,-4.3278103,-4.8636184,anion
NC(CS)C(=O)[O-],amino-acid,-4.398303,-4.9399514,anion
NC(Cc1ccccc1)C(=O)[O-],amino-acid,-11.392444,6.4375997,anion
NCC(=O)[O-],amino-acid,-2.1767695,-3.9577892,anion
NCCC(=O)[O-],amino-acid,-2.0291898,-5.166005,anion
NCCCCC(N)C(=O)[O-],amino-acid,-4.084403,-7.431964,anion
NCCS(=O)(=O)O,other,2.82026,-4.8670435,anion
NCCS(=O)(=O)[O-],sulfonate,2.748032,-4.696161,anion
NS(=O)(=O)[O-],sulfonate,2.1286674,-3.1675606,anion
O=C(CF)OOB([O-])OOC(=O)CF,fluorinated,-0.56951904,-4.4330463,anion
O=C(O)CO,other,-1.3165176,-2.4461849,anion
O=C(O)c1ccccc1[O-],other,-10.402418,5.9784436,anion
O=C(O[B-](F)(F)OC(=O)C(F)(F)F)C(F)(F)F,fluorinated,9.911237,5.529104,anion
O=C([O-])C(F)(F)C(F)(F)C(F)(F)C(F)(F)C(F)(F)C(F)(F)C(F)(F)C(F)(F)F,fluorinated,13.8216715,6.250484,anion
O=C([O-])C(F)(F)C(F)(F)C(F)(F)C(F)(F)C(F)(F)C(F)(F)C(F)(F)F,fluorinated,13.467178,5.9422374,anion
O=C([O-])C(F)(F)C(F)(F)C(F)(F)C(F)(F)F,fluorinated,11.497543,4.9111037,anion
O=C([O-])C(F)(F)C(F)(F)C(F)(F)F,fluorinated,10.728616,4.4468827,anion
O=C([O-])C(F)(F)F,fluorinated,7.72669,2.3773828,anion
O=C([O-])C1CCCN1,other,4.285672,-0.24808559,anion
O=C([O-])C=CC(=O)O,other,-3.7100344,-1.6244754,anion
O=C([O-])CNCC(=O)O,amino-acid,-2.8572886,-5.539659,anion
O=C([O-])CO,other,-1.8067259,-2.9934223,anion
O=C([O-])O,other,-2.1447518,-2.1268044,anion
O=C([O-])c1cccc(S(=O)(=O)O)c1,sulfonate,-11.313424,4.7173996,anion
O=C([O-])c1ccccc1,other,-10.969021,6.2311153,anion
O=C([O-])c1ccccc1O,other,-10.492646,5.9216003,anion
O=C1O[B-]2(OC1=O)OC(=O)C(=O)O2,other,-4.20496,0.4166347,anion
O=C1[N-]S(=O)(=O)c2ccccc21,other,-9.205419,6.947481,anion
O=C[O-],other,-1.4917971,0.38242516,anion
O=P([O-])(C(F)(F)C(F)(F)F)C(F)(F)C(F)(F)F,fluorinated,12.101685,5.090742,anion
O=P([O-])(O)O,phosphate,-0.15993002,-1.4613553,anion
O=S(=O)(F)NS(=O)(=O)F,fluorinated,5.923007,-3.7023892,anion
O=S(=O)(F)[N-]S(=O)(=O)F,fluorinated,5.9263687,-3.70165,anion
O=S(=O)(N=S(=O)([O-])C(F)(F)F)C(F)(F)F,fluorinated,11.168427,2.6631243,anion
O=S(=O)(NS(=O)(=O)C(F)(F)C(F)(F)F)C(F)(F)C(F)(F)F,fluorinated,12.9023,3.9521098,anion
O=S(=O)(NS(=O)(=O)C(F)(F)F)C(F)(F)F,fluorinated,11.346423,2.0020452,anion
O=S(=O)(N[SH](=O)([O-])C(F)(F)F)C(F)(F)F,fluorinated,10.958658,2.8310392,anion
O=S(=O)([C-](S(=O)(=O)C(F)(F)F)S(=O)(=O)C(F)(F)F)C(F)(F)F,fluorinated,13.051744,2.6332014,anion
O=S(=O)([CH-]S(=O)(=O)C(F)(F)F)C(F)(F)F,fluorinated,11.591862,2.3013864,anion
O=S(=O)([N-]S(=O)(=O)C(F)(F)C(F)(F)F)C(F)(F)C(F)(F)F,fluorinated,12.961602,3.9666758,anion
O=S(=O)([N-]S(=O)(=O)C(F)(F)F)C(F)(F)F,fluorinated,11.895755,2.3423321,anion
O=S(=O)([O-])C(F)(F)C(F)(F)C(F)(F)C(F)(F)C(F)(F)C(F)(F)C(F)(F)C(F)(F)F,fluorinated,13.950795,6.158931,anion
O=S(=O)([O-])C(F)(F)C(F)(F)C(F)(F)C(F)(F)F,fluorinated,11.9131975,4.335393,anion
O=S(=O)([O-])C(F)(F)C(F)C(F)(F)F,fluorinated,10.101789,2.9967558,anion
O=S(=O)([O-])C(F)(F)C(F)F,fluorinated,8.6902485,2.1641798,anion
O=S(=O)([O-])C(F)(F)C(F)OC(F)(F)C(F)(F)F,fluorinated,11.078725,3.7445347,anion
O=S(=O)([O-])C(F)(F)C(F)OC(F)(F)F,fluorinated,10.048012,2.9794643,anion
O=S(=O)([O-])C(F)(F)F,fluorinated,8.406384,2.1681707,anion
O=S(=O)([O-])CC(O)CN1CCOCC1,sulfonate,4.306182,-2.4167643,anion
O=S(=O)([O-])CC(O)CNC(CO)(CO)CO,sulfonate,3.219348,-6.741231,anion
O=S(=O)([O-])CC(O)CNC1CCCCC1,sulfonate,4.8333006,-0.86556,anion
O=S(=O)([O-])CCN(CCO)CCO,sulfonate,2.651212,-6.122786,anion
O=S(=O)([O-])O,sulfonate,2.0661213,-2.7950435,anion
O=S(=O)([O-])c1ccccc1,sulfonate,-11.425003,5.6739707,anion
O=S1(=O)N=C([O-])c2ccccc21,other,-9.330083,6.8553104,anion
O=[N+]([O-])[O-],other,-0.41695252,0.48542285,anion
O=[N+]([O-])c1cn[n-]c1,other,-5.663073,2.5705698,anion
O=[N+]([O-])c1cnc[n-]1,other,-5.709554,2.7762396,anion
O=[Re](=O)(=O)[O-],carboxylate,-2.1518621,-0.41650456,anion
[Br-],other,-1.6262532,1.5358299,anion
[C-]#[O+],other,-1.0947359,1.6820536,anion
[Cl-],other,-1.1873231,1.5163969,anion
[I-],other,-1.6255379,1.5335156,anion
[N-]=C=C1C=CC=N1,other,-5.199296,4.277134,anion
[N-]=[N+]=[N-],other,-1.2127752,2.254865,anion
[NH3+]CC(=O)[O-],carboxylate,-2.053433,-3.4017293,anion
[O-][Cl+3]([O-])([O-])[O-],other,0.46086925,0.88583267,anion
[O-]c1ccccc1,other,-10.819585,6.586962,anion
[c-]1c[nH]nn1,other,-2.6968951,3.5759356,anion
[c-]1nn[nH]n1,other,-2.6075983,3.5974736,anion
c1c[n-]cn1,other,-4.554759,4.3721814,anion
c1ccc2c(c1)O[B-]1(O2)Oc2ccccc2O1,other,-10.427628,8.025395,anion
c1nnc[n-]1,other,-4.0675087,4.7207556,anion
