smiles,family,tsne_1,tsne_2,type,mw
C1CC[NH2+]C1,pyrrolidinium,-22.684847,-18.925364,cation,72.131
C1CC[NH2+]CC1,piperidinium,-22.862156,-19.377943,cation,86.158
C=C([NH3+])[NH2+]CC(CC)CCCC,ammonium,-0.048190374,-6.803122,cation,172.31599999999995
C=C([NH3+])[NH2+]CCCCCC,ammonium,0.5571379,-5.47723,cation,144.262
C=C([NH3+])[NH2+]CCCCCCCC,ammonium,1.9359797,-4.990155,cation,172.31599999999997
C=CCN1C=C[NH+](CCC#N)C1,ammonium,-11.0767355,0.8047429,cation,164.23199999999997
C=CC[N+](C)(C)CC,ammonium,-3.3984842,-15.542092,cation,114.21199999999999
C=CC[NH+](C)C,ammonium,-12.00939,-10.047812,cation,86.15799999999999
C=CC[NH+](C)CC=C,ammonium,-12.845749,-9.65929,cation,112.19599999999998
C=CC[NH+](CC)CC,ammonium,-7.5946074,-11.4566555,cation,114.21199999999999
C=CC[NH+]1C=CN(C)C1,ammonium,-10.015434,0.5576276,cation,125.19499999999998
C=CC[n+]1cc[nH]c1,imidazolium,-7.227186,9.877867,cation,109.15199999999997
C=CC[n+]1ccn(C)c1,imidazolium,-5.9049454,11.380218,cation,123.17899999999997
C=CC[n+]1ccn(CCC#N)c1,imidazolium,2.5929575,10.248933,cation,162.216
C=CCn1cc[n+](C)c1,imidazolium,-9.404409,11.559564,cation,123.17899999999997
C=CCn1cc[n+](CCOC)c1,imidazolium,-1.8053693,10.221014,cation,167.232
C=Cn1cc[n+](CC(CBr)N=[N+]=[N-])c1,imidazolium,-6.701442,10.663271,cation,257.115
C=Cn1cc[n+](CC(N)=O)c1,imidazolium,-7.0300684,10.439381,cation,152.17700000000002
CC(=O)CCn1cc[n+](C)c1,imidazolium,-11.650233,13.8857,cation,153.205
CC(=O)OCC[N+](C)(C)C,ammonium,-2.1907005,-17.333471,cation,146.21
CC(=O)OCC[N+]1(C)CCCC1,pyrrolidinium,-29.409653,-24.838629,cation,172.24799999999996
CC(=O)[NH+](C)C,ammonium,-11.447583,-11.545954,cation,88.13
CC(C(O)c1ccccc1)[N+](C)(C)C,ammonium,5.616698,23.414408,cation,194.29799999999997
CC(C)=Cn1cc[n+](C)c1,imidazolium,-10.141848,10.222538,cation,137.206
CC(C)CCCCn1cc[n+](C)c1,imidazolium,-14.11649,13.8265505,cation,181.30300000000003
CC(C)CCCn1cc[n+](C)c1,imidazolium,-13.783855,13.304322,cation,167.27599999999998
CC(C)CCn1c[n+](CCCCS(=O)(=O)O)cn1,ammonium,6.683422,7.723445,cation,276.38199999999995
CC(C)CCn1cc[n+](C)c1,imidazolium,-13.295498,12.532043,cation,153.249
CC(C)C[N+]1(C)CCCC1,pyrrolidinium,-27.966148,-22.945103,cation,142.26599999999996
CC(C)C[N+]1(C)CCCCC1,piperidinium,-27.515352,-22.772661,cation,156.29299999999995
CC(C)C[NH3+],ammonium,-11.737288,-6.7415304,cation,74.14699999999999
CC(C)C[P+](C)(CC(C)C)CC(C)C,phosphonium,-13.376075,-5.7033386,cation,217.35699999999997
CC(C)Cn1cc[n+](C)c1,imidazolium,-12.693657,11.816286,cation,139.22199999999998
CC(C)[n+]1ccn(C)c1,imidazolium,-9.747864,8.922044,cation,125.19499999999998
CC(O)C[NH3+],ammonium,-10.40828,-6.6668253,cation,76.119
CCC(=O)[NH+](C)C,ammonium,-10.7205515,-11.482721,cation,102.15699999999998
CCC(C)C[NH3+],ammonium,-9.114088,-8.844464,cation,88.174
CCC=C[P+](CC)(CC)CC,phosphonium,4.0699344,-21.485723,cation,173.25999999999996
CCC=Cn1cc[n+](C)c1C,imidazolium,-5.2312903,4.7918625,cation,151.23299999999998
CCCC(CC)[N+](C)(C)C(=N)N(C)C,ammonium,-2.0992112,-12.114021,cation,200.35
CCCCC(CC)[NH2+]CCN,ammonium,0.14462091,-6.791828,cation,159.29699999999997
CCCCC(CCC)[N+](C)(C)C(=N)N(C)C,ammonium,-1.7238628,-11.837221,cation,228.404
CCCCCCCCC=CCCCCCCCC1=[N+](CC)CCN1CCO,ammonium,20.16751,-2.8831377,cation,379.65300000000013
CCCCCCCCCCCCCCCCCCn1cc[n+](C)c1,imidazolium,22.688358,-1.2575753,cation,335.5999999999999
CCCCCCCCCCCCCCCC[N+](C)(C)Cc1ccccc1,ammonium,21.97009,0.36468142,cation,360.65000000000003
CCCCCCCCCCCCCCCC[n+]1ccn(C)c1,imidazolium,21.77627,-1.1134536,cation,307.54599999999994
CCCCCCCCCCCCCCCCn1cc[n+](C)c1,imidazolium,21.26712,-0.9703228,cation,307.54599999999994
CCCCCCCCCCCCCC[N+](C)(C)Cc1ccccc1,ammonium,21.383467,1.0563663,cation,332.59599999999995
CCCCCCCCCCCCCC[N+](C)(CCOCCOCCOCCOCCOCCO)CCOCCOCCOCCOCCOCCO,ammonium,23.989632,-7.3180275,cation,757.0799999999999
CCCCCCCCCCCCCC[N+](CC)(CC)CC,ammonium,19.571318,-3.8430085,cation,298.579
CCCCCCCCCCCCCC[P+](CCCC)(CCCC)CCCC,phosphonium,23.831818,-4.69376,cation,399.7080000000003
CCCCCCCCCCCCCC[P+](CCCCCC)(CCCCCC)CCCCCC,phosphonium,25.219734,-3.9497588,cation,483.8700000000006
CCCCCCCCCCCCCCn1cc[n+](C)c1,imidazolium,20.12544,-0.59459114,cation,279.49199999999996
CCCCCCCCCCCCC[N+](C)(CCOCCO)CCOCCOCCO,ammonium,23.348864,-6.6644063,cation,434.68200000000036
CCCCCCCCCCCCOC(=O)C[N+](C)(C)C,ammonium,17.897322,-1.7976704,cation,286.47999999999996
CCCCCCCCCCCC[N+](C)(C)Cc1ccccc1,ammonium,20.851114,2.0068042,cation,304.542
CCCCCCCCCCCC[N+](CC)(CC)CC,ammonium,18.707882,-4.00128,cation,270.5249999999999
CCCCCCCCCCCC[P+](CCCC)(CCCC)CCCC,phosphonium,23.35715,-5.126902,cation,371.6540000000002
CCCCCCCCCCCC[n+]1ccccc1,pyridinium,18.729807,3.432981,cation,248.434
CCCCCCCCCCCCn1cc[n+](C)c1,imidazolium,17.59179,0.17688647,cation,251.438
CCCCCCCCCCCCn1cc[n+](CCCCCCCCCCCC)c1,imidazolium,23.719175,-2.124964,cation,405.73500000000035
CCCCCCCCCCCOC[n+]1cccc(O)c1,pyridinium,18.329245,2.2220693,cation,280.43199999999996
CCCCCCCCCCCn1cc[n+](C)c1,imidazolium,16.463913,0.49064034,cation,237.411
CCCCCCCCCCN1CCC[N+]2=C1CCCCC2,ammonium,-22.57858,-33.765453,cation,293.51900000000006
CCCCCCCCCC[N+](C)(C)Cc1ccccc1,ammonium,20.7059,2.5261858,cation,276.488
CCCCCCCCCC[N+](CC)(CC)CC,ammonium,17.830938,-4.4273047,cation,242.47099999999995
CCCCCCCCCC[N+]1(C)CCCCC1,piperidinium,-22.604137,-32.835197,cation,240.45499999999993
CCCCCCCCCC[P+](CC)(CC)CC,phosphonium,15.445463,-7.136567,cation,259.43799999999993
CCCCCCCCCC[n+]1ccccc1,pyridinium,18.453402,4.1062527,cation,220.38000000000002
CCCCCCCCCC[n+]1ccn(C)c1,imidazolium,15.229369,4.393359,cation,223.38400000000001
CCCCCCCCCC[n+]1ccn(Cc2ccc(C)cc2)c1,imidazolium,18.786627,15.643353,cation,313.50900000000007
CCCCCCCCCCn1cc[n+](C)c1,imidazolium,15.218502,0.9097337,cation,223.38400000000001
CCCCCCCCCCn1cc[n+](CC)c1,imidazolium,16.041739,1.6272087,cation,237.411
CCCCCCCCCCn1cc[n+](CCC#N)c1,imidazolium,16.292421,2.2907107,cation,262.421
CCCCCCCCCCn1cc[n+](CCCCCCCCCC)c1,imidazolium,22.05713,-2.01273,cation,349.6270000000002
CCCCCCCCCCn1cc[n+](CCCCCCCCCC)c1C,imidazolium,22.076801,-2.5924878,cation,363.6540000000002
CCCCCCCCC[N+]1(C)CCCCC1,piperidinium,-22.970327,-32.411972,cation,226.42799999999994
CCCCCCCCC[N+]1(C)CCOCC1,piperidinium,-20.072084,-30.71636,cation,228.39999999999995
CCCCCCCCC[P+](CC)(CC)CC,phosphonium,15.116522,-7.433297,cation,245.41099999999994
CCCCCCCCC[n+]1ccn(C)c1,imidazolium,14.3281355,4.949871,cation,209.35700000000003
CCCCCCCCCn1cc[n+](C)c1,imidazolium,14.046419,1.3177968,cation,209.35700000000003
CCCCCCCCCn1cc[n+](CCCCCCCCC)c1,imidazolium,20.817957,-1.8295127,cation,321.5730000000001
CCCCCCCCN1C=C[NH+](C)C1,ammonium,3.278813,-0.8525665,cation,197.34600000000003
CCCCCCCC[N+](C)(C)C,ammonium,3.5226028,-11.118962,cation,172.336
CCCCCCCC[N+](C)(CCCCCCCC)C(C)CCCCCC,ammonium,21.885311,-4.2836494,cation,368.71400000000017
CCCCCCCC[N+](C)(CCCCCCCC)C(CC)CCCCC,ammonium,21.70208,-4.7607656,cation,368.71400000000017
CCCCCCCC[N+](C)(CCCCCCCC)C(CCC)CCCC,ammonium,21.340975,-4.835576,cation,368.71400000000017
CCCCCCCC[N+](C)(CCCCCCCC)CCCCCCCC,ammonium,22.691376,-4.0712233,cation,368.7140000000002
CCCCCCCC[N+](CC)(CC)CC,ammonium,9.309789,-14.535294,cation,214.41699999999997
CCCCCCCC[N+](CCCCCCCC)(CCCCCCCC)CCCCCCCC,ammonium,24.924349,-2.9935968,cation,466.90300000000053
CCCCCCCC[N+]1(C)CCCC1,pyrrolidinium,-22.996864,-31.432749,cation,198.37399999999997
CCCCCCCC[N+]1(C)CCCCC1,piperidinium,-23.503368,-31.810936,cation,212.40099999999995
CCCCCCCC[N+]1(C)CCOCC1,piperidinium,-19.967108,-30.248072,cation,214.37299999999996
CCCCCCCC[NH+](CCCCCCCC)CCCCCCCC,ammonium,23.190077,-3.4035885,cation,354.6870000000002
CCCCCCCC[NH+]1C=CN(C)C1C,ammonium,4.0105658,-1.6911637,cation,211.37300000000002
CCCCCCCC[P+](CC)(CC)CC,phosphonium,14.74238,-7.7873697,cation,231.38399999999996
CCCCCCCC[P+](CCCC)(CCCC)CCCC,phosphonium,19.34845,-7.8121715,cation,315.54600000000005
CCCCCCCC[P+](CCCCCCCC)(CCCCCCCC)CCCCCCCC,phosphonium,25.219734,-3.9497588,cation,483.8700000000006
CCCCCCCC[S+]=C(N(C)C)N(C)C,sulfonium,0.3908668,-9.654125,cation,245.456
CCCCCCCC[n+]1cc(C)cc(C)c1,pyridinium,11.859268,9.115195,cation,220.38000000000002
CCCCCCCC[n+]1ccc(C)cc1,pyridinium,11.4684515,10.925808,cation,206.35300000000004
CCCCCCCC[n+]1ccc(N(C)C)cc1,pyridinium,10.689778,10.920114,cation,235.39500000000004
CCCCCCCC[n+]1ccc2ccccc2c1,pyridinium,14.369603,19.659197,cation,242.38600000000005
CCCCCCCC[n+]1cccc(C#N)c1,pyridinium,12.8475,11.196477,cation,217.33600000000004
CCCCCCCC[n+]1cccc(C)c1,pyridinium,12.651345,10.61323,cation,206.35300000000004
CCCCCCCC[n+]1cccc(C)c1C,pyridinium,13.029914,9.724205,cation,220.38000000000002
CCCCCCCC[n+]1cccc2ccccc21,pyridinium,14.277115,19.713333,cation,242.38600000000005
CCCCCCCC[n+]1ccccc1,pyridinium,14.965593,12.736714,cation,192.32600000000005
CCCCCCCC[n+]1ccn(C)c1,imidazolium,13.11407,5.5387115,cation,195.33000000000004
CCCCCCCC[n+]1ccn(CC)c1,imidazolium,13.282324,4.253774,cation,209.35700000000003
CCCCCCCC[n+]1ccn(Cc2ccc(C)cc2)c1,imidazolium,18.741127,16.164518,cation,285.45500000000004
CCCCCCCCc1cccc[n+]1CC,pyridinium,12.769339,16.164785,cation,220.38000000000002
CCCCCCCCn1cc[n+](C)c1,imidazolium,12.42892,1.5741787,cation,195.33000000000004
CCCCCCCCn1cc[n+](CCC#N)c1,imidazolium,13.778893,3.0015352,cation,234.36700000000002
CCCCCCCCn1cc[n+](CCCCCCCC)c1,imidazolium,19.251326,-0.9918429,cation,293.519
CCCCCCCOC[n+]1cccc(O)c1,pyridinium,12.255646,13.587147,cation,224.324
CCCCCCC[N+](C)(C)CC,ammonium,3.5870204,-11.572232,cation,172.33599999999998
CCCCCCC[N+](CC)(CC)CC,ammonium,8.839084,-14.863763,cation,200.39
CCCCCCC[N+]1(C)CCCC1,pyrrolidinium,-23.372353,-30.538841,cation,184.34699999999995
CCCCCCC[N+]1(C)CCCCC1,piperidinium,-23.96248,-30.935692,cation,198.37399999999994
CCCCCCC[N+]1(C)CCOCC1,piperidinium,-19.738625,-29.544058,cation,200.34599999999995
CCCCCCC[NH+]1C=CN(C)C1,ammonium,3.1995697,-2.1178226,cation,183.319
CCCCCCC[P+](CC)(CC)CC,phosphonium,14.38996,-8.1325445,cation,217.35699999999994
CCCCCCC[n+]1ccccc1,pyridinium,14.918245,13.278633,cation,178.29900000000004
CCCCCCC[n+]1ccn(C)c1,imidazolium,11.896888,5.9902787,cation,181.30300000000003
CCCCCCCc1cccc[n+]1CC,pyridinium,12.422751,16.483557,cation,206.353
CCCCCCCn1c(C)cc(C)[n+]1-c1ccccc1,imidazolium,16.289963,23.513948,cation,271.428
CCCCCCCn1cc[n+](C)c1,imidazolium,11.227211,1.7054129,cation,181.30300000000003
CCCCCCCn1cc[n+](CCCCCCC)c1,imidazolium,17.10203,1.4315896,cation,265.4649999999999
CCCCCCN1C=C[NH+](C)C1,ammonium,1.8869158,-1.0195695,cation,169.29199999999997
CCCCCCOC(=O)C[N+](C)(C)C,ammonium,2.4866257,-11.802023,cation,202.31799999999998
CCCCCCOC[n+]1cccc(O)c1,pyridinium,12.038166,13.789551,cation,210.29700000000003
CCCCCC[N+](C)(C)C,ammonium,2.5112402,-12.504673,cation,144.28199999999998
CCCCCC[N+](CC)(CC)CC,ammonium,8.227818,-15.273983,cation,186.36299999999997
CCCCCC[N+](CCCCCC)(CCCCCC)CCCCCC,ammonium,21.825853,-5.5824785,cation,354.6870000000002
CCCCCC[N+]1(C)CCCC1,pyrrolidinium,-24.072292,-29.552921,cation,170.31999999999996
CCCCCC[N+]1(C)CCCCC1,piperidinium,-24.615088,-29.939264,cation,184.34699999999995
CCCCCC[N+]1(C)CCOCC1,piperidinium,-19.396406,-28.581808,cation,186.31899999999996
CCCCCC[N+]1(CCCC)CCCC1,pyrrolidinium,-22.212818,-31.121822,cation,212.40099999999995
CCCCCC[N+]1(CCCCCC)CCCC1,pyrrolidinium,-21.809864,-31.98204,cation,240.45499999999993
CCCCCC[NH+](CCCCCC)CCCCCC,ammonium,19.354027,-5.9031086,cation,270.5249999999999
CCCCCC[NH+]1C=CN(C)C1,ammonium,2.7711282,-2.199089,cation,169.29199999999997
CCCCCC[NH2+]CCN,ammonium,1.2295399,-5.388709,cation,145.27
CCCCCC[P+](CCCCCC)(CCCCCC)CC(C)C,phosphonium,19.588995,-7.2249355,cation,343.6000000000001
CCCCCC[S+]=C(N(C)C)N(C)C,sulfonium,0.17562552,-9.8077345,cation,217.402
CCCCCC[n+]1cc(C)cc(C)c1,pyridinium,10.493783,9.082171,cation,192.326
CCCCCC[n+]1cc(C)cc(C)c1C,pyridinium,8.487309,-1.6516917,cation,206.35299999999998
CCCCCC[n+]1cc(C)cc(C)c1CC,pyridinium,8.705525,-2.170489,cation,220.37999999999997
CCCCCC[n+]1cc(C)cc(C)c1CCCCC,pyridinium,9.649654,-3.1235735,cation,262.46099999999996
CCCCCC[n+]1cc(CC)cc(CC)c1CCC,pyridinium,9.3565235,-3.6388779,cation,262.46099999999996
CCCCCC[n+]1ccc(C#N)cc1,pyridinium,8.987477,12.95416,cation,189.282
CCCCCC[n+]1ccc(C)cc1,pyridinium,8.981089,12.393484,cation,178.299
CCCCCC[n+]1ccc(N(C)C)c(C)c1,pyridinium,9.039495,10.826619,cation,221.368
CCCCCC[n+]1ccc(N(C)C)cc1,pyridinium,8.90647,11.517312,cation,207.341
CCCCCC[n+]1ccc(N2CCC(C)CC2)cc1,pyridinium,7.8345184,12.330035,cation,261.43299999999994
CCCCCC[n+]1ccc2ccccc2c1,pyridinium,13.680893,20.83463,cation,214.33200000000002
CCCCCC[n+]1cccc(C#N)c1,pyridinium,10.340012,13.110747,cation,189.282
CCCCCC[n+]1cccc(C)c1,pyridinium,10.492791,12.614469,cation,178.299
CCCCCC[n+]1cccc2ccccc21,pyridinium,13.565793,20.893688,cation,214.33200000000002
CCCCCC[n+]1ccccc1,pyridinium,14.9042015,13.954924,cation,164.27200000000002
CCCCCC[n+]1ccn(C)c1,imidazolium,11.031365,6.4463954,cation,167.27599999999998
CCCCCC[n+]1ccn(C)c1C,imidazolium,0.7288969,2.9335783,cation,181.30299999999997
CCCCCC[n+]1ccn(CC)c1,imidazolium,8.998804,5.0897274,cation,181.30299999999997
CCCCCC[n+]1ccn(CCC#N)c1,imidazolium,10.3250885,4.545919,cation,206.31299999999996
CCCCCC[n+]1ccn(Cc2ccc(C)cc2)c1,imidazolium,18.755527,17.276056,cation,257.40099999999995
CCCCCCc1cccc[n+]1CC,pyridinium,11.776523,17.10495,cation,192.326
CCCCCCn1c(C)cc(C)[n+]1-c1ccccc1,imidazolium,16.01838,23.734217,cation,257.401
CCCCCCn1c[n+](CCCCS(=O)(=O)O)cn1,ammonium,7.9447675,7.16922,cation,290.40899999999993
CCCCCCn1cc[n+](C)c1,imidazolium,10.231282,1.8302933,cation,167.27599999999998
CCCCCCn1cc[n+](C)c1C,imidazolium,-0.6237485,2.9923072,cation,181.30299999999997
CCCCCCn1cc[n+](CC)c1,imidazolium,8.521241,3.5007915,cation,181.30299999999997
CCCCCCn1cc[n+](CCC#N)c1,imidazolium,10.391128,4.300241,cation,206.31299999999996
CCCCCCn1cc[n+](CCCCCC)c1,imidazolium,14.723464,3.0203764,cation,237.41099999999992
CCCCC[N+](C)(C)CC,ammonium,2.2907174,-13.718522,cation,144.28199999999998
CCCCC[N+](C)(C)CCO,ammonium,1.3093425,-12.989102,cation,160.28099999999998
CCCCC[N+](C)(CC)CC,ammonium,4.061859,-14.304855,cation,158.30899999999997
CCCCC[N+](C)(CCC)CCC,ammonium,5.9913974,-13.046355,cation,186.36299999999997
CCCCC[N+](CC)(CC)CC,ammonium,7.543435,-15.717941,cation,172.33599999999998
CCCCC[N+]1(C)CCCC1,pyrrolidinium,-25.07078,-28.350742,cation,156.29299999999998
CCCCC[N+]1(C)CCOCC1,piperidinium,-19.03836,-27.565193,cation,172.29199999999997
CCCCC[NH3+],ammonium,-0.8315431,-5.6648207,cation,88.174
CCCCC[P+](CC)(CC)CC,phosphonium,6.573648,-21.3572,cation,189.30299999999997
CCCCC[S+]1CCCC1,sulfonium,-26.464027,-17.285704,cation,159.31799999999998
CCCCC[n+]1ccccc1,pyridinium,6.5731344,31.854141,cation,150.245
CCCCC[n+]1ccn(C)c1,imidazolium,-0.99831885,13.278182,cation,153.249
CCCCC[n+]1ccn(CCCC)c1,imidazolium,8.698165,4.3039117,cation,195.32999999999996
CCCCCc1c(C)cc(C)c[n+]1CC,pyridinium,8.040447,-2.163457,cation,206.35299999999998
CCCCCc1c(C)cc(C)c[n+]1CCCC,pyridinium,8.881357,-2.7751968,cation,234.40699999999995
CCCCCc1cccc[n+]1CC,pyridinium,10.798996,18.062977,cation,178.29899999999998
CCCCCn1c(C)cc(C)[n+]1-c1ccccc1,imidazolium,15.62394,24.013948,cation,243.37400000000002
CCCCCn1cc[n+](C)c1,imidazolium,-10.196533,16.680077,cation,153.249
CCCCCn1cc[n+](C)c1C,imidazolium,-1.276515,3.2616987,cation,167.27599999999998
CCCCCn1cc[n+](CCCCC)c1,imidazolium,9.43633,3.8109775,cation,209.35699999999994
CCCCN1C=C[NH+](C)C1,ammonium,-4.5032067,-0.70067674,cation,141.23799999999997
CCCCN1C=C[NH+](CCCC)C1,ammonium,1.7505003,-1.6420205,cation,183.31899999999993
CCCCNC(=O)C[n+]1ccn(CC)c1,imidazolium,2.0194669,7.10755,cation,210.301
CCCCOC(=O)c1nccc[n+]1CCCC,ammonium,3.3586032,4.6543303,cation,237.32299999999998
CCCCOCC(O)CN(CCCn1cc[nH+]c1)C(C)=O,imidazolium,5.2198863,2.4994228,cation,298.40700000000004
CCCCOCC(O)CNCCCn1cc[nH+]c1,imidazolium,5.2287965,2.4992418,cation,256.36999999999995
CCCCOC[n+]1cccc(O)c1,pyridinium,8.734143,16.353989,cation,182.243
CCCC[N+](C)(C)C,ammonium,-0.5028701,-15.3925,cation,116.22799999999998
CCCC[N+](C)(C)C(=N)N(C)C,ammonium,-1.9037865,-12.831194,cation,172.296
CCCC[N+](C)(C)CC,ammonium,1.092294,-15.008867,cation,130.25499999999997
CCCC[N+](C)(C)CCO,ammonium,0.5370836,-13.561753,cation,146.254
CCCC[N+](C)(CC)CC,ammonium,3.454125,-15.074848,cation,144.28199999999998
CCCC[N+](C)(CCC)CCC,ammonium,5.6614385,-13.362868,cation,172.33599999999996
CCCC[N+](C)(CCCC)CCCC,ammonium,6.7857933,-12.629936,cation,200.38999999999993
CCCC[N+](CC)(CC)CC,ammonium,6.8486924,-16.163702,cation,158.30899999999997
CCCC[N+](CCCC)(CCCC)CCCC,ammonium,7.758965,-12.223208,cation,242.4709999999999
CCCC[N+]1(C)CCCC1,pyrrolidinium,-25.695314,-27.24089,cation,142.26599999999996
CCCC[N+]1(C)CCCCC1,piperidinium,-26.061008,-26.845932,cation,156.29299999999995
CCCC[N+]1(C)CCOCC1,piperidinium,-18.84483,-26.642763,cation,158.26499999999996
CCCC[N+]1C=CC=C(C(=O)[O-])C1,piperidinium,1.8050351,12.511936,cation,180.22699999999995
CCCC[NH+]1C=CN=C1,ammonium,-11.510499,4.41586,cation,125.19499999999996
CCCC[NH+]1C=CN=C1c1ccccc1,ammonium,11.115917,23.455997,cation,201.293
CCCC[NH+]1CCCC1,pyrrolidinium,-24.180935,-19.036316,cation,128.23899999999998
CCCC[NH3+],ammonium,-7.213335,-7.865743,cation,74.14699999999999
CCCC[P+](C)(CCCC)CCCC,phosphonium,13.587873,-12.417744,cation,217.3569999999999
CCCC[P+](CC)(CC)CC,phosphonium,5.949165,-21.488565,cation,175.27599999999995
CCCC[P+](CC)(CCCC)CCCC,phosphonium,14.115567,-11.644962,cation,231.3839999999999
CCCC[P+](CCCC)(CCCC)CCC(F)(F)C(F)(F)C(F)(F)C(F)(F)C(F)(F)C(F)(F)F,phosphonium,-18.465824,4.0662317,cation,549.416
CCCC[P+](CCCC)(CCCC)CCCC,phosphonium,15.516702,-11.589499,cation,259.43799999999993
CCCC[P+](CCCC)(CCCC)CCCN,phosphonium,15.498296,-12.268839,cation,260.42599999999993
CCCC[P+](CCCC)(CCCC)CCSC,phosphonium,14.889217,-12.314164,cation,277.47799999999995
CCCC[P+](CCCC)(CCCC)CCSCC,phosphonium,14.878536,-11.515573,cation,291.505
CCCC[P+](CCCC)(CCCC)COC,phosphonium,14.435811,-12.771572,cation,247.38299999999992
CCCC[P+](CCCC)(CCCC)CSC,phosphonium,14.236709,-12.201129,cation,263.45099999999996
CCCC[S+]1CCCC1,sulfonium,-25.97468,-17.266518,cation,145.29099999999997
CCCC[S+]1CCCCC1,sulfonium,-26.061438,-17.722195,cation,159.31799999999996
CCCC[n+]1cc(C)cc(C)c1,pyridinium,4.0800204,14.694321,cation,164.27199999999996
CCCC[n+]1cc[nH]c1,imidazolium,1.4955926,12.362929,cation,125.19499999999996
CCCC[n+]1ccc(C#N)cc1,pyridinium,6.8518887,14.639591,cation,161.22799999999998
CCCC[n+]1ccc(C)c(C)c1,pyridinium,4.9112577,15.360827,cation,164.27199999999996
CCCC[n+]1ccc(C)cc1,pyridinium,6.2960005,14.534519,cation,150.24499999999998
CCCC[n+]1ccc(N(C)C)cc1,pyridinium,6.2246222,13.552531,cation,179.28699999999998
CCCC[n+]1ccc2ccccc2c1,pyridinium,12.812126,21.989138,cation,186.278
CCCC[n+]1cccc(C#N)c1,pyridinium,6.620298,16.173067,cation,161.22799999999998
CCCC[n+]1cccc(C)c1,pyridinium,5.750935,16.791477,cation,150.24499999999998
CCCC[n+]1cccc(C)c1C,pyridinium,4.5224156,15.951678,cation,164.27199999999996
CCCC[n+]1cccc2ccccc21,pyridinium,12.666886,22.11029,cation,186.278
CCCC[n+]1ccccc1,pyridinium,5.8995733,31.313604,cation,136.21799999999996
CCCC[n+]1ccccc1C,pyridinium,7.9293795,19.103428,cation,150.24499999999995
CCCC[n+]1ccn(C(CC)CC)c1,imidazolium,2.7208047,6.734103,cation,195.32999999999996
CCCC[n+]1ccn(C)c1,imidazolium,-1.7046467,13.076097,cation,139.22199999999998
CCCC[n+]1ccn(C)c1C,imidazolium,-2.7674725,6.204632,cation,153.24899999999997
CCCC[n+]1ccn(C2CCCC2)c1,imidazolium,0.1045713,5.8454638,cation,193.31399999999994
CCCC[n+]1ccn(CC)c1,imidazolium,2.1918066,7.4789677,cation,153.249
CCCC[n+]1ccn(CCC#N)c1,imidazolium,3.879332,8.939767,cation,178.259
CCCC[n+]1ccn(Cc2ccc(C)cc2)c1,imidazolium,18.848562,18.322615,cation,229.347
CCCC[n+]1ccn(Cc2ccccc2)c1,imidazolium,12.68446,25.988699,cation,215.32000000000002
CCCCc1cccc[n+]1CC,pyridinium,9.578524,19.119421,cation,164.27199999999993
CCCCn1c(C)cc(C)[n+]1-c1ccccc1,imidazolium,15.237079,24.201544,cation,229.347
CCCCn1c[n+](CCCCS(=O)(=O)O)cn1,ammonium,7.242078,7.19923,cation,262.35499999999996
CCCCn1c[nH+]c2ccccc21,imidazolium,10.418793,22.801533,cation,175.255
CCCCn1cc[n+](C)c1,imidazolium,-10.343301,15.652709,cation,139.22199999999998
CCCCn1cc[n+](C)c1C,imidazolium,-2.5738115,3.8812995,cation,153.24899999999997
CCCCn1cc[n+](CC)c1,imidazolium,0.997123,8.160989,cation,153.249
CCCCn1cc[n+](CCC#N)c1,imidazolium,3.9011478,8.924701,cation,178.259
CCCCn1cc[n+](CCC(C)C)c1,imidazolium,3.9759164,6.9313664,cation,195.32999999999998
CCCCn1cc[n+](CCCC)c1,imidazolium,7.704456,4.5853724,cation,181.30299999999997
CCCCn1cc[n+](CCCCCCO)c1,imidazolium,13.041559,3.413505,cation,225.35599999999994
CCCCn1cc[n+](CCCCS(=O)(=O)O)c1,imidazolium,6.953388,6.3851423,cation,261.36699999999996
CCCCn1cc[n+](CCCS(=O)(=O)O)c1,imidazolium,6.661726,6.340999,cation,247.33999999999997
CCCCn1cc[n+](CCOCCOCCOCCOCC[n+]2ccn(CCCC)c2)c1,imidazolium,19.183088,8.515857,cation,452.64000000000027
CCCCn1cc[n+](CCOCCOCCOCC[n+]2ccn(CCCC)c2)c1,imidazolium,18.868195,8.515941,cation,408.58700000000016
CCCCn1cc[n+](CCOCCOCC[n+]2ccn(CCCC)c2)c1,imidazolium,18.218407,8.478864,cation,364.5340000000001
CCCCn1cc[n+](CCOCC[n+]2ccn(CCCC)c2)c1,imidazolium,17.752888,8.429783,cation,320.48100000000005
CCCCn1ccc[n+]1C,imidazolium,0.70407975,11.555177,cation,139.22199999999998
CCCN,other,-8.350783,-8.200447,cation,59.11199999999999
CCCOCC[N+]1(C)CCCC1,pyrrolidinium,-28.930962,-27.18997,cation,172.29199999999994
CCCOCC[n+]1ccccc1,pyridinium,3.7403445,31.654474,cation,166.244
CCCOCC[n+]1ccn(C)c1,imidazolium,-1.8528824,12.01266,cation,169.248
CCCOC[n+]1cccc(O)c1,pyridinium,8.585114,16.497772,cation,168.21599999999998
CCC[N+](C)(C)CC,ammonium,0.34907293,-15.662912,cation,116.22799999999998
CCC[N+](C)(C)CCO,ammonium,-0.23468845,-14.054554,cation,132.227
CCC[N+](C)(CC)CC,ammonium,3.0150332,-15.90449,cation,130.25499999999997
CCC[N+](C)(CC)CCC,ammonium,3.7254598,-15.523288,cation,144.28199999999998
CCC[N+]1(C)CCCC1,pyrrolidinium,-26.838667,-25.158043,cation,128.23899999999998
CCC[N+]1(C)CCCCC1,piperidinium,-26.482857,-25.579182,cation,142.26599999999996
CCC[N+]1(C)CCOCC1,piperidinium,-18.766497,-25.430918,cation,144.23799999999997
CCC[NH+](C)C,ammonium,-9.300007,-11.527708,cation,88.17399999999999
CCC[NH+](C)CCC,ammonium,-6.840509,-12.934356,cation,116.228
CCC[NH+](CC)CC,ammonium,-6.5948815,-12.538356,cation,116.228
CCC[NH3+],ammonium,-8.620481,-8.025457,cation,60.11999999999999
CCC[S+]1CCCC1,sulfonium,-25.438814,-17.288963,cation,131.26399999999998
CCC[n+]1cccc(C)c1,pyridinium,5.2503533,18.0644,cation,136.21799999999996
CCC[n+]1ccccc1,pyridinium,5.3202195,30.256006,cation,122.19099999999995
CCC[n+]1ccn(C)c1C,imidazolium,-3.6328356,6.3447366,cation,139.22199999999998
CCC[n+]1cn(C)cn1,ammonium,-4.712654,7.760357,cation,126.18299999999998
CCCc1cccc[n+]1CC,pyridinium,8.686625,19.933222,cation,150.24499999999995
CCCn1cc[n+](C)c1,imidazolium,-10.374957,13.737596,cation,125.19499999999996
CCCn1cc[n+](C)c1C,imidazolium,-3.9906785,4.311241,cation,139.22199999999998
CCCn1cc[n+](CC)c1,imidazolium,-0.023095421,8.340429,cation,139.22199999999998
CCN(C)C,other,-10.309979,-13.061203,cation,73.139
CCN(CC)c1c(N(CC)CC)[c+]1N(CC)CC,other,6.141865,-8.643724,cation,252.42599999999996
CCN(CC)c1c(N(CC)CC)c1=[N+](CC)CC,ammonium,6.1426063,-8.6428175,cation,252.42599999999996
CCN=C(N(C)C)[NH+](C)C,ammonium,-11.688549,-13.46984,cation,144.242
CCOC(=O)C[N+](C)(C)CC,ammonium,-0.8051209,-16.922316,cation,160.237
CCOC(=O)C[N+]1(C)CCCC1,pyrrolidinium,-29.03858,-24.137169,cation,172.24799999999996
CCOC(=O)C[n+]1ccccc1,pyridinium,3.8497515,29.35292,cation,166.20000000000002
CCOC(=O)Cn1cc[n+](C)c1,imidazolium,-11.560798,13.193992,cation,169.20399999999998
CCOC(=O)c1ccc[n+](CC)c1,pyridinium,5.8595047,18.947462,cation,180.22699999999995
CCOCC[N+](C)(C)CC,ammonium,0.7591175,-16.687,cation,146.254
CCOCC[N+]1(C)CCCC1,pyrrolidinium,-29.059042,-25.947725,cation,158.265
CCOCC[N+]1(C)CCCCC1,piperidinium,-28.570969,-26.105179,cation,172.29199999999997
CCOCC[N+]1(C)CCOCC1,piperidinium,-19.820139,-24.983032,cation,174.26399999999998
CCOCC[NH+](C)C,ammonium,-8.56828,-12.513585,cation,118.2
CCOCC[n+]1ccccc1,pyridinium,3.8597481,30.759012,cation,152.217
CCOCCn1cc[n+](C)c1,imidazolium,-9.035106,13.975559,cation,155.221
CCOCCn1cc[n+](CC)c1,imidazolium,0.027726855,9.050818,cation,169.248
CCOC[N+](C)(C)CC,ammonium,0.12650166,-16.552305,cation,132.227
CCOC[N+]1(C)CCCC1,pyrrolidinium,-28.343424,-24.79254,cation,144.23799999999997
CCOC[N+]1(C)CCCCC1,piperidinium,-28.021452,-25.140396,cation,158.26499999999996
CCOC[N+]1(C)CCOCC1,piperidinium,-19.358543,-24.494251,cation,160.23699999999997
CCOC[P+](CC)(CC)CC,phosphonium,4.751355,-22.632898,cation,177.24799999999996
CCOC[n+]1ccccc1,pyridinium,4.241103,29.942932,cation,138.18999999999997
CCOC[n+]1ccn(C)c1,imidazolium,-4.0695367,10.773355,cation,141.194
CCOCc1n(CC)cc[n+]1C,imidazolium,-3.4231257,5.007275,cation,169.24800000000002
CCOCn1cc[n+](C)c1,imidazolium,-9.401805,13.316696,cation,141.194
CCOn1cc[n+](OCC)c1,imidazolium,-3.9334648,9.046856,cation,157.19299999999998
CCS(=O)(=O)CCn1cc[n+](C)c1,imidazolium,-13.105012,15.516363,cation,203.287
CCSCC[P+](CC)(CC)CC,phosphonium,5.6363835,-22.0049,cation,207.34299999999996
CC[N+](C)(C)CC#N,ammonium,-3.3114607,-15.948992,cation,113.184
CC[N+](C)(C)CCCO,ammonium,-0.7297257,-14.47491,cation,132.227
CC[N+](C)(C)CCCOC,ammonium,0.63833207,-17.708279,cation,146.254
CC[N+](C)(C)CCO,ammonium,-1.4352839,-14.897487,cation,118.19999999999999
CC[N+](C)(C)CCOC,ammonium,-0.062267885,-17.82928,cation,132.227
CC[N+](C)(C)CCOC(C)=O,ammonium,-1.1658306,-17.130173,cation,160.237
CC[N+](C)(C)CCOCCOC,ammonium,1.0605345,-18.643835,cation,176.27999999999997
CC[N+](C)(CC)CCOC,ammonium,2.0042555,-17.179688,cation,146.254
CC[N+](CC)(CC)CC,ammonium,6.228502,-16.880219,cation,130.255
CC[N+](CC)(CC)CCOC,ammonium,5.799091,-16.879274,cation,160.28099999999998
CC[N+](CC)=C(N(C)C)N(C)C,ammonium,-3.6790345,-12.290648,cation,172.296
CC[N+]1(C)CCCC1,pyrrolidinium,-27.01254,-24.024836,cation,114.212
CC[N+]1(C)CCCCC1,piperidinium,-26.53717,-24.346493,cation,128.239
CC[N+]1(C)CCOCC1,piperidinium,-18.60003,-24.671776,cation,130.21099999999998
CC[NH+](C)CC,ammonium,-8.510942,-11.395799,cation,88.17399999999999
CC[NH+](CC)CC,ammonium,-7.0987973,-12.019405,cation,102.201
CC[NH+]1C=CN(C)C1,ammonium,-9.330084,0.5703238,cation,113.184
CC[NH+]1C=CN=C1,ammonium,-10.781331,4.3928194,cation,97.14099999999999
CC[NH2+]CC,ammonium,-8.15,-9.441326,cation,74.14699999999999
CC[NH3+],ammonium,-9.708071,-7.9845185,cation,46.092999999999996
CC[P+](CC)(CC)CCOC,phosphonium,5.4941716,-22.79916,cation,177.24799999999996
CC[P+](CC)(CC)CCSC,phosphonium,5.102286,-21.882402,cation,193.31599999999997
CC[P+](CC)(CC)COCCOC,phosphonium,5.7083464,-23.285177,cation,207.27399999999994
CC[P+](CC)(CC)CSC,phosphonium,4.600436,-22.029993,cation,179.289
CC[S+](C)CC,sulfonium,-7.340489,-10.227962,cation,105.226
CC[S+](CC)CC,sulfonium,-6.3979273,-10.311342,cation,119.253
CC[S+](CC)CCOCCOCCOCCOCC[S+](CC)CC,sulfonium,12.215259,-19.65806,cation,384.64800000000014
CC[S+](CC)CCOCCOCCOCC[S+](CC)CC,sulfonium,11.90719,-19.778063,cation,340.595
CC[S+](CC)CCOCCOCC[S+](CC)CC,sulfonium,11.2926035,-20.005373,cation,296.54200000000003
CC[S+](CC)CCOCC[S+](CC)CC,sulfonium,10.919013,-20.133965,cation,252.48899999999995
CC[S+]1CCCC1,sulfonium,-25.085724,-17.324074,cation,117.23700000000001
CC[n+]1cc(C)n(C)c1,imidazolium,-5.5224395,6.8243246,cation,125.195
CC[n+]1ccc(C)cc1,pyridinium,3.129084,18.416182,cation,122.19099999999997
CC[n+]1ccc(N(C)C)cc1,pyridinium,2.0790553,18.319235,cation,151.233
CC[n+]1cccc(C)c1,pyridinium,4.9434714,19.14151,cation,122.19099999999997
CC[n+]1ccccc1,pyridinium,4.9335465,28.954147,cation,108.16399999999997
CC[n+]1ccccc1C,pyridinium,6.914055,21.113218,cation,122.19099999999997
CC[n+]1ccn(C)c1,imidazolium,-4.76466,11.0141325,cation,111.16799999999999
CC[n+]1ccn(CCOC)c1,imidazolium,-0.99709046,9.461044,cation,155.221
CC[n+]1ccn(Cc2ccc(C)cc2)c1,imidazolium,18.96985,19.20087,cation,201.293
CCc1cccc[n+]1C,pyridinium,6.599954,21.434565,cation,122.19099999999997
CCc1cccc[n+]1CC,pyridinium,7.920663,20.466478,cation,136.218
CCn1cc(C)[n+](C)c1,imidazolium,-5.65652,6.282375,cation,125.195
CCn1cc(C)[n+](CC)c1,imidazolium,-5.015267,6.4845552,cation,139.222
CCn1cc[n+](C)c1,imidazolium,-10.538719,11.6983385,cation,111.16799999999999
CCn1cc[n+](C)c1C,imidazolium,-4.8196416,4.7424855,cation,125.195
CCn1cc[n+](CC)c1,imidazolium,-0.92132545,8.223457,cation,125.195
CCn1cc[n+](CCOC)c1,imidazolium,-1.4054192,9.856355,cation,155.221
CCn1cc[nH+]c1,imidazolium,-8.549611,6.510916,cation,97.14099999999999
CCn1ccc[n+]1C,imidazolium,-7.1211967,7.646992,cation,111.16799999999999
CN(C)C(=N)[NH+](C)C,ammonium,-11.6328335,-13.076266,cation,116.18799999999999
CN(C)C(N)=[N+](C)C,ammonium,-10.916091,-13.497515,cation,116.188
CN(C)c1cc[n+](C)cc1,pyridinium,1.7927324,18.501661,cation,137.206
CN1C=C[NH+](C)C1,ammonium,-9.088742,1.0421333,cation,99.157
CN1C=C[NH+](CCO)C1,ammonium,-9.758449,-0.061604515,cation,129.183
CN1CCC[NH+]2CCCN=C12,ammonium,-22.844685,-19.827568,cation,154.237
CNCCO,other,-9.029568,-6.6233406,cation,75.11099999999999
COC(=O)C([NH3+])Cc1ccccc1,ammonium,8.459523,24.231792,cation,180.22700000000003
COC(=O)C1CCC[NH2+]1,pyrrolidinium,-21.9383,-18.221684,cation,130.167
COC(C)Cn1cc[n+](C)c1,imidazolium,-11.781042,11.748936,cation,155.221
COCCCCn1cc[n+](C)c1,imidazolium,-9.021597,16.53136,cation,169.248
COCCC[N+]1(C)CCCC1,pyrrolidinium,-27.697775,-27.182493,cation,158.265
COCCC[N+]1(C)CCCCC1,piperidinium,-27.143188,-27.201153,cation,172.29199999999997
COCCC[N+]1(C)CCOCC1,piperidinium,-19.683947,-26.23701,cation,174.26399999999998
COCCC[n+]1ccccc1,pyridinium,4.8850374,31.539444,cation,152.217
COCCC[n+]1ccn(C)c1,imidazolium,-2.706594,12.171497,cation,155.221
COCCCn1cc[n+](C)c1,imidazolium,-8.97132,15.770713,cation,155.221
COCCOCCOCC[n+]1ccccc1,pyridinium,2.487045,32.56955,cation,226.29600000000002
COCCOCC[n+]1ccccc1,pyridinium,3.0801694,32.174652,cation,182.24300000000005
COCCOCCn1cc[n+](C)c1,imidazolium,-7.7981606,16.086037,cation,185.24700000000004
COCC[N+](C)(C)C,ammonium,-1.7321973,-18.136086,cation,118.19999999999999
COCC[N+]1(C)CCCC1,pyrrolidinium,-27.666567,-26.13609,cation,144.23799999999997
COCC[N+]1(C)CCCCC1,piperidinium,-27.217476,-26.273685,cation,158.26499999999996
COCC[N+]1(C)CCOCC1,piperidinium,-19.552322,-25.6705,cation,160.23699999999997
COCC[NH+]1C=CN(C)C1,ammonium,-9.1309805,-0.113843955,cation,143.20999999999995
COCC[NH2+]CCOC,ammonium,-3.8075225,-9.896995,cation,134.199
COCC[n+]1ccccc1,pyridinium,4.7126937,30.872246,cation,138.18999999999997
COCC[n+]1ccn(C)c1,imidazolium,-2.9972105,11.806607,cation,141.194
COCCn1cc[n+](C)c1,imidazolium,-9.104856,14.880893,cation,141.194
COC[N+]1(C)CCCC1,pyrrolidinium,-27.559258,-24.290453,cation,130.21099999999998
COC[n+]1ccccc1,pyridinium,4.992618,29.527544,cation,124.16299999999995
COCn1cc[n+](C)c1,imidazolium,-10.748242,12.284361,cation,127.16699999999997
COc1ccc(-[n+]2c(C)cc(C)n2C)cc1,imidazolium,2.0804486,23.390665,cation,217.292
C[N+](C)(C)C,ammonium,-3.499734,-17.361496,cation,74.14699999999999
C[N+](C)(C)CCCC(=O)O,ammonium,-1.9799627,-16.345758,cation,146.21
C[N+](C)(C)CCC[N+]1(C)CCCCC1,piperidinium,-27.058552,-28.595999,cation,200.36999999999992
C[N+](C)(C)CCC[n+]1ccccc1,pyridinium,5.586228,32.8018,cation,180.29500000000002
C[N+](C)(C)CCO,ammonium,-2.1860094,-15.525239,cation,104.17299999999999
C[N+](C)(CCCS(=O)(=O)O)C1CCCCC1,ammonium,-24.506977,-20.219667,cation,250.38399999999993
C[N+](C)(CCO)CCCNC(=O)C(O)C(O)C(O)C(O)CO,ammonium,-3.3026757,-7.5050807,cation,325.38200000000006
C[N+](C)=CCl,ammonium,-11.004143,-8.621064,cation,92.549
C[N+](CCO)(CCO)CCO,ammonium,-4.2415524,-6.6062326,cation,164.22499999999997
C[N+]1(C#N)CCOCC1,piperidinium,-17.949596,-23.962038,cation,127.167
C[N+]1(CC#N)CCCC1,pyrrolidinium,-26.09147,-23.244343,cation,125.19500000000001
C[N+]1(CC#N)CCCCC1,piperidinium,-25.652685,-23.526943,cation,139.222
C[N+]1(CC#N)CCOCC1,piperidinium,-17.732162,-24.530537,cation,141.194
C[N+]1(CCCC#N)CCOCC1,piperidinium,-17.37831,-25.641743,cation,169.248
C[N+]1(CCCO)CCCC1,pyrrolidinium,-24.75245,-25.816381,cation,144.23799999999997
C[N+]1(CCCO)CCCCC1,piperidinium,-25.26493,-26.05081,cation,158.26499999999996
C[N+]1(CCCO)CCOCC1,piperidinium,-18.058329,-26.395248,cation,160.23699999999997
C[N+]1(CCO)CCCC1,pyrrolidinium,-25.143097,-24.820654,cation,130.21099999999998
C[N+]1(CCO)CCCCC1,piperidinium,-25.597176,-25.125498,cation,144.23799999999997
C[N+]1(CCO)CCOCC1,piperidinium,-18.146778,-25.642735,cation,146.20999999999998
C[N+]1(CCOC(=O)C(O)(c2ccccc2)c2ccccc2)CCCC1,pyrrolidinium,9.419778,26.952621,cation,340.4430000000002
C[N+]1(CCOCCOCCOCCOCC[N+]2(C)CCCC2)CCCC1,pyrrolidinium,-30.067122,-30.396465,cation,374.56600000000026
C[N+]1(CCOCCOCCOCC[N+]2(C)CCCC2)CCCC1,pyrrolidinium,-29.962961,-30.106293,cation,330.51300000000015
C[N+]1(CCOCCOCC[N+]2(C)CCCC2)CCCC1,pyrrolidinium,-29.810162,-29.67991,cation,286.46000000000004
C[N+]1(Cc2ccccc2)CCOCC1,piperidinium,7.5598392,24.870464,cation,192.2819999999999
C[NH+](C)C,ammonium,-11.459985,-11.0994,cation,60.120000000000005
C[NH+](C)CCO,ammonium,-9.938272,-10.256996,cation,90.146
C[NH+](CCO)CCO,ammonium,-5.863935,-5.7215033,cation,120.17199999999998
C[NH+]1C=CN(CCC(F)(F)C(F)(F)C(F)(F)C(F)(F)F)C1,ammonium,-17.394283,3.487665,cation,331.20199999999994
C[NH+]1C=CN(CCCO)C1,ammonium,-4.767286,-0.7513075,cation,143.21
C[NH+]1C=CN=C1,ammonium,-10.28587,4.491544,cation,83.11399999999999
C[NH+]1CCCC1=O,pyrrolidinium,-22.13898,-18.305056,cation,100.14099999999999
C[NH2+]CCO,ammonium,-8.457861,-6.6613173,cation,76.119
C[NH3+],ammonium,-10.783907,-7.9386063,cation,32.066
C[n+]1cc[nH]c1,imidazolium,-8.215832,8.021616,cation,83.11399999999999
C[n+]1ccccc1,pyridinium,5.263666,27.949514,cation,94.13699999999999
C[n+]1ccn(CC#N)c1,imidazolium,-9.868959,12.3568,cation,122.151
C[n+]1ccn(CC(F)(F)F)c1,imidazolium,-12.463248,9.922024,cation,165.138
C[n+]1ccn(CCC(F)(F)C(F)(F)C(F)(F)C(F)(F)C(F)(F)C(F)(F)F)c1,imidazolium,-17.775253,3.8704164,cation,429.19999999999993
C[n+]1ccn(CCCC#N)c1,imidazolium,-11.01306,17.565022,cation,150.205
C[n+]1ccn(CCCC(=O)O)c1,imidazolium,-11.931612,15.29846,cation,169.204
C[n+]1ccn(CCCCC#N)c1,imidazolium,-10.980153,17.795444,cation,164.23200000000003
C[n+]1ccn(CCCCCCCC(=O)O)c1,imidazolium,12.724843,0.907186,cation,225.31199999999998
C[n+]1ccn(CCCCCCCCO)c1,imidazolium,13.585007,0.79027665,cation,211.32899999999998
C[n+]1ccn(CCCCCn2cc[n+](C)c2)c1,imidazolium,-13.111762,19.367426,cation,234.34700000000004
C[n+]1ccn(CCCCO)c1,imidazolium,-11.601768,16.498192,cation,155.22100000000003
C[n+]1ccn(CCCCS(=O)(=O)O)c1,imidazolium,-13.340892,16.413633,cation,219.286
C[n+]1ccn(CCCCn2cc[n+](C)c2)c1,imidazolium,-13.09486,19.315264,cation,220.32000000000002
C[n+]1ccn(CCCO)c1,imidazolium,-11.381239,15.755422,cation,141.19400000000002
C[n+]1ccn(CCCl)c1,imidazolium,-10.630958,13.966314,cation,145.613
C[n+]1ccn(CCO)c1,imidazolium,-11.062262,14.7029295,cation,127.16699999999999
C[n+]1ccn(CCc2ccccc2)c1,imidazolium,11.03977,26.258654,cation,187.26600000000002
C[n+]1ccn(Cc2ccccc2)c1,imidazolium,10.927392,26.381586,cation,173.239
C[n+]1cn(CCCCS(=O)(=O)O)c2ccccc21,imidazolium,10.25869,21.988337,cation,269.346
Cc1c(CCO)sc[n+]1Cc1ccccc1,ammonium,9.930602,24.520992,cation,234.34400000000002
Cc1cc(C)[n+](-c2ccc(Cl)cc2)n1C,imidazolium,2.2071323,23.385145,cation,221.711
Cc1cc(C)[n+](-c2ccccc2)n1C,imidazolium,3.5204864,23.715187,cation,187.26600000000002
Cc1ccc(-[n+]2c(C)cc(C)n2C)cc1,imidazolium,1.8585551,23.325777,cation,201.293
Cc1ccc(CN2C=C[NH+](C)C2)cc1,ammonium,19.129107,20.10835,cation,189.282
Cc1ccc(Cn2cc[n+](C)c2)cc1,imidazolium,19.010818,19.54985,cation,187.26600000000002
Cc1ccc[n+](C)c1,pyridinium,4.834733,20.610914,cation,108.164
Cc1ccc[n+](CC(C)C)c1,pyridinium,4.2839417,19.706404,cation,150.245
Cc1cccc[n+]1C,pyridinium,5.795481,21.832216,cation,108.164
Cc1cccc[nH+]1,pyridinium,6.2570724,22.401472,cation,94.137
Cc1ccccc1-[n+]1ccc(C)n1C,imidazolium,3.7772892,23.41378,cation,187.266
Cc1ncc[nH+]n1,ammonium,-9.201368,4.700962,cation,96.113
Cn1cc[n+](C)c1,imidazolium,-9.40656,9.733908,cation,97.14099999999999
Cn1cc[n+](C)c1Cl,imidazolium,-7.100011,6.743763,cation,131.586
Cn1cc[n+](CC#N)c1,imidazolium,-5.0965114,12.510495,cation,122.151
Cn1cc[n+](CC(CBr)N=[N+]=[N-])c1,imidazolium,-5.3473325,11.69714,cation,245.104
Cn1cc[n+](CCCC#N)c1,imidazolium,-4.008417,13.770799,cation,150.205
Cn1cc[n+](CCCCCCO)c1,imidazolium,12.253801,6.3191648,cation,183.275
Cn1cc[n+](CCCCS(=O)(=O)O)c1,imidazolium,-3.0206425,16.205612,cation,219.286
Cn1cc[n+](CCCO)c1,imidazolium,-3.3693488,13.256577,cation,141.19400000000002
Cn1cc[n+](CCCS(=O)(=O)O)c1,imidazolium,-3.0877264,16.143358,cation,205.25900000000001
Cn1cc[n+](CCC[n+]2ccn(C)c2)c1,imidazolium,-2.2596028,14.418541,cation,206.29300000000003
Cn1cc[n+](CCCc2ccccc2)c1,imidazolium,12.361782,26.951849,cation,201.29300000000003
Cn1cc[n+](CCO)c1,imidazolium,-3.957013,12.795724,cation,127.16699999999999
Cn1cc[n+](CCc2ccccc2)c1,imidazolium,12.019352,27.123173,cation,187.26600000000002
Cn1cc[n+](Cc2ccccc2)c1,imidazolium,11.683083,27.24113,cation,173.239
N#CCC[NH+]1C=CN=C1,ammonium,-11.3345995,3.8022287,cation,122.15099999999997
N#CCCn1cc[n+](CCO)c1,imidazolium,3.1081893,9.95196,cation,166.20399999999998
N#CCCn1cc[n+](Cc2ccccc2)c1,imidazolium,11.916368,25.886244,cation,212.276
N#CC[n+]1ccccc1,pyridinium,5.8230743,28.953611,cation,119.14699999999995
NCCN1C=CCC=C1,piperidinium,-9.182569,6.3949933,cation,124.18699999999995
NCCO,other,-8.649009,-5.895142,cation,61.083999999999996
O=S(=O)(NS(=O)(=O)C(F)(F)F)C(F)(F)F,other,-16.809147,2.7553144,cation,281.1549999999999
O=S(=O)(O)CCC[n+]1ccccc1,pyridinium,7.4213495,30.683878,cation,202.25500000000002
O=S(=O)([O-])C(F)(F)C(F)(F)C(F)(F)C(F)(F)F,other,-17.125834,3.1276617,cation,299.0899999999999
OCCCCCC[NH+]1C=CN=C1,ammonium,5.2653675,-0.6858556,cation,169.24800000000005
OCCC[n+]1ccccc1,pyridinium,6.3869786,30.552475,cation,138.18999999999997
OCC[NH+](CCO)CCO,ammonium,-5.23861,-5.5503817,cation,150.198
OCC[NH2+]CCO,ammonium,-6.8423367,-5.357165,cation,106.145
OCC[NH2+]c1ccccc1,ammonium,9.1307335,23.961132,cation,138.18999999999997
OCC[n+]1ccccc1,pyridinium,6.122341,29.921436,cation,124.16299999999995
[Li+],other,-10.665478,-7.478362,cation,6.941
[NH3+]CCCO,ammonium,-7.921494,-5.3866982,cation,76.119
[NH3+]CCO,ammonium,-9.044868,-5.719844,cation,62.092000000000006
[NH3+]CNCCO,ammonium,-7.774739,-6.032586,cation,91.134
c1ccc(C[n+]2ccccc2)cc1,pyridinium,10.523698,28.086464,cation,170.235
Brc1ccc2[n-]ncc2c1,other,-8.556633,4.0892816,anion,196.027
Brc1ccc2cn[n-]c2c1,other,-8.554569,4.041596,anion,196.027
Brc1cccc2[n-]ncc12,other,-8.750978,4.516429,anion,196.027
Brc1cnc[n-]1,other,-4.9959216,3.7190728,anion,145.967
C/C=C/C(=O)[O-],carboxylate,-3.3418722,-1.5984615,anion,85.082
C=CC(=O)NC(C)(C)CS(=O)(=O)[O-],amino-acid,1.4407388,-4.137849,anion,206.24299999999997
CC(=O)CCC(=O)[O-],carboxylate,-2.2366738,-6.315258,anion,115.10799999999999
CC(=O)NC(C(=O)[O-])C(C)C,amino-acid,-7.7599177,-4.2559733,anion,158.17699999999996
CC(=O)NC(C)C(=O)[O-],amino-acid,-7.2173004,-4.046668,anion,130.123
CC(=O)NC(CC(C)C)C(=O)[O-],amino-acid,-7.702535,-4.495815,anion,172.20399999999995
CC(=O)[O-],carboxylate,-2.784198,-2.4631944,anion,59.044000000000004
CC(C)(C)C(=O)[O-],carboxylate,-6.090544,-1.7156445,anion,101.12499999999999
CC(C)C(=O)[O-],carboxylate,-5.5228753,-3.118099,anion,87.09799999999998
CC(C)C(N)C(=O)[O-],carboxylate,-5.9315443,-3.7618194,anion,116.13999999999999
CC(C)CC(N)C(=O)[O-],carboxylate,-5.9058313,-4.2698855,anion,130.167
CC(CC(C)(C)C)CP(=O)([O-])CC(C)CC(C)(C)C,phosphate,-6.8194804,-1.6000676,anion,289.42
CC(N)C(=O)[O-],carboxylate,-4.7258697,-3.5641363,anion,88.08599999999998
CC(O)C(=O)[O-],carboxylate,-4.360856,-3.032758,anion,89.07
CC(O)C(N)C(=O)[O-],carboxylate,-5.180533,-3.8985775,anion,118.112
CC(Oc1ccc(Cl)cc1Cl)C(=O)[O-],carboxylate,-6.841818,5.8319483,anion,234.05799999999996
CC1(C(=O)[O-])CCCN1,carboxylate,4.2193594,-0.20072202,anion,128.151
CC1=CC(=O)[N-]S(=O)(=O)O1,other,-3.8224192,0.47463727,anion,162.146
CCC(=O)[O-],carboxylate,-2.52006,-3.6103394,anion,73.071
CCC(C)C(NC(C)=O)C(=O)[O-],amino-acid,-7.6550784,-4.677496,anion,172.20399999999998
CCC(CC)C(=O)[O-],carboxylate,-3.2702935,-4.2680097,anion,115.15199999999999
CCCC(=O)[O-],carboxylate,-1.6637992,-5.6992216,anion,87.09799999999998
CCCCC(=O)[O-],carboxylate,-1.6524541,-7.545568,anion,101.12499999999999
CCCCC(CC)CCC(=O)[O-],carboxylate,-2.1889145,-9.392896,anion,171.26
CCCCC(CC)COC(=O)CC(C(=O)OCC(CC)CCCC)S(=O)(=O)[O-],sulfonate,-2.6615295,-10.247845,anion,421.57600000000025
CCCCCC(=O)[O-],carboxylate,-1.5139674,-8.526261,anion,115.15199999999999
CCCCCCC(=O)[O-],carboxylate,-1.2206839,-9.33147,anion,129.179
CCCCCCCC(=O)[O-],carboxylate,-0.9378503,-10.014745,anion,143.206
CCCCCCCCC=CCCCCCCCC(=O)[O-],carboxylate,-0.5012398,-12.582382,anion,281.4599999999999
CCCCCCCCCC(=O)[O-],carboxylate,-0.4290794,-11.050981,anion,171.26
CCCCCCCCCCCCOS(=O)(=O)[O-],sulfonate,0.2726032,-12.147815,anion,265.395
CCCCCCCCCCCCOS(=O)(=O)c1ccccc1,other,0.76824945,-12.880367,anion,326.502
CCCCCCCCCCCCc1ccc(S(=O)(=O)[O-])cc1,sulfonate,0.39448816,-13.08882,anion,325.494
CCCCCCCCCCCCc1ccccc1S(=O)(=O)[O-],sulfonate,0.55800605,-12.901038,anion,325.494
CCCCCCCCCCOS(=O)(=O)[O-],sulfonate,0.38770232,-11.575778,anion,237.34099999999998
CCCCCCCCOS(=O)(=O)[O-],sulfonate,0.5447625,-10.68508,anion,209.287
CCCCCCCCP(=O)([O-])[O-],phosphate,-0.15200683,-10.353731,anion,192.195
CCCCCCOS(=O)(=O)[O-],sulfonate,0.9266447,-9.277897,anion,181.23299999999998
CCCCCCP(=O)([O-])[O-],phosphate,-0.21566868,-9.386762,anion,164.141
CCCCOS(=O)(=O)[O-],sulfonate,1.6026506,-7.437177,anion,153.17899999999997
CCCCP(=O)([O-])O,phosphate,-0.05429194,-7.70224,anion,137.095
CCOP(=O)([O-])OCC,phosphate,4.9472485,-6.380159,anion,153.09399999999997
CCOS(=O)(=O)[O-],sulfonate,3.0865421,-3.7042663,anion,125.12499999999999
CCP(=O)([O-])O,phosphate,0.15507789,-1.6659026,anion,109.04099999999998
CCS(=O)(=O)[O-],sulfonate,2.6125805,-3.7192159,anion,109.12599999999999
COCC(=O)[O-],carboxylate,-1.2560965,-3.9964345,anion,89.07
COCCOCC(=O)[O-],carboxylate,-0.12573263,-5.7895966,anion,133.123
COCCOCCOS(=O)(=O)[O-],sulfonate,0.80710226,-6.43311,anion,199.20399999999998
COP(=O)(O)OC,other,1.8398571,0.042957395,anion,126.04799999999997
COP(=O)([O-])OC,phosphate,1.7787653,0.005432603,anion,125.03999999999998
COS(=O)(=O)O,other,2.451923,-2.1540906,anion,112.10599999999998
COS(=O)(=O)[O-],sulfonate,2.7774837,-2.7307763,anion,111.09799999999998
CO[P+](=O)[O-],phosphate,-0.96324366,-0.29285777,anion,94.00599999999999
CO[PH](=O)[O-],phosphate,-0.9635218,-0.29239988,anion,95.014
CP(=O)([O-])O,phosphate,-0.011579415,-1.1333007,anion,95.014
CP(=O)([O-])[O-],phosphate,0.2662768,-0.822157,anion,94.006
CS(=O)(=O)[O-],sulfonate,2.3955216,-3.0675163,anion,95.099
Cc1ccc(S(=O)(=O)O)cc1,other,-11.656496,3.5659645,anion,172.205
Cc1ccc(S(=O)(=O)[O-])cc1,sulfonate,-11.669617,3.5405037,anion,171.197
Cc1n[n-]cc1Br,other,-4.4490147,2.8640466,anion,159.99399999999997
Cc1nc([N+](=O)[O-])c[n-]1,carboxylate,-5.4495306,2.0976222,anion,126.09499999999998
Cl[Fe-](Cl)(Cl)Br,fluorinated,-3.107957,7.902228,anion,242.108
Cl[Fe-](Cl)(Cl)Cl,fluorinated,-3.1140897,7.9202285,anion,197.657
Clc1n[n-]c2ccccc12,other,-9.377579,5.627123,anion,151.57599999999996
Clc1nc[n-]c1Cl,other,-5.733098,5.2249894,anion,135.961
FC(F)(F)C(F)(F)C(F)(F)C(F)(F)[P-](F)(F)(F)(C(F)(F)C(F)(F)C(F)(F)C(F)(F)F)C(F)(F)C(F)(F)C(F)(F)C(F)(F)F,fluorinated,14.010901,7.520513,anion,745.0460000000003
FC(F)(F)C(F)(F)C(F)(F)[P-](F)(F)(F)(C(F)(F)C(F)(F)C(F)(F)F)C(F)(F)C(F)(F)C(F)(F)F,fluorinated,13.770343,7.213976,anion,595.0250000000001
FC(F)(F)C(F)(F)[P-](F)(F)(F)(C(F)(F)C(F)(F)F)C(F)(F)C(F)(F)F,fluorinated,12.962606,6.658446,anion,445.00399999999996
FC(F)(F)[N-]C(F)(F)F,fluorinated,10.002802,4.073026,anion,152.017
F[B-](F)(F)C(F)(F)C(F)(F)C(F)(F)C(F)(F)F,fluorinated,11.624286,5.7796726,anion,286.83199999999994
F[B-](F)(F)C(F)(F)C(F)(F)C(F)(F)F,fluorinated,10.84506,5.4157352,anion,236.82499999999996
F[B-](F)(F)C(F)(F)C(F)(F)F,fluorinated,9.609889,4.761396,anion,186.81799999999998
F[B-](F)(F)C(F)(F)F,fluorinated,8.350905,4.4155917,anion,136.811
F[B-](F)(F)F,fluorinated,6.855572,4.300064,anion,86.80400000000002
F[B-](F)(F)c1ccccc1,fluorinated,-11.607112,7.3157554,anion,144.912
F[B-](F)F,fluorinated,5.065242,3.2909808,anion,67.80600000000001
F[P-](F)(F)(F)(F)F,fluorinated,5.607717,3.411006,anion,144.96200000000002
Ic1cc[n-]n1,other,-4.7673135,3.7659886,anion,192.967
N#CC(=C=[N-])C#N,other,0.5288998,5.2034335,anion,90.065
N#CC(C#N)C#N,other,-0.35551783,5.1952024,anion,91.07300000000001
N#CN=C=[N-],other,0.19367722,3.9677567,anion,66.043
N#CNC#N,other,0.7454118,4.8135567,anion,67.051
N#CS[Al-3](SC#N)(SC#N)(SC#N)(SC#N)SC#N,other,2.0771186,7.3159904,anion,375.4920000000001
N#CS[Cu-3](SC#N)(SC#N)SC#N,other,1.966526,5.885636,anion,295.886
N#CS[Hg-2](SC#N)(SC#N)SC#N,other,1.1420021,6.903999,anion,432.9300000000001
N#CS[Zn-2](SC#N)(SC#N)SC#N,other,1.6843135,6.3968873,anion,297.73
N#C[Au-]C#N,other,0.568221,4.777492,anion,249.00300000000001
N#C[B-](C#N)(C#N)C#N,other,-0.5862114,6.232282,anion,114.884
N#C[C-](C#N)C#N,other,0.4675262,5.978173,anion,90.065
N#C[N-]C#N,other,0.67981476,4.751986,anion,66.043
N#C[S-],other,-0.22035433,3.2695556,anion,58.085
N#Cc1ccc2cn[n-]c2c1,other,-8.547233,3.9678419,anion,142.141
N#Cc1nc(C(F)(F)F)[n-]c1C#N,fluorinated,2.693826,3.9807096,anion,185.088
NC(=O)CC(N)C(=O)[O-],amino-acid,-4.6753736,-5.8886027,anion,131.111
NC(=O)CCC(=O)[O-],amino-acid,-2.5382147,-6.2679944,anion,116.09599999999999
NC(CCC(=O)O)C(=O)[O-],amino-acid,-4.2293425,-6.1690254,anion,146.12199999999999
NC(CO)C(=O)[O-],amino-acid,-4.3278103,-4.8636184,anion,104.085
NC(CS)C(=O)[O-],amino-acid,-4.398303,-4.9399514,anion,120.15299999999998
NC(Cc1ccccc1)C(=O)[O-],amino-acid,-11.392444,6.4375997,anion,164.18399999999994
NCC(=O)[O-],amino-acid,-2.1767695,-3.9577892,anion,74.059
NCCC(=O)[O-],amino-acid,-2.0291898,-5.166005,anion,88.08599999999998
NCCCCC(N)C(=O)[O-],amino-acid,-4.084403,-7.431964,anion,145.182
NCCS(=O)(=O)O,other,2.82026,-4.8670435,anion,125.14899999999997
NCCS(=O)(=O)[O-],sulfonate,2.748032,-4.696161,anion,124.14099999999998
NS(=O)(=O)[O-],sulfonate,2.1286674,-3.1675606,anion,96.08699999999999
O=C(CF)OOB([O-])OOC(=O)CF,fluorinated,-0.56951904,-4.4330463,anion,212.87699999999995
O=C(O)CO,other,-1.3165176,-2.4461849,anion,76.051
O=C(O)c1ccccc1[O-],other,-10.402418,5.9784436,anion,137.11399999999998
O=C(O[B-](F)(F)OC(=O)C(F)(F)F)C(F)(F)F,fluorinated,9.911237,5.529104,anion,274.83599999999996
O=C([O-])C(F)(F)C(F)(F)C(F)(F)C(F)(F)C(F)(F)C(F)(F)C(F)(F)C(F)(F)F,fluorinated,13.8216715,6.250484,anion,463.06299999999993
O=C([O-])C(F)(F)C(F)(F)C(F)(F)C(F)(F)C(F)(F)C(F)(F)C(F)(F)F,fluorinated,13.467178,5.9422374,anion,413.0559999999999
O=C([O-])C(F)(F)C(F)(F)C(F)(F)C(F)(F)F,fluorinated,11.497543,4.9111037,anion,263.03499999999997
O=C([O-])C(F)(F)C(F)(F)C(F)(F)F,fluorinated,10.728616,4.4468827,anion,213.02799999999996
O=C([O-])C(F)(F)F,fluorinated,7.72669,2.3773828,anion,113.01400000000001
O=C([O-])C1CCCN1,other,4.285672,-0.24808559,anion,114.12400000000001
O=C([O-])C=CC(=O)O,other,-3.7100344,-1.6244754,anion,115.06399999999998
O=C([O-])CNCC(=O)O,amino-acid,-2.8572886,-5.539659,anion,132.095
O=C([O-])CO,other,-1.8067259,-2.9934223,anion,75.04299999999999
O=C([O-])O,other,-2.1447518,-2.1268044,anion,61.016000000000005
O=C([O-])c1cccc(S(=O)(=O)O)c1,sulfonate,-11.313424,4.7173996,anion,201.17899999999997
O=C([O-])c1ccccc1,other,-10.969021,6.2311153,anion,121.11499999999995
O=C([O-])c1ccccc1O,other,-10.492646,5.9216003,anion,137.11399999999998
O=C1O[B-]2(OC1=O)OC(=O)C(=O)O2,other,-4.20496,0.4166347,anion,186.84799999999996
O=C1[N-]S(=O)(=O)c2ccccc21,other,-9.205419,6.947481,anion,182.18
O=C[O-],other,-1.4917971,0.38242516,anion,45.016999999999996
O=P([O-])(C(F)(F)C(F)(F)F)C(F)(F)C(F)(F)F,fluorinated,12.101685,5.090742,anion,300.9959999999999
O=P([O-])(O)O,phosphate,-0.15993002,-1.4613553,anion,96.98599999999999
O=S(=O)(F)NS(=O)(=O)F,fluorinated,5.923007,-3.7023892,anion,181.141
O=S(=O)(F)[N-]S(=O)(=O)F,fluorinated,5.9263687,-3.70165,anion,180.13299999999998
O=S(=O)(N=S(=O)([O-])C(F)(F)F)C(F)(F)F,fluorinated,11.168427,2.6631243,anion,280.14699999999993
O=S(=O)(NS(=O)(=O)C(F)(F)C(F)(F)F)C(F)(F)C(F)(F)F,fluorinated,12.9023,3.9521098,anion,381.1689999999999
O=S(=O)(NS(=O)(=O)C(F)(F)F)C(F)(F)F,fluorinated,11.346423,2.0020452,anion,281.1549999999999
O=S(=O)(N[SH](=O)([O-])C(F)(F)F)C(F)(F)F,fluorinated,10.958658,2.8310392,anion,282.16299999999995
O=S(=O)([C-](S(=O)(=O)C(F)(F)F)S(=O)(=O)C(F)(F)F)C(F)(F)F,fluorinated,13.051744,2.6332014,anion,411.221
O=S(=O)([CH-]S(=O)(=O)C(F)(F)F)C(F)(F)F,fluorinated,11.591862,2.3013864,anion,279.15899999999993
O=S(=O)([N-]S(=O)(=O)C(F)(F)C(F)(F)F)C(F)(F)C(F)(F)F,fluorinated,12.961602,3.9666758,anion,380.16099999999994
O=S(=O)([N-]S(=O)(=O)C(F)(F)F)C(F)(F)F,fluorinated,11.895755,2.3423321,anion,280.14699999999993
O=S(=O)([O-])C(F)(F)C(F)(F)C(F)(F)C(F)(F)C(F)(F)C(F)(F)C(F)(F)C(F)(F)F,fluorinated,13.950795,6.158931,anion,499.11799999999994
O=S(=O)([O-])C(F)(F)C(F)(F)C(F)(F)C(F)(F)F,fluorinated,11.9131975,4.335393,anion,299.0899999999999
O=S(=O)([O-])C(F)(F)C(F)C(F)(F)F,fluorinated,10.101789,2.9967558,anion,231.09299999999996
O=S(=O)([O-])C(F)(F)C(F)F,fluorinated,8.6902485,2.1641798,anion,181.08599999999998
O=S(=O)([O-])C(F)(F)C(F)OC(F)(F)C(F)(F)F,fluorinated,11.078725,3.7445347,anion,297.09899999999993
O=S(=O)([O-])C(F)(F)C(F)OC(F)(F)F,fluorinated,10.048012,2.9794643,anion,247.09199999999996
O=S(=O)([O-])C(F)(F)F,fluorinated,8.406384,2.1681707,anion,149.069
O=S(=O)([O-])CC(O)CN1CCOCC1,sulfonate,4.306182,-2.4167643,anion,224.25799999999992
O=S(=O)([O-])CC(O)CNC(CO)(CO)CO,sulfonate,3.219348,-6.741231,anion,258.27199999999993
O=S(=O)([O-])CC(O)CNC1CCCCC1,sulfonate,4.8333006,-0.86556,anion,236.31299999999993
O=S(=O)([O-])CCN(CCO)CCO,sulfonate,2.651212,-6.122786,anion,212.24699999999996
O=S(=O)([O-])O,sulfonate,2.0661213,-2.7950435,anion,97.07099999999998
O=S(=O)([O-])c1ccccc1,sulfonate,-11.425003,5.6739707,anion,157.17
O=S1(=O)N=C([O-])c2ccccc21,other,-9.330083,6.8553104,anion,182.18
O=[N+]([O-])[O-],other,-0.41695252,0.48542285,anion,62.004000000000005
O=[N+]([O-])c1cn[n-]c1,other,-5.663073,2.5705698,anion,112.068
O=[N+]([O-])c1cnc[n-]1,other,-5.709554,2.7762396,anion,112.068
O=[Re](=O)(=O)[O-],carboxylate,-2.1518621,-0.41650456,anion,250.20299999999997
[Br-],other,-1.6262532,1.5358299,anion,79.904
[C-]#[O+],other,-1.0947359,1.6820536,anion,28.009999999999998
[Cl-],other,-1.1873231,1.5163969,anion,35.453
[I-],other,-1.6255379,1.5335156,anion,126.904
[N-]=C=C1C=CC=N1,other,-5.199296,4.277134,anion,91.09299999999999
[N-]=[N+]=[N-],other,-1.2127752,2.254865,anion,42.021
[NH3+]CC(=O)[O-],carboxylate,-2.053433,-3.4017293,anion,75.06700000000001
[O-][Cl+3]([O-])([O-])[O-],other,0.46086925,0.88583267,anion,99.449
[O-]c1ccccc1,other,-10.819585,6.586962,anion,93.10499999999999
[c-]1c[nH]nn1,other,-2.6968951,3.5759356,anion,68.059
[c-]1nn[nH]n1,other,-2.6075983,3.5974736,anion,69.047
c1c[n-]cn1,other,-4.554759,4.3721814,anion,67.071
c1ccc2c(c1)O[B-]1(O2)Oc2ccccc2O1,other,-10.427628,8.025395,anion,227.004
c1nnc[n-]1,other,-4.0675087,4.7207556,anion,68.059
