trial,cv_rmse,train_rmse,kernel_name,kernel_variance,likelihood_noise_variance,ls_an,ls_cat
1,1.0455214147612542,1.0186260365144486,Matern52,0.014295534082207021,0.4075699479067958,3.0232634294853957,17.973043712331858
2,1.0933302242239826,1.0872605400271258,RationalQuadratic,2.410597549331569e-06,0.32977488658962933,2.710170718265562,0.15910558296167662
3,1.0930925511454554,1.0867063014625178,RBF,1.0048545705468455e-05,0.03508641994552655,0.019708070256395056,0.0387124938293891
4,0.8762818895113066,0.5641622911428481,RationalQuadratic,0.03099580368035194,0.0278169368966171,0.07061036687172353,0.4122025565770596
5,1.0251971923405288,0.9541524109525887,Matern32,0.0001609488938824921,0.001674637960093874,0.024354464379765895,1.0271054144739509
6,0.6207355203094511,0.28952164361065263,Matern52,0.040780086191218354,0.006954553387880046,0.04406526989469981,10.445023972192185
7,0.6065297060087499,0.18594584713947876,RationalQuadratic,0.348819649388379,0.00025204809526571713,97.263263976176,6.256254093231751
8,1.0927429079899782,1.0857035403424278,Matern32,0.0001407417576175871,0.11658394415028858,20.910216502643756,0.01807787808500908
9,0.5897366177582756,0.21744123889263736,RationalQuadratic,0.004530176453966801,0.00019534718160926515,12.176522353854379,7.819763431394531
10,0.847264436702843,0.3154131367393752,Matern52,0.030847838547336713,0.00652360214128631,0.8360431152477943,0.19958576865376332
11,inf,inf,RBF,1.2224390811209542,0.0014053829061186427,0.014623166653720737,0.0137661894949227
12,0.864850301488004,0.761776346113481,Matern52,9.170987779684672e-05,0.0003117583686123193,2.7077560797962006,13.31531161725397
13,1.0928803066995678,1.0861545110376745,RationalQuadratic,2.4135604500207576e-05,0.03242740893249099,8.320671979744679,0.13571996910786982
14,inf,inf,RBF,0.420581307599677,0.00026909339890059233,0.7389146265402605,0.018607657136529128
15,inf,inf,RBF,1.6196833335075793,0.00013895763429597804,41.968799109594535,0.085082952058663
16,0.9805301319089745,0.9451779639373058,Matern32,0.0001364297615727788,0.0007791707845235109,89.32002744434773,31.6949766819274
17,1.0904308719991538,1.0830054460871892,Matern32,0.0007574451812478667,0.22002635735339124,18.044043681952306,33.811965712276255
18,0.8424852427096432,0.15632532343869024,RationalQuadratic,1.6821399386114526,0.00300074316186887,0.0258421274804072,0.1994325881848565
19,0.9112166526655697,0.5924683260405617,RBF,0.000456700427123142,0.00038619196675905977,25.08532347133331,0.09568727691338315
20,1.093311948469792,1.0872177676736088,Matern32,2.9196044183081425e-05,0.9516894237324545,7.115052124615929,0.6155940024079779
21,0.6832359772276837,0.2228240261118742,RationalQuadratic,0.0049537914779689855,0.00012033531360355207,98.67936222027103,2.676818029073007
22,0.6532895693718764,0.16818395168485223,RationalQuadratic,0.46690937101012125,0.00013201306181507557,0.18440445991144214,3.993736626074091
23,0.5513882535383923,0.24002991615282038,RationalQuadratic,0.16039768992898037,0.0004621572241631673,65.58078767954783,71.62104321738666
24,0.7989897093925398,0.7260034661201377,RationalQuadratic,0.002916898194958766,0.0007380368433870507,47.63226659628109,82.85333099922285
25,0.5677832371087537,0.3605954957393546,RationalQuadratic,0.09126887496892873,0.0029124053377561467,8.538531928676585,73.41604809428817
26,0.5821769778110006,0.37677053188371656,RationalQuadratic,0.14249442229566434,0.0032146898275193926,0.2727803378893546,95.61754213319364
27,0.6130710337408735,0.44545213166181397,RationalQuadratic,0.1068566097146356,0.012336566401716962,5.285452062438484,52.67586218512879
28,0.7086726855296354,0.18456429197237,RationalQuadratic,0.10139430604105203,0.0006068613125425037,40.25802213328716,1.6266783066828667
29,0.5661280005856896,0.3197449046282485,Matern52,0.012347901040148827,0.0017479239373063193,1.2488563340937635,28.39024539198438
30,0.5633020900532661,0.288540863840023,Matern52,0.010754177675187437,0.0012016824199925866,1.8123490695352913,24.218122492427376
31,0.5795679700765002,0.2493623538714261,Matern52,0.013347502818944222,0.001061039501062845,0.3380646967336125,15.5417109735653
32,0.9947477866837543,0.9512352685360128,Matern52,0.0014624235007007584,0.01521227018739056,1.7241024993676544,22.812417506359374
33,1.0906856948388957,1.082847071148366,Matern52,1.5497691681018163e-06,0.00047596249817819403,4.0054843139846765,46.014762091219566
34,0.9756466453399486,0.887788644708953,Matern52,0.008434420637568142,0.06447396096435408,0.591296901467191,4.523261246871641
35,0.7591410378533469,0.21064099989948132,Matern52,0.03122007341110879,0.0022499386137738472,0.09920248829928204,1.5300742787952697
36,0.9877531970255982,0.846021762650033,Matern52,0.0019736801691756273,0.007301430233863863,1.867671805180966,0.4871041867898657
37,0.6190758708327178,0.2070511827224713,RBF,0.7556538140987464,0.0201322673079328,0.09918803181535009,9.100927468163091
38,0.5765506901668324,0.3610460089675824,Matern32,0.05120931462075302,0.004323569649376289,0.3772125199656097,65.84781718826807
39,0.7593922486970804,0.16468774167681793,Matern52,0.2780843129892952,0.0010865332634654597,0.03974373435736889,2.604626126580781
40,1.092559493473939,1.0862409424266724,Matern52,5.2252565786737e-06,0.007764893654320949,60.16854898939326,19.502330840366465
41,0.6711463596405298,0.39932771411497126,RationalQuadratic,0.00044144049242344986,0.00018407346752762508,12.321098269950548,6.10256856427818
42,0.5922391676221462,0.19881761522564476,Matern32,0.020218570137107005,0.00041703477996779965,27.280931710254062,11.483118240246956
43,0.9935971338051717,0.946846599904009,RBF,0.000966851297324245,0.005083980309563898,0.011394815614480493,38.91629992551592
44,0.860473519837918,0.14993858489577558,Matern52,0.21757637021658924,0.0012154513565564736,0.16841874387659456,0.03560155513916036
45,0.8957392369917219,0.6118954973645592,RationalQuadratic,0.05878671754598272,0.0645252342290568,2.619326623805283,0.33096548021834
46,0.5610358857419716,0.22571938572697098,Matern52,0.006674625384467803,0.00024053421896821708,14.002260498704901,18.77157139483183
47,0.5963521689487586,0.4153135914184894,RBF,0.005248580252868572,0.000180832648739386,10.890455954670228,92.47215145982571
48,1.0932906428140603,1.0871826447763162,Matern32,4.893772758225922e-05,0.9723054454570595,15.792417234210376,1.2080302454690257
49,0.9002323971002631,0.6325971224143538,RationalQuadratic,0.00027385847964838707,0.00028225368551558906,65.93103187671443,0.7338414029242195
50,0.773320903890351,0.39558597729120315,Matern52,0.9561195999752827,0.3900821289311069,30.022956229456685,2.623880377407502
51,0.7438281091469378,0.5426373793844761,RationalQuadratic,0.6284101916182436,0.607211280804457,4.472741047658408,6.739125476662454
52,0.5707268480799469,0.24695151004717425,RBF,0.02105785744287762,0.0006254493008533238,82.46097751108496,16.65167398179374
53,0.636257320939154,0.22565932054331145,RationalQuadratic,2.05258180174212,0.15966635954219008,6.67280612395467,4.3736889541256625
54,1.070938053949125,1.0564490637811015,Matern32,7.565846331574723e-05,0.001828396135531987,18.328030505604275,56.686366057732656
55,0.5948745463834059,0.23641741515456985,Matern52,0.003271036153490277,0.00021767462280610083,35.58716716124809,10.879123423766737
56,1.0864475672373133,1.0746427144255413,RationalQuadratic,0.0009960365604163703,0.05315857405806599,3.3774330877141843,96.93566556688938
57,1.057568346021632,1.002367911567103,RBF,1.3345533885455408e-05,0.0001401540293747334,65.98098670587862,0.04602884896199425
58,0.914369776245825,0.6586488839260236,RationalQuadratic,0.0002701351761302283,0.00036747666127471006,1.1356120706918256,0.2918225077851791
59,0.5540709856815108,0.20161437526831688,Matern32,0.1896738463669768,0.0007969067559243352,13.915157734302698,36.62997576990927
60,0.5474136318426039,0.25141263416321824,Matern32,0.2536176483492537,0.009795427962562274,9.471153266013284,38.92497825463505
61,0.7420112924056866,0.19593777804904133,Matern32,2.3070581283462746,0.09878437865272674,21.05731049125827,2.119165399605748
62,0.713427945260331,0.2016945409170728,Matern32,0.4018542346173604,0.020352455409200085,5.744660521068356,3.608480429439826
63,0.7989679637729695,0.19160209812902756,Matern32,1.2305626565879728,0.04149490205013183,0.5940898486415318,0.9473338731992634
64,0.8779043717776528,0.38708077249381395,Matern32,0.07767408985801597,0.026608602144628426,8.505538403877875,0.01072896157564708
65,0.6348726331580311,0.22113730272852244,Matern32,0.1525290287478397,0.01006040974104054,2.3707452563857125,8.07907509531217
66,0.5417138315989669,0.22387284190990334,Matern32,0.1661961338634314,0.0026519794776647078,47.473459534441076,37.80138154947531
67,0.5581221747787694,0.2980017137175891,Matern32,0.03982585172470976,0.004464166125454368,48.75293714205049,27.3719993108162
68,0.5664570039771881,0.35179748513581255,Matern32,0.021553611258816212,0.0029013987761534257,22.78269045532172,43.921406697980956
69,0.5381093862349937,0.2789371449990011,Matern32,0.5769153381322243,0.014475204892649543,98.93367299421175,67.62447388818273
70,0.5801381667452506,0.21631550698183663,Matern32,0.34600692622651347,0.009840678950137486,86.38739570424399,13.446402469893306
71,0.5450905180069645,0.26923211876624464,Matern32,0.556879741453384,0.017736522896649707,9.60805100543063,57.37441687431264
72,0.5395130847778544,0.256613197923243,Matern32,0.596366833700852,0.014164960781664586,32.803778043623694,57.55439772340935
73,0.6607759272848022,0.19745580198675722,Matern32,0.8822995781869094,0.02763578457530267,33.387382057307484,5.9243324220949924
74,0.5595483803227764,0.36078635450807656,Matern32,1.724338079810917,0.09935894299983698,98.17071599900851,76.68436743825725
75,0.5754515759560961,0.327546762509617,Matern32,1.2868616020870505,0.226818443004441,47.97965584530197,22.542376414363847
76,0.5534347272929745,0.33255302795020475,Matern32,0.0683068943193267,0.005752558960699065,55.51503520652887,51.70409209456538
77,0.6217669054523822,0.4450743288423631,Matern32,0.1139430980747534,0.03562504424255303,77.21771211147355,30.281304988378512
78,0.6341590879985611,0.3892325916158351,Matern32,0.03095205275027441,0.011957106177876847,26.979175405710954,13.454675475090722
79,0.5412971688424444,0.2710770463882538,Matern32,0.29484650611763985,0.003952480212224903,37.81870042675666,96.28844810633106
80,0.8619140183401314,0.17268252802028417,Matern32,0.479316777403343,0.0037615628991173214,3.7636570264257294,0.1388169479705485
81,0.5437772436882996,0.24105832712335315,Matern32,2.357081174205765,0.0136677465739435,37.31781812520109,95.69617721543511
82,0.6035383477044522,0.41950348061496834,Matern32,0.045398817372244354,0.006319571848212149,5.816705274425909,64.57539987069778
83,0.8574873679876603,0.16034722410018432,Matern32,0.31373899205718786,0.002109685378003033,0.8100298380456671,0.09143584536827729
84,0.550491176641773,0.28882204959532204,RBF,0.6886236563790229,0.07388522407728207,17.620604635889293,21.68736178611339
85,0.7905690685708571,0.6154609242804004,Matern32,0.01622952231918359,0.023623070305685136,24.098379262737676,9.0664109439637
86,0.939406320832596,0.805279089324477,Matern32,0.002056319202236574,0.008242966097717346,0.04430731917168264,3.4205956963658637
87,0.6999312823190419,0.2590324288315572,RBF,1.1720316663372214,0.05115463605771964,99.92996927113496,5.2286402872974005
88,0.5506322537422064,0.2776569719703736,Matern32,0.09489585726273005,0.0013793493796456985,2.178896291981504,99.33385671861006
89,0.7872953048126868,0.6808760384364335,Matern32,0.007532102964850957,0.0036017162539911532,1.345266111034213,79.77590066985631
90,0.5824885932363422,0.2411113744414107,Matern32,0.22676968602072348,0.01698004546439578,4.792113538102806,15.610542233068038
91,1.0733665266950487,1.0631649201390219,RBF,0.0033236917435064688,0.13199138462711446,73.12034963507286,27.135824116370173
92,1.0593716676568503,1.04005053004154,Matern32,0.01013846284083514,0.21063564075255697,11.902907415216506,45.02277496451853
93,1.093241719894555,1.0870191628833659,Matern32,5.4457763477464625e-06,0.03502949717973657,7.693998382339357,0.022025626884145406
94,0.7505774469231616,0.19646063854997317,Matern32,0.11559113189241473,0.004931886170755998,29.608560691933477,1.758848444193027
95,1.0932712716857673,1.0871328929224373,RBF,1.0771427977133495e-06,0.008479496069594746,55.58621198659606,0.05872472622008562
96,0.554283336982196,0.2948643896161101,Matern32,0.05851266474099879,0.0022504281500952132,0.17576704735529686,67.46067361371897
97,0.6432140848605818,0.2091269165590413,Matern32,0.8842469405206318,0.04293151391938712,3.0085068159641475,7.414538936200895
98,0.7668938420667633,0.6041071884903919,Matern32,0.46639506234380906,0.6632365537028021,15.272311900259837,11.718452477411368
99,0.5764013292653364,0.1431377099818115,Matern52,1.4167349548090717,0.0009199276164700773,0.016589466089199326,33.5346355618671
100,0.8465851033564554,0.20137851123120018,Matern32,0.02729074108223485,0.001448381917146038,0.11425775233652329,0.20052983581713268
101,0.5568037832318785,0.23891857437503777,RBF,2.0396400363260874,0.07922676028367549,39.93208226473783,18.12522380085682
102,1.0678042680706776,1.0420709125336205,RationalQuadratic,0.00048147980905580286,0.023069239008092577,0.4643773620543991,1.1153537577205326
103,0.8599074762741987,0.17537386049135611,Matern32,0.30272194662455054,0.0005113867297612065,0.26797000063546117,0.42041825980248076
104,0.8206018317282874,0.5432421033537208,Matern32,0.014944992025437634,0.01456361624805401,6.427457521573755,3.2136056921245952
105,0.8327921702870276,0.7586382741381773,Matern52,0.005408055034019782,0.005888738627364447,20.92190685260266,50.7170054028125
106,0.8068573279449083,0.3927261396061624,Matern32,0.03692441770798188,0.010819945777608725,98.97863608330674,2.1560482522412503
107,0.5796970269307541,0.20477496254619046,RationalQuadratic,0.1805325796970444,0.0038847284890132713,11.212010723179304,9.234275233379439
108,0.8308952634266825,0.1894711127037395,Matern32,0.6796929411141575,0.01862589337269083,17.529742602900036,0.5631516412803826
109,0.8169778561475709,0.32485427679622214,RBF,0.13132149650681466,0.032157797471489266,0.9246231737631874,0.796134241179252
110,0.5647385598892691,0.26817583291615266,Matern32,0.08052376371973023,0.007012655367900617,1.3777090809144532,25.51247624230309
111,0.5471464463210248,0.23842083868393119,Matern52,0.39266730840003894,0.002589161881794885,32.34499327247683,63.03492819588617
112,1.0930205815662648,1.0868833795621693,Matern32,0.0002021298014607082,0.18462251300398735,68.16174636603114,83.08090561171291
113,0.7143716387099956,0.34438242869077385,Matern32,1.02528332918471,0.28265464733508794,47.37051969068302,5.108932398792962
114,1.0928800801285716,1.086517583515981,RationalQuadratic,2.495162185404856e-05,0.05465810680504386,4.03693129293363,19.226013074753595
115,1.0489263850962598,1.0239933031165147,Matern32,5.98215243015266e-05,0.0018136474350038674,13.336179906917762,13.742407617218152
116,0.7686502307252755,0.18327797038418564,RBF,0.23264705576226324,0.0003335055289982736,24.954184178063727,1.3554656596244723
117,0.5568502613006132,0.255789582924682,Matern32,1.7008691594332668,0.09420811977071585,0.6160705946722109,31.726896021167008
118,1.093217886936431,1.0870736518649995,Matern52,1.5314866738021188e-05,0.12774199348466658,0.010862200565418983,37.88104253869472
119,0.9877408092419386,0.9567859730918972,Matern32,0.0019452391808839524,0.0032200891262106177,82.89620212149202,98.86876840760503
