trial,cv_rmse,train_rmse,kernel_name,kernel_variance,likelihood_noise_variance,ls_an,ls_cat,ls_env_0,ls_env_1
1,0.23251674685970927,0.22989063727149617,Matern52,3.752280460080437e-06,0.0065628533089217905,4.045475720122809,34.33258483724731,3.023263429485401,17.97304371233189
2,0.2057509416680959,0.19730262265149234,RBF,2.503829139499409e-06,0.0010046648974945127,0.01736779788032711,27.77934028055771,2.7101707182655668,0.1591055829616769
3,0.23103914932483938,0.01722331367695307,RBF,0.014309087940598635,0.0010878764668227406,0.042532293512029924,2.9555846685991414,0.01970807025639509,0.03871249382938917
4,0.20677896893947673,0.04882449427701758,RBF,0.0003366174700922295,1.0998495649951428e-05,6.574156904259759,2.343223171434268,0.07061036687172366,0.41220255657706034
5,0.23426498594699857,0.10404804636257263,RationalQuadratic,0.00010881611952878492,0.00012540920999544968,0.2423675041154702,0.14106695091696442,0.024354464379765937,1.0271054144739526
6,0.22846625277279262,0.2001040148238503,RationalQuadratic,0.0006945708217497258,0.023541291127323106,7.808933020548503,0.5858326783434962,0.04406526989469989,10.445023972192205
7,63.72199539077045,66.65854851910615,Matern52,0.060644846055946194,0.0005895360415321776,30.02089704659083,0.021231846602575623,97.26326397617618,6.256254093231762
8,0.1407116273092932,0.02905572861047851,RationalQuadratic,0.0052765696280051375,2.0179376468524907e-05,0.2228019343241632,9.820714637468848,20.91021650264379,0.018077878085009113
9,0.23589320856454826,0.22880040556398837,RationalQuadratic,5.788872993526528e-05,0.05239516456844656,1.9671789913414397,0.016455515721318547,12.1765223538544,7.819763431394544
10,0.2079864314406818,0.04363540642801581,Matern52,0.0033528194761345345,0.0022737684052726837,6.5544495892858805,0.5495305164437173,0.8360431152477957,0.19958576865376365
11,0.23159374774174926,0.22217461278824122,Matern32,0.0006152601339648665,0.03550476096853506,65.93587695888597,0.11838563687273998,0.014623166653720763,0.013766189494922724
12,1.70046234987205,170.19432103117583,RationalQuadratic,0.0967606036770427,5.8689885114439885e-05,0.17030146956663367,0.026261677766173205,2.7077560797962055,13.315311617253993
13,0.229957785725479,0.11497724430471537,Matern52,0.0012068063825158818,0.009567554970805539,0.07370190331252446,2.7315968067435987,8.320671979744693,0.13571996910787007
14,0.23394225900080867,0.23119281538723238,RBF,7.402860747501295e-06,0.006035085036282352,33.759751624188816,0.022667696660035767,0.7389146265402617,0.018607657136529163
15,0.18747297112116842,0.11647024244269188,Matern32,1.774937876166267e-05,1.5368788533611378e-05,78.66685474752678,0.011705413494669255,41.96879910959461,0.08508295205866315
16,0.2364115441514522,0.23409576397330184,RBF,3.409886590956827e-06,0.014951712202290433,0.21849443373198776,0.06563522948575065,89.32002744434789,31.694976681927457
17,0.2089689826828653,0.16165036700997892,Matern32,6.895848101306236e-05,9.714477601072697e-05,0.640475886358837,18.534422420156663,18.04404368195234,33.81196571227632
18,0.20394356287600407,0.16236902294798078,RationalQuadratic,5.925703236826404e-06,2.1483056349520828e-05,80.55661645300707,0.25277444941355776,0.025842127480407245,0.19943258818485687
19,0.2364115441514522,179.09514396835644,RBF,0.0020601740716404155,0.00013890807490546728,0.4662842569778402,0.032531761800187756,25.085323471333357,0.09568727691338333
20,0.1180873224068278,0.044946306171438376,RBF,0.000534021452932773,6.128418335580637e-05,0.08305067834202745,80.16773083200302,7.115052124615942,0.6155940024079789
21,0.13195612922054017,0.032023721381869666,RationalQuadratic,0.009358551017701167,6.211534126404648e-06,0.01399530318480355,97.5558971868882,0.21251766281445064,1.8513838785633177
22,0.1544598874729633,0.026679335512287926,RBF,0.017640722730094482,6.601296156706799e-06,0.011386428449823821,97.93353213071177,0.1987003301833615,2.0536580108452394
23,0.1372077250612888,0.03751587070974116,RationalQuadratic,0.0102695260749277,4.8284457004639644e-05,0.02968370127993979,82.07257667555548,0.13952244437729797,2.7144143006013746
24,0.17605823408687715,0.015881875214345267,Matern32,0.0392333387050457,0.00025762802738489566,0.0108443522802601,8.747856701146729,0.23422733077576025,0.6958303973910323
25,0.15639647569709883,0.10378680770122942,RBF,0.00015539589204473185,4.382726700450597e-05,0.07626030148061959,51.470467240178365,0.3632794511484058,3.0278311250005503
26,0.15749293816179868,0.08432345944581643,RationalQuadratic,2.885341236103287e-05,8.708669880638837e-06,0.026024157910087605,8.708793927370309,6.127084788122681,1.0586564484014345
27,0.11684979814139976,0.033669200902532524,RationalQuadratic,0.0058592189630952505,0.00027810020324061323,0.08060936877488727,98.49817628042479,1.612241321390074,0.49062078131331555
28,0.1384121003775379,0.037746773212989936,RBF,0.001861836137866026,0.0002744573404200451,0.0898971994693041,15.100215315474356,1.5778330982460758,0.49057923908001194
29,0.19925540624173135,0.15253692762001422,Matern52,0.028945323432951232,0.002873505150828521,1.61226434697294,44.61112285990105,5.590927849019607,83.42202246885947
30,0.21752926100778866,0.09305529714535576,Matern32,0.0002468761126727935,0.0005841213422485473,0.6103908157906903,4.536701363986193,1.5391350949729303,0.03644977791060721
31,0.19736321736630674,0.18375807229655922,RBF,1.4006839554012271e-06,0.0003545807574689268,0.04890091699100338,25.403710706085363,3.8746205125229025,0.37109552542245
32,0.21759776197079828,0.10883866543464829,RationalQuadratic,0.005165825821616895,0.001983463697476435,0.13626946843333998,1.1119171948434696,47.27209610378302,4.006759697293297
33,0.12838022151484627,0.06960592797462775,RBF,0.00048556337893139554,0.0011732594201406044,0.02332213607803007,60.801242896510985,0.5952868622418583,0.34126346740904245
34,0.12812554842276225,0.02351127279685205,Matern52,0.001595697700466088,3.212379527210334e-05,1.0908594937818925,30.03922138216527,2.0260260441888103,0.04977481289353947
35,0.23357694134654441,0.07833756965040876,RBF,0.00023213275932395174,0.0001482793426575902,0.04553373399094421,1.3702320553593148,3.625567533618605,1.4579056552154233
36,0.16365321751605988,0.04957358469713761,RationalQuadratic,0.0036279120032058176,0.0008851231879958092,0.3147600631345402,5.338104983650233,0.08813305643798769,0.6423958627340929
37,0.1442613291870209,0.03114271386250353,RBF,0.09797584735627868,7.782071403758623e-05,2.510034686103642,18.731371972166023,0.3919515484423169,1.1634885008553817
38,0.2258309182411201,0.1094996818124883,RationalQuadratic,0.0008866672975966081,0.0003547169340849686,0.10687706504342599,0.6328404856275962,11.06244151464716,4.451969306190977
39,0.20107478991063416,0.0564221651343122,Matern52,0.00041041024874450687,2.9947172002616383e-05,0.37377043679092176,5.170359725648925,50.255052609477,0.2984978704965347
40,0.08889729032849596,0.02031087560650301,RationalQuadratic,0.024388116643199526,0.00018638417981571432,13.8882817744872,34.05215318241049,1.1639427118402494,0.05414098262096884
41,0.13060684913118772,0.02252766062988027,RationalQuadratic,0.037890857512730663,0.003771524297950843,15.447680244260383,1.4988304896605753,1.3126290791514263,0.029525774609573466
42,0.10244059533016263,0.013789569714197262,RationalQuadratic,0.019136756363649123,0.00021798526255612058,4.876006968613264,36.62823981669758,0.05420131251731842,0.06783590625692622
43,0.11648528205555335,0.008329719142785968,RationalQuadratic,0.02039621612270165,0.0001643517317664976,4.952325270288728,12.58737751684715,0.08418583540734578,0.011645054672976395
44,0.1495794346647094,0.0109312117169582,RationalQuadratic,0.06194560101643891,0.000987687570188121,13.399049316659145,1.9853382995834679,0.010051113895004992,0.053237828965296274
45,0.16755816899226256,0.01040231355794745,RationalQuadratic,0.10873186915256056,0.0017048589036608556,42.69281069124406,0.28490573704385885,0.03942899277760751,0.018611567479272742
46,0.10088770071365132,0.021013036636531514,RationalQuadratic,0.048366359270966955,0.004858010323870409,13.251842799193296,35.98855168406562,0.010611933644927215,0.09211024549785429
47,0.16492652561960908,0.04659404001280343,Matern32,0.06542276769799271,0.050411452875907356,16.751602280540805,3.281598901081511,0.4766484021049159,0.127923491375885
48,0.11529599700995803,0.06054650648458585,RationalQuadratic,0.0074293268616479466,0.020213163256306642,11.312781545634675,7.035349663108544,0.9846512363733438,0.02705871231638158
49,0.2360902048677386,0.13826055184458913,Matern52,0.0027996317367896856,0.0057283880579184375,2.922256351121325,0.7124038956838799,0.01192595519710214,0.010136953557397419
50,0.09906058835925814,0.05447050185232807,RationalQuadratic,0.01146288367003811,0.009285408318399526,56.515669018303036,23.226519543759785,0.024286625100525483,0.22571043594920084
51,0.20087859671402084,0.14734345791820172,RationalQuadratic,0.0009750457408959902,0.010357249574856278,23.52212303487955,0.3665905893403814,0.0193924189928231,0.22823349610617777
52,0.18132959943927415,0.07809828499438307,Matern32,0.028121572762482668,0.03774549916466843,52.880537041394234,0.1434496978479093,0.1343079877338229,0.1450773796259659
53,0.09014352005946627,0.03849695816298582,RationalQuadratic,0.01184485139803263,0.008575992639173578,8.334607633316375,22.909408533713073,2.8736035409062097,0.22816795945336837
54,0.13598859186640538,0.12219793920380795,Matern52,9.273443519282162e-05,0.0007080411622314418,96.67377972291413,63.878976027446065,16.54069098775336,0.024002814306684227
55,0.09545767243313977,0.030536702714096187,RationalQuadratic,0.0031205122185617782,0.0012754599179050747,7.7592772110406445,10.853912969328789,2.5533206634210606,0.06073760235505883
56,0.22982458158314212,0.17007515531062645,Matern32,3.107214178842474e-05,1.3473467018316824e-05,1.3467665791603087,3.6387738562304643,34.43496423889701,20.93305981961241
57,0.1331375466201994,0.0776488424895824,RationalQuadratic,0.013719453790544109,0.025793668191481742,29.304252547241052,2.1432105468370035,73.66413836927477,0.8195051971218719
58,0.23389988523922828,0.22350371815824704,RationalQuadratic,9.950154254367905e-06,0.0028517040225415234,3.7347558851803764,0.053736250294319284,0.6819108035490306,0.014929472108886194
59,0.137811929000119,0.05892345464929908,Matern52,0.08260033976584859,0.0004127105716770866,9.44079985928693,17.332952327832228,9.729921028153434,8.856498611769455
60,0.11600416077945434,0.06612055994534026,RationalQuadratic,0.005035340181066963,0.016942128609596326,19.982604660921858,6.515236535088584,0.32532351243384966,0.0390836235934355
61,0.2338027538177876,0.020841245702976473,Matern32,0.008546720680291603,8.525654252157068e-05,2.0781652717197,0.8844443791002824,4.956210811691863,0.11404490144800725
62,17.212101513229047,66.90292870090403,RationalQuadratic,0.0012912082870307686,0.0004750617529949483,6.85888715847864,0.010861214372900583,14.938107113161625,83.0074678701004
63,0.12636919155429188,0.05188476963759379,RationalQuadratic,0.02893166779196835,0.012485353960440123,0.6075896732416733,13.164933123011123,24.761988478535503,0.17700171283057195
64,0.13670670563770768,0.1275247784749708,Matern52,0.0001762176352478967,0.0071263372696051715,38.65266161574098,45.804510995453974,1.0452749688885792,0.0776070056549106
65,0.12560219689532257,0.045421370013301716,Matern32,0.0025821526060239965,0.0016717054332299986,3.3907173260367616,65.2692341737837,2.36422779165894,0.04048318756085942
66,0.09070725125236086,0.03108309672143823,RationalQuadratic,0.003415898156672978,0.001178953194562088,7.881769638220537,23.314062578384046,3.340695868782102,0.060752855826453955
67,0.10405086645891151,0.039767638798021934,RationalQuadratic,0.0006834812393866094,0.0007691350231844673,5.0599108060446785,9.073440498944745,3.0536214176986243,0.10512817592220929
68,0.12374325631759756,0.04668118578253154,RationalQuadratic,0.005158869510162951,0.003898526604489817,1.0316720622209636,20.18062189654285,4.152115593948083,0.021093457652189156
69,0.08704710571273318,0.03151469221597782,RationalQuadratic,0.016170840442425935,0.00020534488144213834,24.45019881628571,33.70253799295021,6.888086945293674,0.2773361678219105
70,0.09596220155649564,0.03259363368042582,RationalQuadratic,0.05203086339367209,0.00010741617624277596,25.631170238793594,80.42863159976586,8.271947200561137,0.47183170261973867
71,0.081441276906747,0.031059658631541514,RationalQuadratic,0.0139319191580365,5.3679200973142085e-05,75.73876172637054,28.978288931450397,2.0573572491777488,0.27489077191785266
72,0.0824597062434513,0.037099916920372504,RationalQuadratic,0.019619848803444567,2.672193632673934e-05,68.83602085786109,29.97619839911744,2.0143239758481846,1.5027250752415213
73,0.08331939606835288,0.039370009547921817,RationalQuadratic,0.015485728701821714,2.1398290415789267e-05,70.5670420016948,56.732290265770544,1.9853348029983917,1.8896109041773244
74,0.08198221405775918,0.04261690655436495,RationalQuadratic,0.0072430122638860355,9.23459266633649e-06,93.74599561380884,49.527449289218794,1.9229271644844546,2.1427688610320277
75,0.15892022936481262,0.09238554083993968,RBF,0.0014086310901729624,8.801228994606271e-06,90.51355787789751,4.14395271147337,0.4804181747974949,4.572114079373927
76,0.13229365609880803,0.05388303898522512,RationalQuadratic,0.03819341329874229,3.6339826184078276e-05,48.0235873331486,2.8006930310576417,0.9275824804341211,6.087465424095774
77,0.1425420105028822,0.09727364654735628,RationalQuadratic,0.00795587178713124,1.1454510464212665e-05,67.17866007009387,15.068073470574136,0.2790042313460672,15.583083917207077
78,0.0921294051281001,0.04951391788907271,RationalQuadratic,0.002149808608697265,1.7962739271941463e-05,32.68227467519521,93.93731136214413,0.1621410185306991,2.392227264615717
79,0.1229923738426792,0.050705601589717174,Matern52,0.0002844911110857687,6.167027480585978e-06,77.29900814653622,6.46423894452071,4.577396334501637,1.2332208219544492
80,0.09801976884517226,0.04412656740549963,RBF,0.11074702357429733,5.0879089938929593e-05,99.76110066936178,41.3253706519508,0.7306169857362554,3.2619397087750026
81,0.11623496280675139,0.03501032062583832,RationalQuadratic,0.08319387861124997,2.654769326261621e-05,37.060791582679336,1.5640104351899047,1.86107342560079,0.8383201440064336
82,0.095053108423765,0.03187310325283339,Matern32,0.006087719680148231,6.58172173194105e-05,19.101527541145824,27.414170834652772,1.3797570700882087,1.5936419675365716
83,0.10653002987929464,0.0641958411792257,RationalQuadratic,0.003998687081508461,9.061930837642153e-06,57.43705228095076,12.02292779032264,0.5018323181281196,5.301524352778883
84,0.18336296305609795,0.14900302019820827,RationalQuadratic,0.00038715352580411823,2.600937757779208e-05,11.41754453093411,72.9303545508975,13.557414204171296,52.99531637103054
85,0.13672091878155018,0.10485541838150605,RBF,0.0009335683505397555,3.892615144535421e-05,47.86045238830577,49.70430095255942,20.15305306098493,8.276297942670404
86,0.16902225854833808,0.0694110608694418,RationalQuadratic,0.03634329808296088,1.6905337997919402e-05,0.17792685687138918,7.607630768107768,5.70802565928089,11.1582934611437
87,0.16610487568589796,0.04439928708588157,Matern52,0.020432295799744694,0.00012514289950560492,96.47960809073153,0.39700757706529116,0.1052544936284301,3.4277463375360284
88,0.22356608169999492,0.17494035710017944,RationalQuadratic,4.268282552864661e-05,7.55159811619351e-06,20.18853910988817,0.14938818531728384,10.039345356289768,28.779456288867003
89,0.1867911775902212,0.17445481239460198,Matern32,1.4728873457374286e-06,1.126918767938765e-05,29.48736656958306,29.275748332805577,0.24073312281813172,2.3037394815108487
90,0.16147067188557918,0.06977750340702658,RationalQuadratic,0.0001301773418214978,1.4225585966861569e-05,0.05825625542239871,5.066702940599754,31.024195741324107,0.9150361540873069
91,0.08890293451997135,0.033989777237423045,RationalQuadratic,0.0018347875334241406,6.929019349721576e-05,10.606796352314253,15.883362914793686,1.1598581599042133,0.6030018570560574
92,62.75001973418857,549.1545317197243,RBF,0.006802804562645819,0.00011107046810380009,6.103037339565743,0.016257109878864244,0.6304381691649243,1.4853375269239855
93,186.8208385250029,178.21442666038703,Matern52,0.004297893028994752,2.6365476969636387e-05,64.9555080322749,0.09779970005480917,2.381208031389861,0.3695707371689867
94,0.13395517132821386,0.06879184544098431,RationalQuadratic,0.010474349441897861,8.699876829972458e-05,42.11012089266262,2.4468712241561126,0.8144950968345116,6.667534703573354
95,0.14450416910849506,0.10560000630657211,Matern32,0.0005428759727311326,4.9838969744450336e-05,81.59019264956581,10.777337002862623,58.64706243054963,21.49741070952813
96,0.09440702968497314,0.02476589820937224,RationalQuadratic,0.05011318126316284,2.0259968895503e-05,16.605072269122868,40.885906835771046,0.17576704735529716,0.5866217450961725
97,0.19850128311135457,0.02037481485162174,RationalQuadratic,0.02270557183163515,3.872213265843112e-05,0.8260267219145792,1.0713010850004874,0.38197923502403297,0.28010533443810565
98,0.1073766964260777,0.032570618851001584,RationalQuadratic,0.07114209835966404,7.3442139043676084e-06,2.14989721344683,95.9159319988337,1.639151301410702,1.1194435951805248
99,0.14225332664364057,0.044187761622960856,RBF,0.002536646965171388,0.00033399263846257965,32.27695134586821,1.7473418844779602,3.9191088693821916,0.7451937863683679
100,47.89952413358769,735.6352730928879,Matern52,0.013913922776526486,5.771004172229218e-06,4.34931202029166,0.036125180631692774,7.816628576392414,0.16768310184477564
101,0.12792047687368052,0.05267846440113192,RationalQuadratic,7.736805401008323e-05,5.692673244870893e-05,0.303584806977497,19.629540179545206,0.5622284597504372,0.43981019016886425
102,0.17472354890527692,0.061127733259152675,Matern32,0.030011085000015023,0.00016889805880009674,1.2967361560066286,8.04056296205258,4.929262290056553,12.318109790723167
103,0.11667268288382895,0.0442827552565508,RationalQuadratic,0.0011181746817065807,1.2871375549027983e-05,6.151635031639075,3.433143991212263,1.2073759786895775,1.3824865613073976
104,0.17294764438264082,0.12329102250478599,RationalQuadratic,1.556700771057174e-05,9.58573906905351e-06,2.6798768146417298,5.823548656661903,11.957049006945637,2.8559298749376474
105,0.20666442132151372,0.13637416226210228,RationalQuadratic,0.0007790840939047642,0.0001344962491366565,0.017301770093429383,54.7288967187672,0.04564040175773413,45.4068544347143
106,263.6141670047544,366.0060703995038,Matern52,0.0100772967875052,3.264492679954985e-05,58.980824251467446,0.2115977644667977,6.925652315092165,3.9846642607978153
107,0.10210421262062472,0.03863599014145459,RBF,0.043440688752186776,0.00023365021758581898,25.158727810257425,71.95446045542522,0.2750605059483908,1.893835031330719
108,0.19331504450952403,0.125746060678451,RationalQuadratic,4.156016504692968e-06,1.6047157511089726e-05,0.44667662483589765,4.033796233659622,2.2632790324605803,0.5341649236207935
109,0.1871211658540915,0.018066793546430752,Matern32,0.0015448276647839875,2.2857859637375076e-05,14.514991701124348,0.4786061774764407,0.11191348269201375,0.13405911129469109
110,0.12368329055964851,0.03688276322553041,RationalQuadratic,0.004254783366959018,0.0002986347731445868,0.037714463790514775,13.471870539974015,2.891067880979607,0.9761881457081039
111,0.10954692994126672,0.05703273096641821,RationalQuadratic,0.08107553351960448,4.299539879798737e-05,45.873990111560225,10.12034915741631,97.4713363264302,6.66707389423393
112,0.16561967211964038,0.06741344701044674,RationalQuadratic,0.060046606240476044,7.526881928029789e-05,0.795687946399549,25.224546996068003,0.8766212889286914,10.071092464662017
113,0.09560489939918951,0.0314887132134582,Matern52,0.007753546997486245,0.0005655266823855,20.938012376991463,99.85053978482621,0.32799933741566417,0.3046837067848154
114,0.13384969367242733,0.10487227192205384,RationalQuadratic,0.002254510961855802,7.547444270954052e-06,99.47894525314446,30.54862230079555,1.5414447455612255,15.006115367666082
115,0.10620251335933006,0.04929529016170177,RBF,0.00022095484015946707,9.886955004689913e-05,9.440072915708884,37.875357450957125,24.960414459099784,0.21628688009908778
116,0.13660672244801048,0.0943726485633432,RationalQuadratic,0.10775263532936175,1.195833029525241e-05,77.47419355075925,49.237157781670206,9.250387013371242,2.4818650697458353
117,0.13774407134308014,0.019589893843200007,Matern32,0.013405038257235689,0.00042888578390685685,1.658158461902045,17.827683654126176,1.8641512573821986,0.07957128831745143
118,0.12604715172587563,0.03322899779378801,RationalQuadratic,0.018772284957085165,5.881517240894257e-05,37.57363665907246,0.9296536932281572,17.779110095703913,0.4128500578338782
119,0.21264799759990521,0.030314605312856412,RationalQuadratic,0.03094152151404224,5.97437755148181e-06,0.12252349699300161,0.7659425117736313,6.3920117663811515,0.7377330212098698
120,0.17805993700764,0.050704147199822615,RationalQuadratic,0.0031109858810527374,9.868148858376705e-06,3.0614124545144192,1.2368871441935334,0.06396533372219644,1.7188840207537985
121,0.09358548795637185,0.05865904378153195,RBF,0.0003408902689201195,1.771620825813664e-05,55.745740967767794,83.78398912401295,39.607855836976945,1.3105012855014937
