smiles,type,family,molecular_weight
C1CC[NH2+]C1,cation,pyrrolidinium,72.131
C=CCN1C=C[NH+](CCC#N)C1,cation,other N-heterocycle,164.23199999999997
C=CC[N+](C)(C)CC,cation,ammonium,114.21199999999999
C=CC[NH+](C)C,cation,ammonium,86.15799999999999
C=CC[NH+](C)CC=C,cation,ammonium,112.19599999999998
C=CC[NH+](CC)CC,cation,ammonium,114.21199999999999
C=CC[NH+]1C=CN(C)C1,cation,other N-heterocycle,125.19499999999998
C=CC[n+]1ccn(C)c1,cation,imidazolium,123.17899999999997
C=CC[n+]1ccn(CCC#N)c1,cation,imidazolium,162.216
C=CCn1cc[n+](C)c1,cation,imidazolium,123.17899999999997
C=CCn1cc[n+](CCOC)c1,cation,imidazolium,167.232
C=Cn1cc[n+](CC(N)=O)c1,cation,imidazolium,152.17700000000002
CC(=O)CCn1cc[n+](C)c1,cation,imidazolium,153.205
CC(=O)OCC[N+]1(C)CCCC1,cation,pyrrolidinium,172.24799999999996
CC(=O)[NH+](C)C,cation,ammonium,88.13
CC(C(O)c1ccccc1)[N+](C)(C)C,cation,ammonium,194.29799999999997
CC(C)=Cn1cc[n+](C)c1,cation,imidazolium,137.206
CC(C)CCCCn1cc[n+](C)c1,cation,imidazolium,181.30300000000003
CC(C)CCCn1cc[n+](C)c1,cation,imidazolium,167.27599999999998
CC(C)CCn1c[n+](CCCCS(=O)(=O)O)cn1,cation,other N-heterocycle,276.38199999999995
CC(C)CCn1cc[n+](C)c1,cation,imidazolium,153.249
CC(C)C[N+]1(C)CCCC1,cation,pyrrolidinium,142.26599999999996
CC(C)C[N+]1(C)CCCCC1,cation,piperidinium,156.29299999999995
CC(C)C[NH3+],cation,ammonium,74.14699999999999
CC(C)C[P+](C)(CC(C)C)CC(C)C,cation,phosphonium,217.35699999999997
CC(C)Cn1cc[n+](C)c1,cation,imidazolium,139.22199999999998
CC(C)[n+]1ccn(C)c1,cation,imidazolium,125.19499999999998
CC(O)C[NH3+],cation,ammonium,76.119
CCC(=O)[NH+](C)C,cation,ammonium,102.15699999999998
CCC(C)C[NH3+],cation,ammonium,88.174
CCC=C[P+](CC)(CC)CC,cation,phosphonium,173.25999999999996
CCC=Cn1cc[n+](C)c1C,cation,imidazolium,151.23299999999998
CCCC(CC)[N+](C)(C)C(=N)N(C)C,cation,ammonium,200.35
CCCCC(CC)[NH2+]CCN,cation,ammonium,159.29699999999997
CCCCC(CCC)[N+](C)(C)C(=N)N(C)C,cation,ammonium,228.404
CCCCCCCCC=CCCCCCCCC1=[N+](CC)CCN1CCO,cation,other N-heterocycle,379.65300000000013
CCCCCCCCCCCCCCCCCCn1cc[n+](C)c1,cation,imidazolium,335.5999999999999
CCCCCCCCCCCCCCCC[N+](C)(C)Cc1ccccc1,cation,ammonium,360.65000000000003
CCCCCCCCCCCCCCCC[n+]1ccn(C)c1,cation,imidazolium,307.54599999999994
CCCCCCCCCCCCCCCCn1cc[n+](C)c1,cation,imidazolium,307.54599999999994
CCCCCCCCCCCCCC[N+](C)(C)Cc1ccccc1,cation,ammonium,332.59599999999995
CCCCCCCCCCCCCC[N+](C)(CCOCCOCCOCCOCCOCCO)CCOCCOCCOCCOCCOCCO,cation,ammonium,757.0799999999999
CCCCCCCCCCCCCC[N+](CC)(CC)CC,cation,ammonium,298.579
CCCCCCCCCCCCCC[P+](CCCC)(CCCC)CCCC,cation,phosphonium,399.7080000000003
CCCCCCCCCCCCCC[P+](CCCCCC)(CCCCCC)CCCCCC,cation,phosphonium,483.8700000000006
CCCCCCCCCCCCCCn1cc[n+](C)c1,cation,imidazolium,279.49199999999996
CCCCCCCCCCCCC[N+](C)(CCOCCO)CCOCCOCCO,cation,ammonium,434.68200000000036
CCCCCCCCCCCC[N+](C)(C)Cc1ccccc1,cation,ammonium,304.542
CCCCCCCCCCCC[N+](CC)(CC)CC,cation,ammonium,270.5249999999999
CCCCCCCCCCCC[P+](CCCC)(CCCC)CCCC,cation,phosphonium,371.6540000000002
CCCCCCCCCCCC[n+]1ccccc1,cation,pyridinium,248.434
CCCCCCCCCCCCn1cc[n+](C)c1,cation,imidazolium,251.438
CCCCCCCCCCCCn1cc[n+](CCCCCCCCCCCC)c1,cation,imidazolium,405.73500000000035
CCCCCCCCCCCOC[n+]1cccc(O)c1,cation,pyridinium,280.43199999999996
CCCCCCCCCCCn1cc[n+](C)c1,cation,imidazolium,237.411
CCCCCCCCCCN1CCC[N+]2=C1CCCCC2,cation,other N-heterocycle,293.51900000000006
CCCCCCCCCC[N+](C)(C)Cc1ccccc1,cation,ammonium,276.488
CCCCCCCCCC[N+]1(C)CCCCC1,cation,piperidinium,240.45499999999993
CCCCCCCCCC[P+](CC)(CC)CC,cation,phosphonium,259.43799999999993
CCCCCCCCCC[n+]1ccccc1,cation,pyridinium,220.38000000000002
CCCCCCCCCC[n+]1ccn(C)c1,cation,imidazolium,223.38400000000001
CCCCCCCCCC[n+]1ccn(Cc2ccc(C)cc2)c1,cation,imidazolium,313.50900000000007
CCCCCCCCCCn1cc[n+](C)c1,cation,imidazolium,223.38400000000001
CCCCCCCCCCn1cc[n+](CC)c1,cation,imidazolium,237.411
CCCCCCCCCCn1cc[n+](CCC#N)c1,cation,imidazolium,262.421
CCCCCCCCCCn1cc[n+](CCCCCCCCCC)c1,cation,imidazolium,349.6270000000002
CCCCCCCCCCn1cc[n+](CCCCCCCCCC)c1C,cation,imidazolium,363.6540000000002
CCCCCCCCC[N+]1(C)CCCCC1,cation,piperidinium,226.42799999999994
CCCCCCCCC[N+]1(C)CCOCC1,cation,morpholinium,228.39999999999995
CCCCCCCCC[P+](CC)(CC)CC,cation,phosphonium,245.41099999999994
CCCCCCCCCn1cc[n+](C)c1,cation,imidazolium,209.35700000000003
CCCCCCCCCn1cc[n+](CCCCCCCCC)c1,cation,imidazolium,321.5730000000001
CCCCCCCCN1C=C[NH+](C)C1,cation,other N-heterocycle,197.34600000000003
CCCCCCCC[N+](C)(C)C,cation,ammonium,172.336
CCCCCCCC[N+](C)(CCCCCCCC)C(C)CCCCCC,cation,ammonium,368.71400000000017
CCCCCCCC[N+](C)(CCCCCCCC)C(CC)CCCCC,cation,ammonium,368.71400000000017
CCCCCCCC[N+](C)(CCCCCCCC)C(CCC)CCCC,cation,ammonium,368.71400000000017
CCCCCCCC[N+](C)(CCCCCCCC)CCCCCCCC,cation,ammonium,368.7140000000002
CCCCCCCC[N+](CC)(CC)CC,cation,ammonium,214.41699999999997
CCCCCCCC[N+](CCCCCCCC)(CCCCCCCC)CCCCCCCC,cation,ammonium,466.90300000000053
CCCCCCCC[N+]1(C)CCCC1,cation,pyrrolidinium,198.37399999999997
CCCCCCCC[N+]1(C)CCCCC1,cation,piperidinium,212.40099999999995
CCCCCCCC[N+]1(C)CCOCC1,cation,morpholinium,214.37299999999996
CCCCCCCC[NH+](CCCCCCCC)CCCCCCCC,cation,ammonium,354.6870000000002
CCCCCCCC[NH+]1C=CN(C)C1C,cation,other N-heterocycle,211.37300000000002
CCCCCCCC[P+](CC)(CC)CC,cation,phosphonium,231.38399999999996
CCCCCCCC[P+](CCCC)(CCCC)CCCC,cation,phosphonium,315.54600000000005
CCCCCCCC[P+](CCCCCCCC)(CCCCCCCC)CCCCCCCC,cation,phosphonium,483.8700000000006
CCCCCCCC[n+]1cc(C)cc(C)c1,cation,pyridinium,220.38000000000002
CCCCCCCC[n+]1ccc(C)cc1,cation,pyridinium,206.35300000000004
CCCCCCCC[n+]1ccc(N(C)C)cc1,cation,pyridinium,235.39500000000004
CCCCCCCC[n+]1ccc2ccccc2c1,cation,pyridinium,242.38600000000005
CCCCCCCC[n+]1cccc(C)c1,cation,pyridinium,206.35300000000004
CCCCCCCC[n+]1cccc(C)c1C,cation,pyridinium,220.38000000000002
CCCCCCCC[n+]1cccc2ccccc21,cation,pyridinium,242.38600000000005
CCCCCCCC[n+]1ccccc1,cation,pyridinium,192.32600000000005
CCCCCCCC[n+]1ccn(C)c1,cation,imidazolium,195.33000000000004
CCCCCCCC[n+]1ccn(CC)c1,cation,imidazolium,209.35700000000003
CCCCCCCC[n+]1ccn(Cc2ccc(C)cc2)c1,cation,imidazolium,285.45500000000004
CCCCCCCCc1cccc[n+]1CC,cation,pyridinium,220.38000000000002
CCCCCCCCn1cc[n+](C)c1,cation,imidazolium,195.33000000000004
CCCCCCCCn1cc[n+](CCC#N)c1,cation,imidazolium,234.36700000000002
CCCCCCCCn1cc[n+](CCCCCCCC)c1,cation,imidazolium,293.519
CCCCCCCOC[n+]1cccc(O)c1,cation,pyridinium,224.324
CCCCCCC[N+](C)(C)CC,cation,ammonium,172.33599999999998
CCCCCCC[N+](CC)(CC)CC,cation,ammonium,200.39
CCCCCCC[N+]1(C)CCCC1,cation,pyrrolidinium,184.34699999999995
CCCCCCC[N+]1(C)CCCCC1,cation,piperidinium,198.37399999999994
CCCCCCC[N+]1(C)CCOCC1,cation,morpholinium,200.34599999999995
CCCCCCC[NH+]1C=CN(C)C1,cation,other N-heterocycle,183.319
CCCCCCC[P+](CC)(CC)CC,cation,phosphonium,217.35699999999994
CCCCCCC[n+]1ccccc1,cation,pyridinium,178.29900000000004
CCCCCCC[n+]1ccn(C)c1,cation,imidazolium,181.30300000000003
CCCCCCCc1cccc[n+]1CC,cation,pyridinium,206.353
CCCCCCCn1c(C)cc(C)[n+]1-c1ccccc1,cation,pyrazolium,271.428
CCCCCCCn1cc[n+](C)c1,cation,imidazolium,181.30300000000003
CCCCCCCn1cc[n+](CCCCCCC)c1,cation,imidazolium,265.4649999999999
CCCCCCN1C=C[NH+](C)C1,cation,other N-heterocycle,169.29199999999997
CCCCCCOC(=O)C[N+](C)(C)C,cation,ammonium,202.31799999999998
CCCCCCOC[n+]1cccc(O)c1,cation,pyridinium,210.29700000000003
CCCCCC[N+](C)(C)C,cation,ammonium,144.28199999999998
CCCCCC[N+](CC)(CC)CC,cation,ammonium,186.36299999999997
CCCCCC[N+](CCCCCC)(CCCCCC)CCCCCC,cation,ammonium,354.6870000000002
CCCCCC[N+]1(C)CCCC1,cation,pyrrolidinium,170.31999999999996
CCCCCC[N+]1(C)CCCCC1,cation,piperidinium,184.34699999999995
CCCCCC[N+]1(C)CCOCC1,cation,morpholinium,186.31899999999996
CCCCCC[N+]1(CCCC)CCCC1,cation,pyrrolidinium,212.40099999999995
CCCCCC[N+]1(CCCCCC)CCCC1,cation,pyrrolidinium,240.45499999999993
CCCCCC[NH+](CCCCCC)CCCCCC,cation,ammonium,270.5249999999999
CCCCCC[NH+]1C=CN(C)C1,cation,other N-heterocycle,169.29199999999997
CCCCCC[NH2+]CCN,cation,ammonium,145.27
CCCCCC[P+](CCCCCC)(CCCCCC)CC(C)C,cation,phosphonium,343.6000000000001
CCCCCC[n+]1cc(C)cc(C)c1CC,cation,pyridinium,220.37999999999997
CCCCCC[n+]1cc(CC)cc(CC)c1CCC,cation,pyridinium,262.46099999999996
CCCCCC[n+]1ccc(C)cc1,cation,pyridinium,178.299
CCCCCC[n+]1ccc(N(C)C)c(C)c1,cation,pyridinium,221.368
CCCCCC[n+]1ccc(N(C)C)cc1,cation,pyridinium,207.341
CCCCCC[n+]1ccc(N2CCC(C)CC2)cc1,cation,pyridinium,261.43299999999994
CCCCCC[n+]1cccc(C)c1,cation,pyridinium,178.299
CCCCCC[n+]1cccc2ccccc21,cation,pyridinium,214.33200000000002
CCCCCC[n+]1ccccc1,cation,pyridinium,164.27200000000002
CCCCCC[n+]1ccn(C)c1,cation,imidazolium,167.27599999999998
CCCCCC[n+]1ccn(C)c1C,cation,imidazolium,181.30299999999997
CCCCCC[n+]1ccn(CC)c1,cation,imidazolium,181.30299999999997
CCCCCC[n+]1ccn(CCC#N)c1,cation,imidazolium,206.31299999999996
CCCCCC[n+]1ccn(Cc2ccc(C)cc2)c1,cation,imidazolium,257.40099999999995
CCCCCCc1cccc[n+]1CC,cation,pyridinium,192.326
CCCCCCn1c(C)cc(C)[n+]1-c1ccccc1,cation,pyrazolium,257.401
CCCCCCn1c[n+](CCCCS(=O)(=O)O)cn1,cation,other N-heterocycle,290.40899999999993
CCCCCCn1cc[n+](C)c1,cation,imidazolium,167.27599999999998
CCCCCCn1cc[n+](C)c1C,cation,imidazolium,181.30299999999997
CCCCCCn1cc[n+](CC)c1,cation,imidazolium,181.30299999999997
CCCCCCn1cc[n+](CCC#N)c1,cation,imidazolium,206.31299999999996
CCCCCCn1cc[n+](CCCCCC)c1,cation,imidazolium,237.41099999999992
CCCCC[N+](C)(C)CC,cation,ammonium,144.28199999999998
CCCCC[N+](C)(C)CCO,cation,ammonium,160.28099999999998
CCCCC[N+](C)(CC)CC,cation,ammonium,158.30899999999997
CCCCC[N+](C)(CCC)CCC,cation,ammonium,186.36299999999997
CCCCC[N+]1(C)CCOCC1,cation,morpholinium,172.29199999999997
CCCCC[NH3+],cation,ammonium,88.174
CCCCC[P+](CC)(CC)CC,cation,phosphonium,189.30299999999997
CCCCC[n+]1ccccc1,cation,pyridinium,150.245
CCCCC[n+]1ccn(C)c1,cation,imidazolium,153.249
CCCCC[n+]1ccn(CCCC)c1,cation,imidazolium,195.32999999999996
CCCCCc1cccc[n+]1CC,cation,pyridinium,178.29899999999998
CCCCCn1c(C)cc(C)[n+]1-c1ccccc1,cation,pyrazolium,243.37400000000002
CCCCCn1cc[n+](C)c1,cation,imidazolium,153.249
CCCCCn1cc[n+](C)c1C,cation,imidazolium,167.27599999999998
CCCCCn1cc[n+](CCCCC)c1,cation,imidazolium,209.35699999999994
CCCCN1C=C[NH+](C)C1,cation,other N-heterocycle,141.23799999999997
CCCCN1C=C[NH+](CCCC)C1,cation,other N-heterocycle,183.31899999999993
CCCCNC(=O)C[n+]1ccn(CC)c1,cation,imidazolium,210.301
CCCCOC(=O)c1nccc[n+]1CCCC,cation,other N-heterocycle,237.32299999999998
CCCCOCC(O)CN(CCCn1cc[nH+]c1)C(C)=O,cation,imidazolium,298.40700000000004
CCCCOCC(O)CNCCCn1cc[nH+]c1,cation,imidazolium,256.36999999999995
CCCCOC[n+]1cccc(O)c1,cation,pyridinium,182.243
CCCC[N+](C)(C)C,cation,ammonium,116.22799999999998
CCCC[N+](C)(C)C(=N)N(C)C,cation,ammonium,172.296
CCCC[N+](C)(C)CC,cation,ammonium,130.25499999999997
CCCC[N+](C)(CC)CC,cation,ammonium,144.28199999999998
CCCC[N+](C)(CCC)CCC,cation,ammonium,172.33599999999996
CCCC[N+](C)(CCCC)CCCC,cation,ammonium,200.38999999999993
CCCC[N+](CC)(CC)CC,cation,ammonium,158.30899999999997
CCCC[N+](CCCC)(CCCC)CCCC,cation,ammonium,242.4709999999999
CCCC[N+]1(C)CCCC1,cation,pyrrolidinium,142.26599999999996
CCCC[N+]1(C)CCCCC1,cation,piperidinium,156.29299999999995
CCCC[N+]1(C)CCOCC1,cation,morpholinium,158.26499999999996
CCCC[NH+]1C=CN=C1,cation,other N-heterocycle,125.19499999999996
CCCC[NH+]1C=CN=C1c1ccccc1,cation,other N-heterocycle,201.293
CCCC[NH+]1CCCC1,cation,pyrrolidinium,128.23899999999998
CCCC[NH3+],cation,ammonium,74.14699999999999
CCCC[P+](C)(CCCC)CCCC,cation,phosphonium,217.3569999999999
CCCC[P+](CC)(CC)CC,cation,phosphonium,175.27599999999995
CCCC[P+](CC)(CCCC)CCCC,cation,phosphonium,231.3839999999999
CCCC[P+](CCCC)(CCCC)CCC(F)(F)C(F)(F)C(F)(F)C(F)(F)C(F)(F)C(F)(F)F,cation,phosphonium,549.416
CCCC[P+](CCCC)(CCCC)CCCC,cation,phosphonium,259.43799999999993
CCCC[P+](CCCC)(CCCC)CCCN,cation,phosphonium,260.42599999999993
CCCC[P+](CCCC)(CCCC)CCSC,cation,phosphonium,277.47799999999995
CCCC[P+](CCCC)(CCCC)CCSCC,cation,phosphonium,291.505
CCCC[P+](CCCC)(CCCC)COC,cation,phosphonium,247.38299999999992
CCCC[P+](CCCC)(CCCC)CSC,cation,phosphonium,263.45099999999996
CCCC[S+]1CCCC1,cation,sulfonium,145.29099999999997
CCCC[n+]1cc(C)cc(C)c1,cation,pyridinium,164.27199999999996
CCCC[n+]1cc[nH]c1,cation,imidazolium,125.19499999999996
CCCC[n+]1ccc(C)c(C)c1,cation,pyridinium,164.27199999999996
CCCC[n+]1ccc(C)cc1,cation,pyridinium,150.24499999999998
CCCC[n+]1ccc(N(C)C)cc1,cation,pyridinium,179.28699999999998
CCCC[n+]1ccc2ccccc2c1,cation,pyridinium,186.278
CCCC[n+]1cccc(C#N)c1,cation,pyridinium,161.22799999999998
CCCC[n+]1cccc(C)c1,cation,pyridinium,150.24499999999998
CCCC[n+]1cccc(C)c1C,cation,pyridinium,164.27199999999996
CCCC[n+]1cccc2ccccc21,cation,pyridinium,186.278
CCCC[n+]1ccccc1,cation,pyridinium,136.21799999999996
CCCC[n+]1ccccc1C,cation,pyridinium,150.24499999999995
CCCC[n+]1ccn(C(CC)CC)c1,cation,imidazolium,195.32999999999996
CCCC[n+]1ccn(C)c1,cation,imidazolium,139.22199999999998
CCCC[n+]1ccn(C)c1C,cation,imidazolium,153.24899999999997
CCCC[n+]1ccn(C2CCCC2)c1,cation,imidazolium,193.31399999999994
CCCC[n+]1ccn(CC)c1,cation,imidazolium,153.249
CCCC[n+]1ccn(CCC#N)c1,cation,imidazolium,178.259
CCCC[n+]1ccn(Cc2ccc(C)cc2)c1,cation,imidazolium,229.347
CCCC[n+]1ccn(Cc2ccccc2)c1,cation,imidazolium,215.32000000000002
CCCCc1cccc[n+]1CC,cation,pyridinium,164.27199999999993
CCCCn1c(C)cc(C)[n+]1-c1ccccc1,cation,pyrazolium,229.347
CCCCn1c[n+](CCCCS(=O)(=O)O)cn1,cation,other N-heterocycle,262.35499999999996
CCCCn1c[nH+]c2ccccc21,cation,imidazolium,175.255
CCCCn1cc[n+](C)c1,cation,imidazolium,139.22199999999998
CCCCn1cc[n+](C)c1C,cation,imidazolium,153.24899999999997
CCCCn1cc[n+](CC)c1,cation,imidazolium,153.249
CCCCn1cc[n+](CCC#N)c1,cation,imidazolium,178.259
CCCCn1cc[n+](CCC(C)C)c1,cation,imidazolium,195.32999999999998
CCCCn1cc[n+](CCCC)c1,cation,imidazolium,181.30299999999997
CCCCn1cc[n+](CCCCCCO)c1,cation,imidazolium,225.35599999999994
CCCCn1cc[n+](CCCCS(=O)(=O)O)c1,cation,imidazolium,261.36699999999996
CCCCn1cc[n+](CCCS(=O)(=O)O)c1,cation,imidazolium,247.33999999999997
CCCCn1ccc[n+]1C,cation,pyrazolium,139.22199999999998
CCCOCC[N+]1(C)CCCC1,cation,pyrrolidinium,172.29199999999994
CCCOCC[n+]1ccccc1,cation,pyridinium,166.244
CCCOCC[n+]1ccn(C)c1,cation,imidazolium,169.248
CCCOC[n+]1cccc(O)c1,cation,pyridinium,168.21599999999998
CCC[N+](C)(C)CC,cation,ammonium,116.22799999999998
CCC[N+](C)(C)CCO,cation,ammonium,132.227
CCC[N+](C)(CC)CC,cation,ammonium,130.25499999999997
CCC[N+](C)(CC)CCC,cation,ammonium,144.28199999999998
CCC[N+]1(C)CCCC1,cation,pyrrolidinium,128.23899999999998
CCC[N+]1(C)CCCCC1,cation,piperidinium,142.26599999999996
CCC[N+]1(C)CCOCC1,cation,morpholinium,144.23799999999997
CCC[NH+](C)C,cation,ammonium,88.17399999999999
CCC[NH+](C)CCC,cation,ammonium,116.228
CCC[NH+](CC)CC,cation,ammonium,116.228
CCC[NH3+],cation,ammonium,60.11999999999999
CCC[S+]1CCCC1,cation,sulfonium,131.26399999999998
CCC[n+]1cccc(C)c1,cation,pyridinium,136.21799999999996
CCC[n+]1ccccc1,cation,pyridinium,122.19099999999995
CCC[n+]1ccn(C)c1C,cation,imidazolium,139.22199999999998
CCC[n+]1cn(C)cn1,cation,other N-heterocycle,126.18299999999998
CCCc1cccc[n+]1CC,cation,pyridinium,150.24499999999995
CCCn1cc[n+](C)c1,cation,imidazolium,125.19499999999996
CCCn1cc[n+](C)c1C,cation,imidazolium,139.22199999999998
CCCn1cc[n+](CC)c1,cation,imidazolium,139.22199999999998
CCN(CC)c1c(N(CC)CC)[c+]1N(CC)CC,cation,other,252.42599999999996
CCN=C(N(C)C)[NH+](C)C,cation,ammonium,144.242
CCOC(=O)C[N+](C)(C)CC,cation,ammonium,160.237
CCOC(=O)C[N+]1(C)CCCC1,cation,pyrrolidinium,172.24799999999996
CCOC(=O)C[n+]1ccccc1,cation,pyridinium,166.20000000000002
CCOC(=O)Cn1cc[n+](C)c1,cation,imidazolium,169.20399999999998
CCOC(=O)c1ccc[n+](CC)c1,cation,pyridinium,180.22699999999995
CCOCC[N+](C)(C)CC,cation,ammonium,146.254
CCOCC[N+]1(C)CCCC1,cation,pyrrolidinium,158.265
CCOCC[N+]1(C)CCCCC1,cation,piperidinium,172.29199999999997
CCOCC[N+]1(C)CCOCC1,cation,morpholinium,174.26399999999998
CCOCC[NH+](C)C,cation,ammonium,118.2
CCOCC[n+]1ccccc1,cation,pyridinium,152.217
CCOCCn1cc[n+](C)c1,cation,imidazolium,155.221
CCOCCn1cc[n+](CC)c1,cation,imidazolium,169.248
CCOC[N+](C)(C)CC,cation,ammonium,132.227
CCOC[N+]1(C)CCCC1,cation,pyrrolidinium,144.23799999999997
CCOC[N+]1(C)CCCCC1,cation,piperidinium,158.26499999999996
CCOC[N+]1(C)CCOCC1,cation,morpholinium,160.23699999999997
CCOC[P+](CC)(CC)CC,cation,phosphonium,177.24799999999996
CCOC[n+]1ccccc1,cation,pyridinium,138.18999999999997
CCOC[n+]1ccn(C)c1,cation,imidazolium,141.194
CCOCn1cc[n+](C)c1,cation,imidazolium,141.194
CCOn1cc[n+](OCC)c1,cation,imidazolium,157.19299999999998
CCS(=O)(=O)CCn1cc[n+](C)c1,cation,imidazolium,203.287
CCSCC[P+](CC)(CC)CC,cation,phosphonium,207.34299999999996
CC[N+](C)(C)CC#N,cation,ammonium,113.184
CC[N+](C)(C)CCCO,cation,ammonium,132.227
CC[N+](C)(C)CCCOC,cation,ammonium,146.254
CC[N+](C)(C)CCO,cation,ammonium,118.19999999999999
CC[N+](C)(C)CCOC,cation,ammonium,132.227
CC[N+](C)(CC)CCOC,cation,ammonium,146.254
CC[N+](CC)(CC)CC,cation,ammonium,130.255
CC[N+](CC)(CC)CCOC,cation,ammonium,160.28099999999998
CC[N+](CC)=C(N(C)C)N(C)C,cation,ammonium,172.296
CC[N+]1(C)CCCC1,cation,pyrrolidinium,114.212
CC[N+]1(C)CCCCC1,cation,piperidinium,128.239
CC[N+]1(C)CCOCC1,cation,morpholinium,130.21099999999998
CC[NH+](C)CC,cation,ammonium,88.17399999999999
CC[NH+](CC)CC,cation,ammonium,102.201
CC[NH+]1C=CN(C)C1,cation,other N-heterocycle,113.184
CC[NH+]1C=CN=C1,cation,other N-heterocycle,97.14099999999999
CC[NH2+]CC,cation,ammonium,74.14699999999999
CC[NH3+],cation,ammonium,46.092999999999996
CC[P+](CC)(CC)CCOC,cation,phosphonium,177.24799999999996
CC[P+](CC)(CC)CCSC,cation,phosphonium,193.31599999999997
CC[P+](CC)(CC)COCCOC,cation,phosphonium,207.27399999999994
CC[P+](CC)(CC)CSC,cation,phosphonium,179.289
CC[S+](C)CC,cation,sulfonium,105.226
CC[S+](CC)CC,cation,sulfonium,119.253
CC[S+]1CCCC1,cation,sulfonium,117.23700000000001
CC[n+]1cc(C)n(C)c1,cation,imidazolium,125.195
CC[n+]1ccc(C)cc1,cation,pyridinium,122.19099999999997
CC[n+]1ccc(N(C)C)cc1,cation,pyridinium,151.233
CC[n+]1cccc(C)c1,cation,pyridinium,122.19099999999997
CC[n+]1ccccc1,cation,pyridinium,108.16399999999997
CC[n+]1ccccc1C,cation,pyridinium,122.19099999999997
CC[n+]1ccn(C)c1,cation,imidazolium,111.16799999999999
CC[n+]1ccn(CCOC)c1,cation,imidazolium,155.221
CC[n+]1ccn(Cc2ccc(C)cc2)c1,cation,imidazolium,201.293
CCc1cccc[n+]1CC,cation,pyridinium,136.218
CCn1cc(C)[n+](C)c1,cation,imidazolium,125.195
CCn1cc(C)[n+](CC)c1,cation,imidazolium,139.222
CCn1cc[n+](C)c1,cation,imidazolium,111.16799999999999
CCn1cc[n+](C)c1C,cation,imidazolium,125.195
CCn1cc[n+](CC)c1,cation,imidazolium,125.195
CCn1cc[n+](CCOC)c1,cation,imidazolium,155.221
CCn1cc[nH+]c1,cation,imidazolium,97.14099999999999
CCn1ccc[n+]1C,cation,pyrazolium,111.16799999999999
CN(C)C(=N)[NH+](C)C,cation,ammonium,116.18799999999999
CN(C)C(N)=[N+](C)C,cation,ammonium,116.188
CN(C)c1cc[n+](C)cc1,cation,pyridinium,137.206
CN1C=C[NH+](C)C1,cation,other N-heterocycle,99.157
CN1C=C[NH+](CCO)C1,cation,other N-heterocycle,129.183
CN1CCC[NH+]2CCCN=C12,cation,other N-heterocycle,154.237
COC(=O)C([NH3+])Cc1ccccc1,cation,ammonium,180.22700000000003
COC(=O)C1CCC[NH2+]1,cation,pyrrolidinium,130.167
COC(C)Cn1cc[n+](C)c1,cation,imidazolium,155.221
COCCCCn1cc[n+](C)c1,cation,imidazolium,169.248
COCCC[N+]1(C)CCCC1,cation,pyrrolidinium,158.265
COCCC[N+]1(C)CCCCC1,cation,piperidinium,172.29199999999997
COCCC[N+]1(C)CCOCC1,cation,morpholinium,174.26399999999998
COCCC[n+]1ccccc1,cation,pyridinium,152.217
COCCC[n+]1ccn(C)c1,cation,imidazolium,155.221
COCCCn1cc[n+](C)c1,cation,imidazolium,155.221
COCCOCCOCC[n+]1ccccc1,cation,pyridinium,226.29600000000002
COCCOCC[n+]1ccccc1,cation,pyridinium,182.24300000000005
COCCOCCn1cc[n+](C)c1,cation,imidazolium,185.24700000000004
COCC[N+](C)(C)C,cation,ammonium,118.19999999999999
COCC[N+]1(C)CCCC1,cation,pyrrolidinium,144.23799999999997
COCC[N+]1(C)CCCCC1,cation,piperidinium,158.26499999999996
COCC[N+]1(C)CCOCC1,cation,morpholinium,160.23699999999997
COCC[NH+]1C=CN(C)C1,cation,other N-heterocycle,143.20999999999995
COCC[NH2+]CCOC,cation,ammonium,134.199
COCC[n+]1ccccc1,cation,pyridinium,138.18999999999997
COCC[n+]1ccn(C)c1,cation,imidazolium,141.194
COCCn1cc[n+](C)c1,cation,imidazolium,141.194
COC[N+]1(C)CCCC1,cation,pyrrolidinium,130.21099999999998
COC[n+]1ccccc1,cation,pyridinium,124.16299999999995
COCn1cc[n+](C)c1,cation,imidazolium,127.16699999999997
COc1ccc(-[n+]2c(C)cc(C)n2C)cc1,cation,pyrazolium,217.292
C[N+](C)(C)C,cation,ammonium,74.14699999999999
C[N+](C)(C)CCCC(=O)O,cation,ammonium,146.21
C[N+](C)(C)CCO,cation,ammonium,104.17299999999999
C[N+](C)(CCCS(=O)(=O)O)C1CCCCC1,cation,ammonium,250.38399999999993
C[N+](C)(CCO)CCCNC(=O)C(O)C(O)C(O)C(O)CO,cation,ammonium,325.38200000000006
C[N+](C)=CCl,cation,ammonium,92.549
C[N+](CCO)(CCO)CCO,cation,ammonium,164.22499999999997
C[N+]1(C#N)CCOCC1,cation,morpholinium,127.167
C[N+]1(CC#N)CCCC1,cation,pyrrolidinium,125.19500000000001
C[N+]1(CC#N)CCCCC1,cation,piperidinium,139.222
C[N+]1(CC#N)CCOCC1,cation,morpholinium,141.194
C[N+]1(CCCC#N)CCOCC1,cation,morpholinium,169.248
C[N+]1(CCCO)CCCC1,cation,pyrrolidinium,144.23799999999997
C[N+]1(CCCO)CCCCC1,cation,piperidinium,158.26499999999996
C[N+]1(CCCO)CCOCC1,cation,morpholinium,160.23699999999997
C[N+]1(CCO)CCCC1,cation,pyrrolidinium,130.21099999999998
C[N+]1(CCO)CCCCC1,cation,piperidinium,144.23799999999997
C[N+]1(CCO)CCOCC1,cation,morpholinium,146.20999999999998
C[N+]1(CCOC(=O)C(O)(c2ccccc2)c2ccccc2)CCCC1,cation,pyrrolidinium,340.4430000000002
C[N+]1(Cc2ccccc2)CCOCC1,cation,morpholinium,192.2819999999999
C[NH+](C)C,cation,ammonium,60.120000000000005
C[NH+](C)CCO,cation,ammonium,90.146
C[NH+](CCO)CCO,cation,ammonium,120.17199999999998
C[NH+]1C=CN(CCCO)C1,cation,other N-heterocycle,143.21
C[NH+]1C=CN=C1,cation,other N-heterocycle,83.11399999999999
C[NH+]1CCCC1=O,cation,pyrrolidinium,100.14099999999999
C[NH2+]CCO,cation,ammonium,76.119
C[NH3+],cation,ammonium,32.066
C[n+]1cc[nH]c1,cation,imidazolium,83.11399999999999
C[n+]1ccccc1,cation,pyridinium,94.13699999999999
C[n+]1ccn(CC#N)c1,cation,imidazolium,122.151
C[n+]1ccn(CC(F)(F)F)c1,cation,imidazolium,165.138
C[n+]1ccn(CCC(F)(F)C(F)(F)C(F)(F)C(F)(F)C(F)(F)C(F)(F)F)c1,cation,imidazolium,429.19999999999993
C[n+]1ccn(CCCC(=O)O)c1,cation,imidazolium,169.204
C[n+]1ccn(CCCCC#N)c1,cation,imidazolium,164.23200000000003
C[n+]1ccn(CCCCCCCC(=O)O)c1,cation,imidazolium,225.31199999999998
C[n+]1ccn(CCCCCCCCO)c1,cation,imidazolium,211.32899999999998
C[n+]1ccn(CCCCO)c1,cation,imidazolium,155.22100000000003
C[n+]1ccn(CCCCS(=O)(=O)O)c1,cation,imidazolium,219.286
C[n+]1ccn(CCCO)c1,cation,imidazolium,141.19400000000002
C[n+]1ccn(CCO)c1,cation,imidazolium,127.16699999999999
C[n+]1ccn(CCc2ccccc2)c1,cation,imidazolium,187.26600000000002
C[n+]1ccn(Cc2ccccc2)c1,cation,imidazolium,173.239
C[n+]1cn(CCCCS(=O)(=O)O)c2ccccc21,cation,imidazolium,269.346
Cc1c(CCO)sc[n+]1Cc1ccccc1,cation,other N-heterocycle,234.34400000000002
Cc1cc(C)[n+](-c2ccc(Cl)cc2)n1C,cation,pyrazolium,221.711
Cc1cc(C)[n+](-c2ccccc2)n1C,cation,pyrazolium,187.26600000000002
Cc1ccc(-[n+]2c(C)cc(C)n2C)cc1,cation,pyrazolium,201.293
Cc1ccc(CN2C=C[NH+](C)C2)cc1,cation,other N-heterocycle,189.282
Cc1ccc(Cn2cc[n+](C)c2)cc1,cation,imidazolium,187.26600000000002
Cc1ccc[n+](C)c1,cation,pyridinium,108.164
Cc1ccc[n+](CC(C)C)c1,cation,pyridinium,150.245
Cc1cccc[nH+]1,cation,pyridinium,94.137
Cc1ccccc1-[n+]1ccc(C)n1C,cation,pyrazolium,187.266
Cc1ncc[nH+]n1,cation,other N-heterocycle,96.113
Cn1cc[n+](C)c1,cation,imidazolium,97.14099999999999
Cn1cc[n+](C)c1Cl,cation,imidazolium,131.586
Cn1cc[n+](CC#N)c1,cation,imidazolium,122.151
Cn1cc[n+](CCCC#N)c1,cation,imidazolium,150.205
Cn1cc[n+](CCCCCCO)c1,cation,imidazolium,183.275
Cn1cc[n+](CCCCS(=O)(=O)O)c1,cation,imidazolium,219.286
Cn1cc[n+](CCCO)c1,cation,imidazolium,141.19400000000002
Cn1cc[n+](CCCS(=O)(=O)O)c1,cation,imidazolium,205.25900000000001
Cn1cc[n+](CCCc2ccccc2)c1,cation,imidazolium,201.29300000000003
Cn1cc[n+](CCO)c1,cation,imidazolium,127.16699999999999
Cn1cc[n+](CCc2ccccc2)c1,cation,imidazolium,187.26600000000002
Cn1cc[n+](Cc2ccccc2)c1,cation,imidazolium,173.239
N#CCC[NH+]1C=CN=C1,cation,other N-heterocycle,122.15099999999997
N#CCCn1cc[n+](CCO)c1,cation,imidazolium,166.20399999999998
N#CCCn1cc[n+](Cc2ccccc2)c1,cation,imidazolium,212.276
N#CC[n+]1ccccc1,cation,pyridinium,119.14699999999995
O=S(=O)(O)CCC[n+]1ccccc1,cation,pyridinium,202.25500000000002
OCCCCCC[NH+]1C=CN=C1,cation,other N-heterocycle,169.24800000000005
OCCC[n+]1ccccc1,cation,pyridinium,138.18999999999997
OCC[NH+](CCO)CCO,cation,ammonium,150.198
OCC[NH2+]CCO,cation,ammonium,106.145
OCC[NH2+]c1ccccc1,cation,ammonium,138.18999999999997
OCC[n+]1ccccc1,cation,pyridinium,124.16299999999995
[Li+],cation,other,6.941
[NH3+]CCCO,cation,ammonium,76.119
[NH3+]CCO,cation,ammonium,62.092000000000006
[NH3+]CNCCO,cation,ammonium,91.134
c1ccc(C[n+]2ccccc2)cc1,cation,pyridinium,170.235
Brc1ccc2[n-]ncc2c1,anion,other,196.027
Brc1ccc2cn[n-]c2c1,anion,other,196.027
Brc1cccc2[n-]ncc12,anion,other,196.027
Brc1cnc[n-]1,anion,other,145.967
C/C=C/C(=O)[O-],anion,carboxylate,85.082
C=CC(=O)NC(C)(C)CS(=O)(=O)[O-],anion,sulfonate/sulfate,206.24299999999997
CC(=O)CCC(=O)[O-],anion,carboxylate,115.10799999999999
CC(=O)NC(C(=O)[O-])C(C)C,anion,amino-acid,158.17699999999996
CC(=O)NC(C)C(=O)[O-],anion,amino-acid,130.123
CC(=O)NC(CC(C)C)C(=O)[O-],anion,amino-acid,172.20399999999995
CC(=O)[O-],anion,carboxylate,59.044000000000004
CC(C)(C)C(=O)[O-],anion,carboxylate,101.12499999999999
CC(C)C(=O)[O-],anion,carboxylate,87.09799999999998
CC(C)C(N)C(=O)[O-],anion,amino-acid,116.13999999999999
CC(C)CC(N)C(=O)[O-],anion,amino-acid,130.167
CC(CC(C)(C)C)CP(=O)([O-])CC(C)CC(C)(C)C,anion,P-oxoanion,289.42
CC(N)C(=O)[O-],anion,amino-acid,88.08599999999998
CC(O)C(=O)[O-],anion,carboxylate,89.07
CC(O)C(N)C(=O)[O-],anion,amino-acid,118.112
CC(Oc1ccc(Cl)cc1Cl)C(=O)[O-],anion,carboxylate,234.05799999999996
CC1(C(=O)[O-])CCCN1,anion,amino-acid,128.151
CC1=CC(=O)[N-]S(=O)(=O)O1,anion,other,162.146
CCC(=O)[O-],anion,carboxylate,73.071
CCC(C)C(NC(C)=O)C(=O)[O-],anion,amino-acid,172.20399999999998
CCC(CC)C(=O)[O-],anion,carboxylate,115.15199999999999
CCCC(=O)[O-],anion,carboxylate,87.09799999999998
CCCCC(=O)[O-],anion,carboxylate,101.12499999999999
CCCCC(CC)CCC(=O)[O-],anion,carboxylate,171.26
CCCCC(CC)COC(=O)CC(C(=O)OCC(CC)CCCC)S(=O)(=O)[O-],anion,sulfonate/sulfate,421.57600000000025
CCCCCC(=O)[O-],anion,carboxylate,115.15199999999999
CCCCCCC(=O)[O-],anion,carboxylate,129.179
CCCCCCCC(=O)[O-],anion,carboxylate,143.206
CCCCCCCCC=CCCCCCCCC(=O)[O-],anion,carboxylate,281.4599999999999
CCCCCCCCCC(=O)[O-],anion,carboxylate,171.26
CCCCCCCCCCCCOS(=O)(=O)[O-],anion,sulfonate/sulfate,265.395
CCCCCCCCCCCCc1ccc(S(=O)(=O)[O-])cc1,anion,sulfonate/sulfate,325.494
CCCCCCCCCCCCc1ccccc1S(=O)(=O)[O-],anion,sulfonate/sulfate,325.494
CCCCCCCCCCOS(=O)(=O)[O-],anion,sulfonate/sulfate,237.34099999999998
CCCCCCCCOS(=O)(=O)[O-],anion,sulfonate/sulfate,209.287
CCCCCCOS(=O)(=O)[O-],anion,sulfonate/sulfate,181.23299999999998
CCCCOS(=O)(=O)[O-],anion,sulfonate/sulfate,153.17899999999997
CCCCP(=O)([O-])O,anion,P-oxoanion,137.095
CCOP(=O)([O-])OCC,anion,P-oxoanion,153.09399999999997
CCOS(=O)(=O)[O-],anion,sulfonate/sulfate,125.12499999999999
CCP(=O)([O-])O,anion,P-oxoanion,109.04099999999998
CCS(=O)(=O)[O-],anion,sulfonate/sulfate,109.12599999999999
COCC(=O)[O-],anion,carboxylate,89.07
COCCOCC(=O)[O-],anion,carboxylate,133.123
COCCOCCOS(=O)(=O)[O-],anion,sulfonate/sulfate,199.20399999999998
COP(=O)([O-])OC,anion,P-oxoanion,125.03999999999998
COS(=O)(=O)[O-],anion,sulfonate/sulfate,111.09799999999998
CO[PH](=O)[O-],anion,P-oxoanion,95.014
CP(=O)([O-])O,anion,P-oxoanion,95.014
CS(=O)(=O)[O-],anion,sulfonate/sulfate,95.099
Cc1ccc(S(=O)(=O)[O-])cc1,anion,sulfonate/sulfate,171.197
Cc1n[n-]cc1Br,anion,other,159.99399999999997
Cc1nc([N+](=O)[O-])c[n-]1,anion,other,126.09499999999998
Cl[Fe-](Cl)(Cl)Br,anion,other,242.108
Cl[Fe-](Cl)(Cl)Cl,anion,other,197.657
Clc1n[n-]c2ccccc12,anion,other,151.57599999999996
Clc1nc[n-]c1Cl,anion,other,135.961
FC(F)(F)C(F)(F)C(F)(F)C(F)(F)[P-](F)(F)(F)(C(F)(F)C(F)(F)C(F)(F)C(F)(F)F)C(F)(F)C(F)(F)C(F)(F)C(F)(F)F,anion,fluorinated,745.0460000000003
FC(F)(F)C(F)(F)C(F)(F)[P-](F)(F)(F)(C(F)(F)C(F)(F)C(F)(F)F)C(F)(F)C(F)(F)C(F)(F)F,anion,fluorinated,595.0250000000001
FC(F)(F)C(F)(F)[P-](F)(F)(F)(C(F)(F)C(F)(F)F)C(F)(F)C(F)(F)F,anion,fluorinated,445.00399999999996
FC(F)(F)[N-]C(F)(F)F,anion,fluorinated,152.017
F[B-](F)(F)C(F)(F)C(F)(F)C(F)(F)C(F)(F)F,anion,fluorinated,286.83199999999994
F[B-](F)(F)C(F)(F)C(F)(F)C(F)(F)F,anion,fluorinated,236.82499999999996
F[B-](F)(F)C(F)(F)C(F)(F)F,anion,fluorinated,186.81799999999998
F[B-](F)(F)C(F)(F)F,anion,fluorinated,136.811
F[B-](F)(F)F,anion,fluorinated,86.80400000000002
F[B-](F)(F)c1ccccc1,anion,fluorinated,144.912
F[B-](F)F,anion,fluorinated,67.80600000000001
F[P-](F)(F)(F)(F)F,anion,fluorinated,144.96200000000002
Ic1cc[n-]n1,anion,other,192.967
N#CC(=C=[N-])C#N,anion,other,90.065
N#CN=C=[N-],anion,other,66.043
N#C[Au-]C#N,anion,other,249.00300000000001
N#C[B-](C#N)(C#N)C#N,anion,other,114.884
N#C[C-](C#N)C#N,anion,other,90.065
N#C[N-]C#N,anion,other,66.043
N#C[S-],anion,other,58.085
N#Cc1ccc2cn[n-]c2c1,anion,other,142.141
N#Cc1nc(C(F)(F)F)[n-]c1C#N,anion,fluorinated,185.088
NC(=O)CC(N)C(=O)[O-],anion,amino-acid,131.111
NC(=O)CCC(=O)[O-],anion,carboxylate,116.09599999999999
NC(CCC(=O)O)C(=O)[O-],anion,amino-acid,146.12199999999999
NC(CO)C(=O)[O-],anion,amino-acid,104.085
NC(CS)C(=O)[O-],anion,amino-acid,120.15299999999998
NC(Cc1ccccc1)C(=O)[O-],anion,amino-acid,164.18399999999994
NCC(=O)[O-],anion,amino-acid,74.059
NCCC(=O)[O-],anion,carboxylate,88.08599999999998
NCCCCC(N)C(=O)[O-],anion,amino-acid,145.182
NCCS(=O)(=O)[O-],anion,sulfonate/sulfate,124.14099999999998
NS(=O)(=O)[O-],anion,sulfonate/sulfate,96.08699999999999
O=C(CF)OOB([O-])OOC(=O)CF,anion,fluorinated,212.87699999999995
O=C(O)c1ccccc1[O-],anion,other,137.11399999999998
O=C(O[B-](F)(F)OC(=O)C(F)(F)F)C(F)(F)F,anion,fluorinated,274.83599999999996
O=C([O-])C(F)(F)C(F)(F)C(F)(F)C(F)(F)C(F)(F)C(F)(F)C(F)(F)C(F)(F)F,anion,fluorinated,463.06299999999993
O=C([O-])C(F)(F)C(F)(F)C(F)(F)C(F)(F)C(F)(F)C(F)(F)C(F)(F)F,anion,fluorinated,413.0559999999999
O=C([O-])C(F)(F)C(F)(F)C(F)(F)C(F)(F)F,anion,fluorinated,263.03499999999997
O=C([O-])C(F)(F)C(F)(F)C(F)(F)F,anion,fluorinated,213.02799999999996
O=C([O-])C(F)(F)F,anion,fluorinated,113.01400000000001
O=C([O-])C1CCCN1,anion,amino-acid,114.12400000000001
O=C([O-])C=CC(=O)O,anion,carboxylate,115.06399999999998
O=C([O-])CNCC(=O)O,anion,amino-acid,132.095
O=C([O-])CO,anion,carboxylate,75.04299999999999
O=C([O-])O,anion,other,61.016000000000005
O=C([O-])c1cccc(S(=O)(=O)O)c1,anion,carboxylate,201.17899999999997
O=C([O-])c1ccccc1,anion,carboxylate,121.11499999999995
O=C([O-])c1ccccc1O,anion,carboxylate,137.11399999999998
O=C1O[B-]2(OC1=O)OC(=O)C(=O)O2,anion,other,186.84799999999996
O=C1[N-]S(=O)(=O)c2ccccc21,anion,other,182.18
O=C[O-],anion,carboxylate,45.016999999999996
O=P([O-])(C(F)(F)C(F)(F)F)C(F)(F)C(F)(F)F,anion,fluorinated,300.9959999999999
O=P([O-])(O)O,anion,P-oxoanion,96.98599999999999
O=S(=O)(F)[N-]S(=O)(=O)F,anion,fluorinated,180.13299999999998
O=S(=O)(N=S(=O)([O-])C(F)(F)F)C(F)(F)F,anion,fluorinated,280.14699999999993
O=S(=O)(N[SH](=O)([O-])C(F)(F)F)C(F)(F)F,anion,fluorinated,282.16299999999995
O=S(=O)([C-](S(=O)(=O)C(F)(F)F)S(=O)(=O)C(F)(F)F)C(F)(F)F,anion,fluorinated,411.221
O=S(=O)([CH-]S(=O)(=O)C(F)(F)F)C(F)(F)F,anion,fluorinated,279.15899999999993
O=S(=O)([N-]S(=O)(=O)C(F)(F)C(F)(F)F)C(F)(F)C(F)(F)F,anion,fluorinated,380.16099999999994
O=S(=O)([N-]S(=O)(=O)C(F)(F)F)C(F)(F)F,anion,fluorinated,280.14699999999993
O=S(=O)([O-])C(F)(F)C(F)(F)C(F)(F)C(F)(F)C(F)(F)C(F)(F)C(F)(F)C(F)(F)F,anion,fluorinated,499.11799999999994
O=S(=O)([O-])C(F)(F)C(F)(F)C(F)(F)C(F)(F)F,anion,fluorinated,299.0899999999999
O=S(=O)([O-])C(F)(F)C(F)C(F)(F)F,anion,fluorinated,231.09299999999996
O=S(=O)([O-])C(F)(F)C(F)F,anion,fluorinated,181.08599999999998
O=S(=O)([O-])C(F)(F)C(F)OC(F)(F)C(F)(F)F,anion,fluorinated,297.09899999999993
O=S(=O)([O-])C(F)(F)C(F)OC(F)(F)F,anion,fluorinated,247.09199999999996
O=S(=O)([O-])C(F)(F)F,anion,fluorinated,149.069
O=S(=O)([O-])CC(O)CN1CCOCC1,anion,sulfonate/sulfate,224.25799999999992
O=S(=O)([O-])CC(O)CNC(CO)(CO)CO,anion,sulfonate/sulfate,258.27199999999993
O=S(=O)([O-])CC(O)CNC1CCCCC1,anion,sulfonate/sulfate,236.31299999999993
O=S(=O)([O-])CCN(CCO)CCO,anion,sulfonate/sulfate,212.24699999999996
O=S(=O)([O-])O,anion,sulfonate/sulfate,97.07099999999998
O=S(=O)([O-])c1ccccc1,anion,sulfonate/sulfate,157.17
O=S1(=O)N=C([O-])c2ccccc21,anion,other,182.18
O=[N+]([O-])[O-],anion,other,62.004000000000005
O=[N+]([O-])c1cn[n-]c1,anion,other,112.068
O=[N+]([O-])c1cnc[n-]1,anion,other,112.068
O=[Re](=O)(=O)[O-],anion,other,250.20299999999997
[Br-],anion,other,79.904
[Cl-],anion,other,35.453
[I-],anion,other,126.904
[N-]=C=C1C=CC=N1,anion,other,91.09299999999999
[N-]=[N+]=[N-],anion,other,42.021
[O-][Cl+3]([O-])([O-])[O-],anion,other,99.449
[O-]c1ccccc1,anion,other,93.10499999999999
[c-]1c[nH]nn1,anion,other,68.059
[c-]1nn[nH]n1,anion,other,69.047
c1c[n-]cn1,anion,other,67.071
c1ccc2c(c1)O[B-]1(O2)Oc2ccccc2O1,anion,other,227.004
c1nnc[n-]1,anion,other,68.059
