rank,candidate_index,cation,anion,il_smiles,fw_aei_score,co2_pred,co2_std,vis_pred,vis_std,tox_pred,tox_std,pareto_within_selected_set
1,58692,C[NH+]1CCCC1=O,CC1(C(=O)[O-])CCCN1,C[NH+]1CCCC1=O.CC1(C(=O)[O-])CCCN1,2.3931632988479254,0.429382460887482,0.1467599316827803,-4.646170616149902,0.835606340073016,3.742143392562866,2.9656577619987967,True
2,57932,C[NH+](C)C,CC1(C(=O)[O-])CCCN1,C[NH+](C)C.CC1(C(=O)[O-])CCCN1,2.063230534807346,0.4159450053539295,0.1495038965191162,-4.487051963806152,0.8689818162167927,3.8138577938079834,2.6926646619510515,True
3,49724,CCn1cc[nH+]c1,CC1(C(=O)[O-])CCCN1,CCn1cc[nH+]c1.CC1(C(=O)[O-])CCCN1,1.6769556563452466,0.4423169940901406,0.1457834090238385,-3.8425817489624023,1.0441294865383381,3.9127252101898193,2.3918094069610345,True
4,62796,Cc1cccc[nH+]1,CC1(C(=O)[O-])CCCN1,Cc1cccc[nH+]1.CC1(C(=O)[O-])CCCN1,1.5793580967592744,0.4399753208134782,0.14592712855225942,-3.8648290634155273,1.139434245165328,3.778247594833374,2.3990857369739937,True
5,49876,CCn1ccc[n+]1C,CC1(C(=O)[O-])CCCN1,CCn1ccc[n+]1C.CC1(C(=O)[O-])CCCN1,0.8059397596060413,0.4433871714712372,0.14567231334364106,-2.9619970321655273,1.3177743475540387,3.8406178951263428,2.385010852749042,True
6,58996,C[NH3+],CC1(C(=O)[O-])CCCN1,C[NH3+].CC1(C(=O)[O-])CCCN1,0.6790501010000325,0.4365477610664663,0.1461573942630046,-2.8813390731811523,1.2051104722094492,3.933549642562866,2.5078624114301618,True
7,48964,CCn1cc(C)[n+](CC)c1,CC1(C(=O)[O-])CCCN1,CCn1cc(C)[n+](CC)c1.CC1(C(=O)[O-])CCCN1,0.6602457913865836,0.4385286501740201,0.14632288619021108,-2.8314428329467773,1.3366455521822451,3.7073476314544678,2.673312776332721,False
8,47140,CC[S+]1CCCC1,CC1(C(=O)[O-])CCCN1,CC[S+]1CCCC1.CC1(C(=O)[O-])CCCN1,0.6481316687131379,0.44517164949901983,0.1456961281412837,-2.71311092376709,1.3266601113216545,3.8849236965179443,2.3988116342201042,True
9,58540,C[NH+]1C=CN=C1,CC1(C(=O)[O-])CCCN1,C[NH+]1C=CN=C1.CC1(C(=O)[O-])CCCN1,0.6385921234809394,0.34909053911489646,0.15035352470662866,-3.6983556747436523,1.1285428845053536,3.6780126094818115,3.057671457818436,False
10,50788,CN1CCC[NH+]2CCCN=C12,CC1(C(=O)[O-])CCCN1,CN1CCC[NH+]2CCCN=C12.CC1(C(=O)[O-])CCCN1,0.6336716547524512,0.4191816179664404,0.14774592300993636,-3.020094871520996,1.2090075957451711,3.646871328353882,3.0330584922052974,False
11,58001,C[NH+](C)C,NCC(=O)[O-],C[NH+](C)C.NCC(=O)[O-],0.6275988833082478,0.3831949084613208,0.10397814479386486,-3.9536962509155273,0.8981440852824543,3.6631276607513428,3.006336196647093,False
12,45924,CC[NH2+]CC,CC1(C(=O)[O-])CCCN1,CC[NH2+]CC.CC1(C(=O)[O-])CCCN1,0.6008330322948442,0.4254652261255245,0.14739374594871985,-2.96079158782959,1.1107247965836216,3.769019842147827,2.4985343451514463,False
13,58761,C[NH+]1CCCC1=O,NCC(=O)[O-],C[NH+]1CCCC1=O.NCC(=O)[O-],0.476057823679347,0.3818656399785437,0.08566924500952289,-4.243521690368652,0.8874695745813755,3.608386754989624,3.1991801463349345,False
14,49958,CCn1ccc[n+]1C,O=C([O-])C1CCCN1,CCn1ccc[n+]1C.O=C([O-])C1CCCN1,0.46953075921857684,0.45923654076565634,0.1480783402779117,-2.3631811141967773,1.3226322358909322,3.831847906112671,2.3679354150251277,True
15,47222,CC[S+]1CCCC1,O=C([O-])C1CCCN1,CC[S+]1CCCC1.O=C([O-])C1CCCN1,0.46770285196880973,0.4610487666714116,0.14809094774359582,-2.3160924911499023,1.3412656218231371,3.880836248397827,2.381745446594889,True
16,49046,CCn1cc(C)[n+](CC)c1,O=C([O-])C1CCCN1,CCn1cc(C)[n+](CC)c1.O=C([O-])C1CCCN1,0.45813258892356723,0.4540357386584455,0.14866989388766721,-2.38315486907959,1.3506933515730062,3.6983487606048584,2.6608787149330007,True
17,49793,CCn1cc[nH+]c1,NCC(=O)[O-],CCn1cc[nH+]c1.NCC(=O)[O-],0.4393362925722925,0.41486684270745483,0.07534114217258933,-3.5342626571655273,1.0690961176925844,3.7754247188568115,2.815931727291579,False
18,38172,CCC[S+]1CCCC1,CC1(C(=O)[O-])CCCN1,CCC[S+]1CCCC1.CC1(C(=O)[O-])CCCN1,0.40261237306144093,0.44581535074693496,0.14566879785675022,-2.3428640365600586,1.313471797665033,3.789191961288452,2.3997417469949776,False
19,62865,Cc1cccc[nH+]1,NCC(=O)[O-],Cc1cccc[nH+]1.NCC(=O)[O-],0.37929050212888743,0.40509170710907944,0.077334693554457,-3.5964879989624023,1.147368575903819,3.6436078548431396,2.815715562250996,False
20,62878,Cc1cccc[nH+]1,O=C([O-])C1CCCN1,Cc1cccc[nH+]1.O=C([O-])C1CCCN1,0.3222554866551873,0.4557629550889216,0.1482768907713507,-2.3113927841186523,1.150047160301154,3.7715203762054443,2.3821045871453927,False
21,67204,[NH3+]CNCCO,CC1(C(=O)[O-])CCCN1,[NH3+]CNCCO.CC1(C(=O)[O-])CCCN1,0.3179251851147837,0.4242050010366903,0.14690218052440374,-2.581721305847168,1.0187145484419446,3.84629225730896,2.6133720256737223,False
22,50870,CN1CCC[NH+]2CCCN=C12,O=C([O-])C1CCCN1,CN1CCC[NH+]2CCCN=C12.O=C([O-])C1CCCN1,0.3135036235392402,0.4339340103272464,0.14986917900813707,-2.3006811141967773,1.2552257974552012,3.644437551498413,3.0261407640068536,False
23,38254,CCC[S+]1CCCC1,O=C([O-])C1CCCN1,CCC[S+]1CCCC1.O=C([O-])C1CCCN1,0.3112913460164891,0.461624446705265,0.14807118176425313,-2.033095359802246,1.3373373627936327,3.7842061519622803,2.382659206775044,True
24,47292,CC[n+]1cc(C)n(C)c1,CC1(C(=O)[O-])CCCN1,CC[n+]1cc(C)n(C)c1.CC1(C(=O)[O-])CCCN1,0.2921620745376326,0.34672564799384714,0.1510530961477801,-2.8122167587280273,1.3506288776756874,3.5787618160247803,2.8960523636862803,False
25,19476,CCCCCC[NH+](CCCCCC)CCCCCC,CC1(C(=O)[O-])CCCN1,CCCCCC[NH+](CCCCCC)CCCCCC.CC1(C(=O)[O-])CCCN1,0.28035467369378025,0.4290601023243403,0.14983695622911725,-3.1520605087280273,0.8022038175248104,1.8608930110931396,2.8970614968917143,False
26,49945,CCn1ccc[n+]1C,NCC(=O)[O-],CCn1ccc[n+]1C.NCC(=O)[O-],0.2553336309289482,0.4180921646918067,0.07387950833464073,-2.864089012145996,1.319486867769207,3.7052457332611084,2.8111494424423866,False
27,46684,CC[P+](CC)(CC)CSC,CC1(C(=O)[O-])CCCN1,CC[P+](CC)(CC)CSC.CC1(C(=O)[O-])CCCN1,0.25138427023691484,0.4525345426272384,0.14537637789424948,-2.1299657821655273,1.2466340044829187,3.4432332515716553,2.6549321215154893,False
28,47209,CC[S+]1CCCC1,NCC(=O)[O-],CC[S+]1CCCC1.NCC(=O)[O-],0.22717838934052811,0.421210681298037,0.07532195041274992,-2.64023494720459,1.3306649099862677,3.7277677059173584,2.816845905838438,False
29,59078,C[NH3+],O=C([O-])C1CCCN1,C[NH3+].O=C([O-])C1CCCN1,0.1963622935065719,0.45227654690678504,0.14857860930613292,-1.8943395614624023,1.2152110338805064,3.930793523788452,2.4937382480277503,True
30,47374,CC[n+]1cc(C)n(C)c1,O=C([O-])C1CCCN1,CC[n+]1cc(C)n(C)c1.O=C([O-])C1CCCN1,0.19394812092689398,0.3573209291347908,0.15266877815717564,-2.33347225189209,1.356225365973156,3.573364019393921,2.8865560400587933,False
31,66444,OCC[NH2+]c1ccccc1,CC1(C(=O)[O-])CCCN1,OCC[NH2+]c1ccccc1.CC1(C(=O)[O-])CCCN1,0.19189243854121407,0.38010465569340307,0.14981620089513562,-2.7130651473999023,0.8555602978358873,3.704101324081421,2.486156089086966,False
32,49033,CCn1cc(C)[n+](CC)c1,NCC(=O)[O-],CCn1cc(C)[n+](CC)c1.NCC(=O)[O-],0.1843579039710038,0.4028716161832664,0.07992320719394173,-2.7354040145874023,1.3407709678021806,3.597217321395874,3.0002841814864363,False
33,49806,CCn1cc[nH+]c1,O=C([O-])C1CCCN1,CCn1cc[nH+]c1.O=C([O-])C1CCCN1,0.18290224449589929,0.45810427789686,0.14819953779770312,-2.0687475204467773,1.0598006459575584,3.902486562728882,2.375136622464551,True
34,57945,C[NH+](C)C,CCCCCCCCCC(=O)[O-],C[NH+](C)C.CCCCCCCCCC(=O)[O-],0.17771745084125745,0.2121354809889508,0.13173551389695745,-4.848654747009277,0.8150742538537189,3.3427789211273193,2.905756426501755,False
35,41212,CCOCC[NH+](C)C,CC1(C(=O)[O-])CCCN1,CCOCC[NH+](C)C.CC1(C(=O)[O-])CCCN1,0.17344811804258511,0.423955973658538,0.14891935313532825,-2.2030248641967773,1.0217890968729626,4.026969909667969,2.607233139236686,True
36,58705,C[NH+]1CCCC1=O,CCCCCCCCCC(=O)[O-],C[NH+]1CCCC1=O.CCCCCCCCCC(=O)[O-],0.16489500097109294,0.20516875618203162,0.12933363407730356,-5.142142295837402,0.7112438673616512,3.3119523525238037,3.113059003643917,False
37,58774,C[NH+]1CCCC1=O,O=C([O-])C1CCCN1,C[NH+]1CCCC1=O.O=C([O-])C1CCCN1,0.16292144085998148,0.4447272685879749,0.1490449241787045,-2.3492040634155273,0.8842142841976603,3.740037679672241,2.9579214068966473,False
38,57918,C[NH+](C)C,CC(=O)CCC(=O)[O-],C[NH+](C)C.CC(=O)CCC(=O)[O-],0.15821133635836318,0.23580017120517952,0.12110497250004651,-5.046103477478027,0.8364771945738173,3.6440083980560303,3.0115612102623346,True
39,476,C=CC[NH+](C)C,CC1(C(=O)[O-])CCCN1,C=CC[NH+](C)C.CC1(C(=O)[O-])CCCN1,0.15671134570454778,0.3796261154122761,0.15069403265796016,-2.318121910095215,1.0851537497088615,3.7303483486175537,2.7160258182821,False
40,37564,CCC[NH+](C)C,CC1(C(=O)[O-])CCCN1,CCC[NH+](C)C.CC1(C(=O)[O-])CCCN1,0.15660660019230357,0.4333277462528391,0.14845836840093263,-2.1936254501342773,1.0185415791941748,3.6282918453216553,2.61561076936303,False
41,59065,C[NH3+],NCC(=O)[O-],C[NH3+].NCC(=O)[O-],0.1499488145089174,0.39408838327761125,0.08055843259704569,-2.7547826766967773,1.2110589243400058,3.7652642726898193,2.882350315994954,False
42,58622,C[NH+]1C=CN=C1,O=C([O-])C1CCCN1,C[NH+]1C=CN=C1.O=C([O-])C1CCCN1,0.147237728839684,0.36029711706519674,0.15208446441819845,-2.30222225189209,1.1555706812304725,3.676044225692749,3.0509642718288386,False
43,38241,CCC[S+]1CCCC1,NCC(=O)[O-],CCC[S+]1CCCC1.NCC(=O)[O-],0.1462196802411387,0.42242184709068015,0.07523158090511002,-2.281317710876465,1.3204592109744586,3.6493661403656006,2.81775623405389,False
44,45316,CC[NH+](C)CC,CC1(C(=O)[O-])CCCN1,CC[NH+](C)CC.CC1(C(=O)[O-])CCCN1,0.14296994642899846,0.4358210245875807,0.14853355861674172,-2.0793066024780273,1.043900434423291,3.743119955062866,2.490353187269824,False
45,3972,CC(C)[n+]1ccn(C)c1,CC1(C(=O)[O-])CCCN1,CC(C)[n+]1ccn(C)c1.CC1(C(=O)[O-])CCCN1,0.1393661748383609,0.43871783118079405,0.14597692265593956,-1.9471197128295898,1.1405372063280332,3.483537435531616,3.314248253464985,False
46,35740,CCCCn1ccc[n+]1C,CC1(C(=O)[O-])CCCN1,CCCCn1ccc[n+]1C.CC1(C(=O)[O-])CCCN1,0.1376229656732804,0.44481163193383777,0.14557816993313133,-1.8452520370483398,1.2134757235487452,3.4269120693206787,2.3720559394184244,False
47,50857,CN1CCC[NH+]2CCCN=C12,NCC(=O)[O-],CN1CCC[NH+]2CCCN=C12.NCC(=O)[O-],0.1280506735785248,0.3646634650756665,0.09299831594639382,-2.88944149017334,1.2236738753678413,3.5260732173919678,3.249392379300438,False
48,45993,CC[NH2+]CC,NCC(=O)[O-],CC[NH2+]CC.NCC(=O)[O-],0.12381820219760944,0.37471410282548834,0.09152530506708181,-2.782416343688965,1.1208943578470039,3.630239248275757,2.8656161209351607,False
49,58706,C[NH+]1CCCC1=O,CCCCCCCCCCCCOS(=O)(=O)[O-],C[NH+]1CCCC1=O.CCCCCCCCCCCCOS(=O)(=O)[O-],0.12031141089879459,0.23280054193729233,0.14131703512062882,-3.7113866806030273,0.8193176049237787,2.817189931869507,2.776994256672674,False
50,30572,CCCC[S+]1CCCC1,CC1(C(=O)[O-])CCCN1,CCCC[S+]1CCCC1.CC1(C(=O)[O-])CCCN1,0.11975723322858228,0.44660117288880297,0.1456362431408955,-1.497115135192871,1.347240970039792,3.614682912826538,2.398355687637897,False
51,58704,C[NH+]1CCCC1=O,CCCCCCCCC=CCCCCCCCC(=O)[O-],C[NH+]1CCCC1=O.CCCCCCCCC=CCCCCCCCC(=O)[O-],0.11603161278378459,0.24420210632500133,0.1452386678890462,-3.2809972763061523,0.9411777836425822,3.2419545650482178,3.427054469828626,False
52,19545,CCCCCC[NH+](CCCCCC)CCCCCC,NCC(=O)[O-],CCCCCC[NH+](CCCCCC)CCCCCC.NCC(=O)[O-],0.11553995369621166,0.4282836363744439,0.1036530940935432,-2.7200841903686523,0.8416212566954804,2.011077642440796,3.1442720863213833,False
53,24188,CCCCC[NH3+],CC1(C(=O)[O-])CCCN1,CCCCC[NH3+].CC1(C(=O)[O-])CCCN1,0.11531417518435108,0.41356519392175756,0.1476102876039326,-1.8488836288452148,1.2247020923614382,3.4363973140716553,2.714769452951433,False
54,30654,CCCC[S+]1CCCC1,O=C([O-])C1CCCN1,CCCC[S+]1CCCC1.O=C([O-])C1CCCN1,0.10659013557310841,0.46243863497648274,0.1480426542365116,-1.3519964218139648,1.3502758715587195,3.6076085567474365,2.3811978231806186,True
55,57934,C[NH+](C)C,CCC(=O)[O-],C[NH+](C)C.CCC(=O)[O-],0.10476669103193732,0.22219359585573656,0.11655961471240989,-5.157797813415527,0.9011539359884656,3.7064340114593506,2.573673173110709,True
56,58023,C[NH+](C)C,O=C1[N-]S(=O)(=O)c2ccccc21,C[NH+](C)C.O=C1[N-]S(=O)(=O)c2ccccc21,0.10410097858721423,0.19199998251144595,0.12473994991171429,-4.830100059509277,0.8390743546030294,3.3552072048187256,2.138172610460059,False
57,49737,CCn1cc[nH+]c1,CCCCCCCCCC(=O)[O-],CCn1cc[nH+]c1.CCCCCCCCCC(=O)[O-],0.10386285768941177,0.2054422560463764,0.1293534712262669,-4.107626914978027,1.0257814080498975,3.4141957759857178,2.634309337517138,False
58,37868,CCC[NH+](CC)CC,CC1(C(=O)[O-])CCCN1,CCC[NH+](CC)CC.CC1(C(=O)[O-])CCCN1,0.09948982777989605,0.44526400319601867,0.1469725855505787,-1.8660802841186523,1.0637282957200482,3.579171895980835,2.66506303809296,False
59,20,C1CC[NH2+]C1,CC1(C(=O)[O-])CCCN1,C1CC[NH2+]C1.CC1(C(=O)[O-])CCCN1,0.09826773548847204,0.4435108256360016,0.1457857183556766,-1.5711431503295898,1.1941036020216775,3.9691998958587646,2.4027061623231876,True
60,42428,CCOC[P+](CC)(CC)CC,CC1(C(=O)[O-])CCCN1,CCOC[P+](CC)(CC)CC.CC1(C(=O)[O-])CCCN1,0.09803141857841774,0.4429860166810204,0.14611611419097692,-1.7743597030639648,1.1434806715078574,3.373626470565796,2.686079758920602,False
61,58553,C[NH+]1C=CN=C1,CCCCCCCCCC(=O)[O-],C[NH+]1C=CN=C1.CCCCCCCCCC(=O)[O-],0.09765400290311076,0.20795485438527006,0.13087935552520708,-3.925421714782715,1.1234830589765799,3.276489019393921,3.202846310284758,False
62,37716,CCC[NH+](C)CCC,CC1(C(=O)[O-])CCCN1,CCC[NH+](C)CCC.CC1(C(=O)[O-])CCCN1,0.09680714358735859,0.4294157315055694,0.15112000078237706,-1.9212560653686523,1.0566371276007853,3.556203603744507,2.555987386108221,False
63,45468,CC[NH+](CC)CC,CC1(C(=O)[O-])CCCN1,CC[NH+](CC)CC.CC1(C(=O)[O-])CCCN1,0.09649208674437745,0.44372233621701956,0.1465399288489989,-1.9070959091186523,1.0261381204003055,3.6621034145355225,2.674813600980037,False
64,46753,CC[P+](CC)(CC)CSC,NCC(=O)[O-],CC[P+](CC)(CC)CSC.NCC(=O)[O-],0.09562263051867417,0.42628995046163354,0.07608004307116045,-2.0539464950561523,1.2506436121526487,3.3622586727142334,2.984001415896655,False
65,57943,C[NH+](C)C,CCCCCCCC(=O)[O-],C[NH+](C)C.CCCCCCCC(=O)[O-],0.09533794989654183,0.1940756154793282,0.12144541191973762,-5.001791954040527,0.7973811841965008,3.392646551132202,2.45863995552586,False
66,62809,Cc1cccc[nH+]1,CCCCCCCCCC(=O)[O-],Cc1cccc[nH+]1.CCCCCCCCCC(=O)[O-],0.0950295947958455,0.2051203377558613,0.1292559664272879,-4.087058067321777,1.1321668692385105,3.301288366317749,2.577875668578003,False
67,46766,CC[P+](CC)(CC)CSC,O=C([O-])C1CCCN1,CC[P+](CC)(CC)CSC.O=C([O-])C1CCCN1,0.09326658027784464,0.46856004043801847,0.1478599835987898,-1.4491033554077148,1.2551193786166965,3.435767889022827,2.6419976633770506,True
68,37785,CCC[NH+](C)CCC,NCC(=O)[O-],CCC[NH+](C)CCC.NCC(=O)[O-],0.09227468589574502,0.46765396783585705,0.10721750663165867,-1.8042211532592773,1.0704468134674634,3.4513070583343506,2.913231452481512,True
69,58783,C[NH+]1CCCC1=O,O=C1[N-]S(=O)(=O)c2ccccc21,C[NH+]1CCCC1=O.O=C1[N-]S(=O)(=O)c2ccccc21,0.09133996674073498,0.18463319855043892,0.12192065664463136,-4.907248497009277,0.8029129312372608,3.349992513656616,2.572961526291753,False
70,44708,CC[N+](CC)=C(N(C)C)N(C)C,CC1(C(=O)[O-])CCCN1,CC[N+](CC)=C(N(C)C)N(C)C.CC1(C(=O)[O-])CCCN1,0.08983574226587146,0.4186233885955786,0.148154166462745,-1.7678289413452148,1.2023352966606313,3.168487310409546,2.841202149967936,False
71,50028,CN(C)C(=N)[NH+](C)C,CC1(C(=O)[O-])CCCN1,CN(C)C(=N)[NH+](C)C.CC1(C(=O)[O-])CCCN1,0.08962952251562041,0.3949474949370245,0.15054496872561704,-1.7901067733764648,1.1996799538909881,3.577369451522827,2.7152283759689517,False
72,58678,C[NH+]1CCCC1=O,CC(=O)CCC(=O)[O-],C[NH+]1CCCC1=O.CC(=O)CCC(=O)[O-],0.08749363608275448,0.21989909785147008,0.11387321078828619,-5.284262657165527,0.7645855679249829,3.6001698970794678,3.209393726505964,True
73,46532,CC[P+](CC)(CC)COCCOC,CC1(C(=O)[O-])CCCN1,CC[P+](CC)(CC)COCCOC.CC1(C(=O)[O-])CCCN1,0.08654536007865705,0.4038119407646748,0.14833499673456693,-2.2065954208374023,0.9114639318385073,3.5420072078704834,2.7123271447581043,False
74,58709,C[NH+]1CCCC1=O,CCCCCCCCCCOS(=O)(=O)[O-],C[NH+]1CCCC1=O.CCCCCCCCCCOS(=O)(=O)[O-],0.08520435370122753,0.21185857310318953,0.13302241209698198,-3.7199316024780273,0.7954625346042674,3.0474202632904053,2.9052223931965457,False
75,780,C=CC[NH+](CC)CC,CC1(C(=O)[O-])CCCN1,C=CC[NH+](CC)CC.CC1(C(=O)[O-])CCCN1,0.08466293994028572,0.3865842442297112,0.1500282751942612,-2.1708898544311523,0.9540944719002292,3.650634527206421,2.752936875738886,False
76,58084,C[NH+](C)CCO,CC1(C(=O)[O-])CCCN1,C[NH+](C)CCO.CC1(C(=O)[O-])CCCN1,0.08131238698531974,0.43095907947998685,0.14902025913575354,-1.9166173934936523,1.0102047583312939,3.5576798915863037,2.5649282533899154,False
77,628,C=CC[NH+](C)CC=C,CC1(C(=O)[O-])CCCN1,C=CC[NH+](C)CC=C.CC1(C(=O)[O-])CCCN1,0.07984960241445256,0.31380927962956556,0.15102797334978482,-2.21665096282959,1.149479555453448,3.6694562435150146,2.882537911423025,False
78,4428,CCC(C)C[NH3+],CC1(C(=O)[O-])CCCN1,CCC(C)C[NH3+].CC1(C(=O)[O-])CCCN1,0.07869986035044102,0.4258188888477236,0.14684819486571304,-1.3058080673217773,1.3394814493561493,3.777057409286499,2.914358824526119,False
79,19489,CCCCCC[NH+](CCCCCC)CCCCCC,CCCCCCCCCC(=O)[O-],CCCCCC[NH+](CCCCCC)CCCCCC.CCCCCCCCCC(=O)[O-],0.0786243576388929,0.21649509221089505,0.13305651742134175,-3.9475622177124023,0.5720413080835294,2.00217604637146,3.093704377425604,False
80,58554,C[NH+]1C=CN=C1,CCCCCCCCCCCCOS(=O)(=O)[O-],C[NH+]1C=CN=C1.CCCCCCCCCCCCOS(=O)(=O)[O-],0.07851101953518816,0.2347525066526916,0.14208341019318316,-3.1754064559936523,1.1348458292943515,2.8124215602874756,2.9197918815127313,False
81,57946,C[NH+](C)C,CCCCCCCCCCCCOS(=O)(=O)[O-],C[NH+](C)C.CCCCCCCCCCCCOS(=O)(=O)[O-],0.07785026633312928,0.23583042669175855,0.14224654572685969,-3.3602819442749023,0.8240609040460043,2.800800085067749,2.4578902497213524,False
82,46006,CC[NH2+]CC,O=C([O-])C1CCCN1,CC[NH2+]CC.O=C([O-])C1CCCN1,0.07744633493219245,0.4404088385099636,0.14959180527802307,-1.6276922225952148,1.120554405495083,3.7645013332366943,2.485709737513598,False
83,45385,CC[NH+](C)CC,NCC(=O)[O-],CC[NH+](C)CC.NCC(=O)[O-],0.07691190684045823,0.4322993070987951,0.09501478217767606,-1.9431829452514648,1.0600303670743934,3.6074368953704834,2.871937654992712,False
84,37633,CCC[NH+](C)C,NCC(=O)[O-],CCC[NH+](C)C.NCC(=O)[O-],0.07670357875253762,0.4219623548065193,0.095266572162074,-2.0603246688842773,1.0410036583761964,3.506364583969116,2.9587179838317,False
85,57944,C[NH+](C)C,CCCCCCCCC=CCCCCCCCC(=O)[O-],C[NH+](C)C.CCCCCCCCC=CCCCCCCCC(=O)[O-],0.07651421940605123,0.2464675860448692,0.14589576523941367,-2.9444494247436523,0.9541727154691334,3.2664334774017334,3.303171518046969,False
86,58552,C[NH+]1C=CN=C1,CCCCCCCCC=CCCCCCCCC(=O)[O-],C[NH+]1C=CN=C1.CCCCCCCCC=CCCCCCCCC(=O)[O-],0.07599734679303463,0.24567228492527218,0.14578327608213681,-2.7839269638061523,1.1700301844623926,3.2127015590667725,3.481596655853152,False
87,62808,Cc1cccc[nH+]1,CCCCCCCCC=CCCCCCCCC(=O)[O-],Cc1cccc[nH+]1.CCCCCCCCC=CCCCCCCCC(=O)[O-],0.07586667630389439,0.24418731066946278,0.14522341082155468,-2.82034969329834,1.1689484228922957,3.226733922958374,3.1348346833320075,False
88,44480,CC[N+](CC)(CC)CC,O=C(O[B-](F)(F)OC(=O)C(F)(F)F)C(F)(F)F,CC[N+](CC)(CC)CC.O=C(O[B-](F)(F)OC(=O)C(F)(F)F)C(F)(F)F,0.07539846444019935,0.2211195096548218,0.13607147399463912,-3.280585289001465,1.0932634633890725,3.245704412460327,3.0924934378502686,False
89,27760,CCCC[N+](CC)(CC)CC,O=C(O[B-](F)(F)OC(=O)C(F)(F)F)C(F)(F)F,CCCC[N+](CC)(CC)CC.O=C(O[B-](F)(F)OC(=O)C(F)(F)F)C(F)(F)F,0.07535707913069076,0.22969141484706548,0.13900525331007482,-3.128790855407715,1.0923617681000266,3.224111318588257,3.0937990126917776,False
90,54284,COC[N+]1(C)CCCC1,CC1(C(=O)[O-])CCCN1,COC[N+]1(C)CCCC1.CC1(C(=O)[O-])CCCN1,0.0742788670559673,0.3709870406802484,0.1500317834049578,-2.0854406356811523,0.9956188191654862,3.8019826412200928,2.487218704804337,False
91,12636,CCCCCCCC[NH+](CCCCCCCC)CCCCCCCC,CC1(C(=O)[O-])CCCN1,CCCCCCCC[NH+](CCCCCCCC)CCCCCCCC.CC1(C(=O)[O-])CCCN1,0.07332887042107925,0.4298414541112578,0.1499444036937069,-2.7529821395874023,0.802424424376963,0.7741162776947021,2.9112482876606776,False
92,19462,CCCCCC[NH+](CCCCCC)CCCCCC,CC(=O)CCC(=O)[O-],CCCCCC[NH+](CCCCCC)CCCCCC.CC(=O)CCC(=O)[O-],0.07329037983959598,0.2518629926451437,0.1236228450196679,-3.9046850204467773,0.7198100358649729,2.0729329586029053,3.1158880522552495,False
93,4580,CCC=C[P+](CC)(CC)CC,CC1(C(=O)[O-])CCCN1,CCC=C[P+](CC)(CC)CC.CC1(C(=O)[O-])CCCN1,0.07124363848054732,0.39364247001214436,0.14979867274927192,-1.6282873153686523,1.2439626809008375,3.3979012966156006,2.9915021704146736,False
94,48812,CCn1cc(C)[n+](C)c1,CC1(C(=O)[O-])CCCN1,CCn1cc(C)[n+](C)c1.CC1(C(=O)[O-])CCCN1,0.07094525166214564,0.43403971458244445,0.14637134950938527,-1.2545690536499023,1.3243499960886067,3.6872880458831787,2.9289019129027305,False
95,4510,CCC(C)C[NH3+],O=C([O-])C1CCCN1,CCC(C)C[NH3+].O=C([O-])C1CCCN1,0.0693132112308608,0.44119806387817123,0.14924265900749972,-1.1482000350952148,1.3467912192076268,3.7764413356781006,2.906380763239768,False
96,44462,CC[N+](CC)(CC)CC,N#C[C-](C#N)C#N,CC[N+](CC)(CC)CC.N#C[C-](C#N)C#N,0.06892445655920197,0.2209827321358033,0.13594728995436037,-3.2842931747436523,0.9443221776644249,3.2656800746917725,2.7446464968275253,False
97,58703,C[NH+]1CCCC1=O,CCCCCCCC(=O)[O-],C[NH+]1CCCC1=O.CCCCCCCC(=O)[O-],0.0688055999974305,0.18060592225340913,0.1164504925390485,-5.284506797790527,0.6724622732520928,3.358754873275757,2.7823173960690144,True
98,33004,CCCC[n+]1ccn(C2CCCC2)c1,CC1(C(=O)[O-])CCCN1,CCCC[n+]1ccn(C2CCCC2)c1.CC1(C(=O)[O-])CCCN1,0.0675011969065039,0.4310890097833481,0.1466897088811683,-1.5669012069702148,1.1543699909425789,3.613023519515991,2.521748641959844,False
99,58526,C[NH+]1C=CN=C1,CC(=O)CCC(=O)[O-],C[NH+]1C=CN=C1.CC(=O)CCC(=O)[O-],0.06728807619262828,0.20575147064523502,0.12019942818346875,-4.10996150970459,1.1183201310297104,3.547546148300171,3.277521394591406,False
100,41281,CCOCC[NH+](C)C,NCC(=O)[O-],CCOCC[NH+](C)C.NCC(=O)[O-],0.06696237240780957,0.40283434283555836,0.10019710159768815,-2.0529088973999023,1.0374393261552655,3.8296658992767334,3.032808041065678,False
