setting,rank,candidate_index,score,is_pareto_within_top50,cation,anion,co2_pred,vis_pred,tox_pred
three_objective,1,58692,2.3931632988479254,True,C[NH+]1CCCC1=O,CC1(C(=O)[O-])CCCN1,0.429382460887482,-4.646170616149902,3.742143392562866
three_objective,2,57932,2.063230534807346,True,C[NH+](C)C,CC1(C(=O)[O-])CCCN1,0.4159450053539295,-4.487051963806152,3.8138577938079834
three_objective,3,49724,1.6769556563452466,True,CCn1cc[nH+]c1,CC1(C(=O)[O-])CCCN1,0.4423169940901406,-3.8425817489624023,3.9127252101898193
three_objective,4,62796,1.5793580967592744,True,Cc1cccc[nH+]1,CC1(C(=O)[O-])CCCN1,0.4399753208134782,-3.8648290634155273,3.778247594833374
three_objective,5,49876,0.8059397596060413,True,CCn1ccc[n+]1C,CC1(C(=O)[O-])CCCN1,0.4433871714712372,-2.9619970321655273,3.8406178951263428
three_objective,6,58996,0.6790501010000325,True,C[NH3+],CC1(C(=O)[O-])CCCN1,0.4365477610664663,-2.8813390731811523,3.933549642562866
three_objective,7,48964,0.6602457913865836,False,CCn1cc(C)[n+](CC)c1,CC1(C(=O)[O-])CCCN1,0.4385286501740201,-2.8314428329467773,3.7073476314544678
three_objective,8,47140,0.6481316687131379,True,CC[S+]1CCCC1,CC1(C(=O)[O-])CCCN1,0.44517164949901983,-2.71311092376709,3.8849236965179443
three_objective,9,58540,0.6385921234809394,False,C[NH+]1C=CN=C1,CC1(C(=O)[O-])CCCN1,0.34909053911489646,-3.6983556747436523,3.6780126094818115
three_objective,10,50788,0.6336716547524512,False,CN1CCC[NH+]2CCCN=C12,CC1(C(=O)[O-])CCCN1,0.4191816179664404,-3.020094871520996,3.646871328353882
three_objective,11,58001,0.6275988833082478,False,C[NH+](C)C,NCC(=O)[O-],0.3831949084613208,-3.9536962509155273,3.6631276607513428
three_objective,12,45924,0.6008330322948442,False,CC[NH2+]CC,CC1(C(=O)[O-])CCCN1,0.4254652261255245,-2.96079158782959,3.769019842147827
three_objective,13,58761,0.476057823679347,False,C[NH+]1CCCC1=O,NCC(=O)[O-],0.3818656399785437,-4.243521690368652,3.608386754989624
three_objective,14,49958,0.46953075921857684,True,CCn1ccc[n+]1C,O=C([O-])C1CCCN1,0.45923654076565634,-2.3631811141967773,3.831847906112671
three_objective,15,47222,0.46770285196880973,True,CC[S+]1CCCC1,O=C([O-])C1CCCN1,0.4610487666714116,-2.3160924911499023,3.880836248397827
three_objective,16,49046,0.45813258892356723,True,CCn1cc(C)[n+](CC)c1,O=C([O-])C1CCCN1,0.4540357386584455,-2.38315486907959,3.6983487606048584
three_objective,17,49793,0.4393362925722925,False,CCn1cc[nH+]c1,NCC(=O)[O-],0.41486684270745483,-3.5342626571655273,3.7754247188568115
three_objective,18,38172,0.40261237306144093,False,CCC[S+]1CCCC1,CC1(C(=O)[O-])CCCN1,0.44581535074693496,-2.3428640365600586,3.789191961288452
three_objective,19,62865,0.37929050212888743,False,Cc1cccc[nH+]1,NCC(=O)[O-],0.40509170710907944,-3.5964879989624023,3.6436078548431396
three_objective,20,62878,0.3222554866551873,False,Cc1cccc[nH+]1,O=C([O-])C1CCCN1,0.4557629550889216,-2.3113927841186523,3.7715203762054443
three_objective,21,67204,0.3179251851147837,False,[NH3+]CNCCO,CC1(C(=O)[O-])CCCN1,0.4242050010366903,-2.581721305847168,3.84629225730896
three_objective,22,50870,0.3135036235392402,False,CN1CCC[NH+]2CCCN=C12,O=C([O-])C1CCCN1,0.4339340103272464,-2.3006811141967773,3.644437551498413
three_objective,23,38254,0.3112913460164891,True,CCC[S+]1CCCC1,O=C([O-])C1CCCN1,0.461624446705265,-2.033095359802246,3.7842061519622803
three_objective,24,47292,0.2921620745376326,False,CC[n+]1cc(C)n(C)c1,CC1(C(=O)[O-])CCCN1,0.34672564799384714,-2.8122167587280273,3.5787618160247803
three_objective,25,19476,0.28035467369378025,False,CCCCCC[NH+](CCCCCC)CCCCCC,CC1(C(=O)[O-])CCCN1,0.4290601023243403,-3.1520605087280273,1.8608930110931396
three_objective,26,49945,0.2553336309289482,False,CCn1ccc[n+]1C,NCC(=O)[O-],0.4180921646918067,-2.864089012145996,3.7052457332611084
three_objective,27,46684,0.25138427023691484,False,CC[P+](CC)(CC)CSC,CC1(C(=O)[O-])CCCN1,0.4525345426272384,-2.1299657821655273,3.4432332515716553
three_objective,28,47209,0.22717838934052811,False,CC[S+]1CCCC1,NCC(=O)[O-],0.421210681298037,-2.64023494720459,3.7277677059173584
three_objective,29,59078,0.1963622935065719,True,C[NH3+],O=C([O-])C1CCCN1,0.45227654690678504,-1.8943395614624023,3.930793523788452
three_objective,30,47374,0.19394812092689398,False,CC[n+]1cc(C)n(C)c1,O=C([O-])C1CCCN1,0.3573209291347908,-2.33347225189209,3.573364019393921
three_objective,31,66444,0.19189243854121407,False,OCC[NH2+]c1ccccc1,CC1(C(=O)[O-])CCCN1,0.38010465569340307,-2.7130651473999023,3.704101324081421
three_objective,32,49033,0.1843579039710038,False,CCn1cc(C)[n+](CC)c1,NCC(=O)[O-],0.4028716161832664,-2.7354040145874023,3.597217321395874
three_objective,33,49806,0.18290224449589929,True,CCn1cc[nH+]c1,O=C([O-])C1CCCN1,0.45810427789686,-2.0687475204467773,3.902486562728882
three_objective,34,57945,0.17771745084125745,False,C[NH+](C)C,CCCCCCCCCC(=O)[O-],0.2121354809889508,-4.848654747009277,3.3427789211273193
three_objective,35,41212,0.17344811804258511,True,CCOCC[NH+](C)C,CC1(C(=O)[O-])CCCN1,0.423955973658538,-2.2030248641967773,4.026969909667969
three_objective,36,58705,0.16489500097109294,True,C[NH+]1CCCC1=O,CCCCCCCCCC(=O)[O-],0.20516875618203162,-5.142142295837402,3.3119523525238037
three_objective,37,58774,0.16292144085998148,False,C[NH+]1CCCC1=O,O=C([O-])C1CCCN1,0.4447272685879749,-2.3492040634155273,3.740037679672241
three_objective,38,57918,0.15821133635836318,True,C[NH+](C)C,CC(=O)CCC(=O)[O-],0.23580017120517952,-5.046103477478027,3.6440083980560303
three_objective,39,476,0.15671134570454778,False,C=CC[NH+](C)C,CC1(C(=O)[O-])CCCN1,0.3796261154122761,-2.318121910095215,3.7303483486175537
three_objective,40,37564,0.15660660019230357,False,CCC[NH+](C)C,CC1(C(=O)[O-])CCCN1,0.4333277462528391,-2.1936254501342773,3.6282918453216553
three_objective,41,59065,0.1499488145089174,False,C[NH3+],NCC(=O)[O-],0.39408838327761125,-2.7547826766967773,3.7652642726898193
three_objective,42,58622,0.147237728839684,False,C[NH+]1C=CN=C1,O=C([O-])C1CCCN1,0.36029711706519674,-2.30222225189209,3.676044225692749
three_objective,43,38241,0.1462196802411387,False,CCC[S+]1CCCC1,NCC(=O)[O-],0.42242184709068015,-2.281317710876465,3.6493661403656006
three_objective,44,45316,0.14296994642899846,False,CC[NH+](C)CC,CC1(C(=O)[O-])CCCN1,0.4358210245875807,-2.0793066024780273,3.743119955062866
three_objective,45,3972,0.1393661748383609,False,CC(C)[n+]1ccn(C)c1,CC1(C(=O)[O-])CCCN1,0.43871783118079405,-1.9471197128295898,3.483537435531616
three_objective,46,35740,0.1376229656732804,False,CCCCn1ccc[n+]1C,CC1(C(=O)[O-])CCCN1,0.44481163193383777,-1.8452520370483398,3.4269120693206787
three_objective,47,50857,0.1280506735785248,False,CN1CCC[NH+]2CCCN=C12,NCC(=O)[O-],0.3646634650756665,-2.88944149017334,3.5260732173919678
three_objective,48,45993,0.12381820219760944,False,CC[NH2+]CC,NCC(=O)[O-],0.37471410282548834,-2.782416343688965,3.630239248275757
three_objective,49,58706,0.12031141089879459,False,C[NH+]1CCCC1=O,CCCCCCCCCCCCOS(=O)(=O)[O-],0.23280054193729233,-3.7113866806030273,2.817189931869507
three_objective,50,30572,0.11975723322858228,False,CCCC[S+]1CCCC1,CC1(C(=O)[O-])CCCN1,0.44660117288880297,-1.497115135192871,3.614682912826538
two_objective,1,58692,3.792172184054477,True,C[NH+]1CCCC1=O,CC1(C(=O)[O-])CCCN1,0.429382460887482,-4.646170616149902,3.742143392562866
two_objective,2,57932,3.1930105799519,False,C[NH+](C)C,CC1(C(=O)[O-])CCCN1,0.4159450053539295,-4.487051963806152,3.8138577938079834
two_objective,3,49724,2.478092491879003,True,CCn1cc[nH+]c1,CC1(C(=O)[O-])CCCN1,0.4423169940901406,-3.8425817489624023,3.9127252101898193
two_objective,4,62796,2.4583572979588775,True,Cc1cccc[nH+]1,CC1(C(=O)[O-])CCCN1,0.4399753208134782,-3.8648290634155273,3.778247594833374
two_objective,5,49876,1.2044974727278173,True,CCn1ccc[n+]1C,CC1(C(=O)[O-])CCCN1,0.4433871714712372,-2.9619970321655273,3.8406178951263428
two_objective,6,48964,1.031282264774269,False,CCn1cc(C)[n+](CC)c1,CC1(C(=O)[O-])CCCN1,0.4385286501740201,-2.8314428329467773,3.7073476314544678
two_objective,7,58540,1.013811114275996,False,C[NH+]1C=CN=C1,CC1(C(=O)[O-])CCCN1,0.34909053911489646,-3.6983556747436523,3.6780126094818115
two_objective,8,58001,1.007408336340888,False,C[NH+](C)C,NCC(=O)[O-],0.3831949084613208,-3.9536962509155273,3.6631276607513428
two_objective,9,50788,1.005543486456661,False,CN1CCC[NH+]2CCCN=C12,CC1(C(=O)[O-])CCCN1,0.4191816179664404,-3.020094871520996,3.646871328353882
two_objective,10,58996,0.9787658216311794,False,C[NH3+],CC1(C(=O)[O-])CCCN1,0.4365477610664663,-2.8813390731811523,3.933549642562866
two_objective,11,47140,0.9475644525651408,True,CC[S+]1CCCC1,CC1(C(=O)[O-])CCCN1,0.44517164949901983,-2.71311092376709,3.8849236965179443
two_objective,12,19476,0.9382466851618029,False,CCCCCC[NH+](CCCCCC)CCCCCC,CC1(C(=O)[O-])CCCN1,0.4290601023243403,-3.1520605087280273,1.8608930110931396
two_objective,13,45924,0.9219294733272904,False,CC[NH2+]CC,CC1(C(=O)[O-])CCCN1,0.4254652261255245,-2.96079158782959,3.769019842147827
two_objective,14,58761,0.7775024902672193,False,C[NH+]1CCCC1=O,NCC(=O)[O-],0.3818656399785437,-4.243521690368652,3.608386754989624
two_objective,15,49046,0.7119040867008453,True,CCn1cc(C)[n+](CC)c1,O=C([O-])C1CCCN1,0.4540357386584455,-2.38315486907959,3.6983487606048584
two_objective,16,49958,0.6958735002938273,True,CCn1ccc[n+]1C,O=C([O-])C1CCCN1,0.45923654076565634,-2.3631811141967773,3.831847906112671
two_objective,17,47222,0.6793706335852909,True,CC[S+]1CCCC1,O=C([O-])C1CCCN1,0.4610487666714116,-2.3160924911499023,3.880836248397827
two_objective,18,49793,0.6770219792969109,False,CCn1cc[nH+]c1,NCC(=O)[O-],0.41486684270745483,-3.5342626571655273,3.7754247188568115
two_objective,19,62865,0.6122791718400824,False,Cc1cccc[nH+]1,NCC(=O)[O-],0.40509170710907944,-3.5964879989624023,3.6436078548431396
two_objective,20,38172,0.6062648334696704,False,CCC[S+]1CCCC1,CC1(C(=O)[O-])CCCN1,0.44581535074693496,-2.3428640365600586,3.789191961288452
two_objective,21,50870,0.49097736164855565,False,CN1CCC[NH+]2CCCN=C12,O=C([O-])C1CCCN1,0.4339340103272464,-2.3006811141967773,3.644437551498413
two_objective,22,62878,0.48854955870402983,False,Cc1cccc[nH+]1,O=C([O-])C1CCCN1,0.4557629550889216,-2.3113927841186523,3.7715203762054443
two_objective,23,47292,0.47380987889284276,False,CC[n+]1cc(C)n(C)c1,CC1(C(=O)[O-])CCCN1,0.34672564799384714,-2.8122167587280273,3.5787618160247803
two_objective,24,67204,0.4700471489221395,False,[NH3+]CNCCO,CC1(C(=O)[O-])CCCN1,0.4242050010366903,-2.581721305847168,3.84629225730896
two_objective,25,38254,0.4667893776709192,True,CCC[S+]1CCCC1,O=C([O-])C1CCCN1,0.461624446705265,-2.033095359802246,3.7842061519622803
two_objective,26,12636,0.434160971074313,False,CCCCCCCC[NH+](CCCCCCCC)CCCCCCCC,CC1(C(=O)[O-])CCCN1,0.4298414541112578,-2.7529821395874023,0.7741162776947021
two_objective,27,46684,0.4283439422815025,False,CC[P+](CC)(CC)CSC,CC1(C(=O)[O-])CCCN1,0.4525345426272384,-2.1299657821655273,3.4432332515716553
two_objective,28,49945,0.3980918308200665,False,CCn1ccc[n+]1C,NCC(=O)[O-],0.4180921646918067,-2.864089012145996,3.7052457332611084
two_objective,29,47209,0.34985216309959016,False,CC[S+]1CCCC1,NCC(=O)[O-],0.421210681298037,-2.64023494720459,3.7277677059173584
two_objective,30,19545,0.3352263471360901,False,CCCCCC[NH+](CCCCCC)CCCCCC,NCC(=O)[O-],0.4282836363744439,-2.7200841903686523,2.011077642440796
two_objective,31,57945,0.3234593443275143,False,C[NH+](C)C,CCCCCCCCCC(=O)[O-],0.2121354809889508,-4.848654747009277,3.3427789211273193
two_objective,32,47374,0.3122639291653123,False,CC[n+]1cc(C)n(C)c1,O=C([O-])C1CCCN1,0.3573209291347908,-2.33347225189209,3.573364019393921
two_objective,33,58705,0.30087547467117803,True,C[NH+]1CCCC1=O,CCCCCCCCCC(=O)[O-],0.20516875618203162,-5.142142295837402,3.3119523525238037
two_objective,34,66444,0.30023453305995396,False,OCC[NH2+]c1ccccc1,CC1(C(=O)[O-])CCCN1,0.38010465569340307,-2.7130651473999023,3.704101324081421
two_objective,35,49033,0.29596386659339097,False,CCn1cc(C)[n+](CC)c1,NCC(=O)[O-],0.4028716161832664,-2.7354040145874023,3.597217321395874
two_objective,36,59078,0.27740774830438414,False,C[NH3+],O=C([O-])C1CCCN1,0.45227654690678504,-1.8943395614624023,3.930793523788452
two_objective,37,58706,0.26826407100337096,False,C[NH+]1CCCC1=O,CCCCCCCCCCCCOS(=O)(=O)[O-],0.23280054193729233,-3.7113866806030273,2.817189931869507
two_objective,38,49806,0.2620119776230474,False,CCn1cc[nH+]c1,O=C([O-])C1CCCN1,0.45810427789686,-2.0687475204467773,3.902486562728882
two_objective,39,57918,0.2593958441915129,True,C[NH+](C)C,CC(=O)CCC(=O)[O-],0.23580017120517952,-5.046103477478027,3.6440083980560303
two_objective,40,37564,0.24903312643510186,False,CCC[NH+](C)C,CC1(C(=O)[O-])CCCN1,0.4333277462528391,-2.1936254501342773,3.6282918453216553
two_objective,41,58774,0.2478602300250329,False,C[NH+]1CCCC1=O,O=C([O-])C1CCCN1,0.4447272685879749,-2.3492040634155273,3.740037679672241
two_objective,42,476,0.23973084698595082,False,C=CC[NH+](C)C,CC1(C(=O)[O-])CCCN1,0.3796261154122761,-2.318121910095215,3.7303483486175537
two_objective,43,35740,0.23888543223777733,False,CCCCn1ccc[n+]1C,CC1(C(=O)[O-])CCCN1,0.44481163193383777,-1.8452520370483398,3.4269120693206787
two_objective,44,41212,0.23863839027111955,False,CCOCC[NH+](C)C,CC1(C(=O)[O-])CCCN1,0.423955973658538,-2.2030248641967773,4.026969909667969
two_objective,45,19489,0.2350110251693394,False,CCCCCC[NH+](CCCCCC)CCCCCC,CCCCCCCCCC(=O)[O-],0.21649509221089505,-3.9475622177124023,2.00217604637146
two_objective,46,38241,0.2297372184056263,False,CCC[S+]1CCCC1,NCC(=O)[O-],0.42242184709068015,-2.281317710876465,3.6493661403656006
two_objective,47,59065,0.22814644533892922,False,C[NH3+],NCC(=O)[O-],0.39408838327761125,-2.7547826766967773,3.7652642726898193
two_objective,48,58622,0.22770686933804477,False,C[NH+]1C=CN=C1,O=C([O-])C1CCCN1,0.36029711706519674,-2.30222225189209,3.676044225692749
two_objective,49,3972,0.22604105349909992,False,CC(C)[n+]1ccn(C)c1,CC1(C(=O)[O-])CCCN1,0.43871783118079405,-1.9471197128295898,3.483537435531616
two_objective,50,45316,0.2176591217422568,False,CC[NH+](C)CC,CC1(C(=O)[O-])CCCN1,0.4358210245875807,-2.0793066024780273,3.743119955062866
