smiles,type,family,tsne_1,tsne_2
C1CC[NH2+]C1,cation,pyrrolidinium,-22.095434188842773,-19.44092559814453
C=CCN1C=C[NH+](CCC#N)C1,cation,other N-heterocycle,-12.716535568237305,1.166272759437561
C=CC[N+](C)(C)CC,cation,ammonium,-5.343625068664551,-14.250965118408203
C=CC[NH+](C)C,cation,ammonium,-13.406045913696289,-6.188126087188721
C=CC[NH+](C)CC=C,cation,ammonium,-13.685590744018555,-5.4217352867126465
C=CC[NH+](CC)CC,cation,ammonium,-6.166118144989014,-8.43086051940918
C=CC[NH+]1C=CN(C)C1,cation,other N-heterocycle,-11.772697448730469,0.8141084909439087
C=CC[n+]1ccn(C)c1,cation,imidazolium,-5.334627151489258,7.969756126403809
C=CC[n+]1ccn(CCC#N)c1,cation,imidazolium,0.6673570871353149,5.88617467880249
C=CCn1cc[n+](C)c1,cation,imidazolium,-8.441006660461426,10.0506010055542
C=CCn1cc[n+](CCOC)c1,cation,imidazolium,-2.888482093811035,11.430001258850098
C=Cn1cc[n+](CC(N)=O)c1,cation,imidazolium,-6.06746244430542,8.124767303466797
CC(=O)CCn1cc[n+](C)c1,cation,imidazolium,-8.263153076171875,12.821223258972168
CC(=O)OCC[N+]1(C)CCCC1,cation,pyrrolidinium,-25.949373245239258,-26.61446762084961
CC(=O)[NH+](C)C,cation,ammonium,-13.855233192443848,-7.75440788269043
CC(C(O)c1ccccc1)[N+](C)(C)C,cation,ammonium,5.659135818481445,21.273643493652344
CC(C)=Cn1cc[n+](C)c1,cation,imidazolium,-8.570076942443848,8.915762901306152
CC(C)CCCCn1cc[n+](C)c1,cation,imidazolium,-10.313806533813477,14.233154296875
CC(C)CCCn1cc[n+](C)c1,cation,imidazolium,-10.253911018371582,13.649460792541504
CC(C)CCn1c[n+](CCCCS(=O)(=O)O)cn1,cation,other N-heterocycle,5.8497700691223145,8.242289543151855
CC(C)CCn1cc[n+](C)c1,cation,imidazolium,-10.20565414428711,12.824393272399902
CC(C)C[N+]1(C)CCCC1,cation,pyrrolidinium,-26.81190299987793,-24.606002807617188
CC(C)C[N+]1(C)CCCCC1,cation,piperidinium,-26.497936248779297,-24.26645851135254
CC(C)C[NH3+],cation,ammonium,-9.586869239807129,-4.743363380432129
CC(C)C[P+](C)(CC(C)C)CC(C)C,cation,phosphonium,-9.099478721618652,-3.1714282035827637
CC(C)Cn1cc[n+](C)c1,cation,imidazolium,-10.082440376281738,11.990765571594238
CC(C)[n+]1ccn(C)c1,cation,imidazolium,-7.399830341339111,8.06424617767334
CC(O)C[NH3+],cation,ammonium,-10.031813621520996,-5.474639892578125
CCC(=O)[NH+](C)C,cation,ammonium,-13.32390022277832,-8.106075286865234
CCC(C)C[NH3+],cation,ammonium,-8.921545028686523,-5.918675422668457
CCC=C[P+](CC)(CC)CC,cation,phosphonium,2.4473958015441895,-18.706069946289062
CCC=Cn1cc[n+](C)c1C,cation,imidazolium,-5.675835132598877,3.332627058029175
CCCC(CC)[N+](C)(C)C(=N)N(C)C,cation,ammonium,-4.665137767791748,-17.313182830810547
CCCCC(CC)[NH2+]CCN,cation,ammonium,-4.07900857925415,-6.341374397277832
CCCCC(CCC)[N+](C)(C)C(=N)N(C)C,cation,ammonium,-4.53564977645874,-17.535120010375977
CCCCCCCCC=CCCCCCCCC1=[N+](CC)CCN1CCO,cation,other N-heterocycle,16.790382385253906,-4.013137340545654
CCCCCCCCCCCCCCCCCCn1cc[n+](C)c1,cation,imidazolium,19.66244888305664,-3.041440010070801
CCCCCCCCCCCCCCCC[N+](C)(C)Cc1ccccc1,cation,ammonium,19.200241088867188,-1.438833236694336
CCCCCCCCCCCCCCCC[n+]1ccn(C)c1,cation,imidazolium,18.788631439208984,-2.8084630966186523
CCCCCCCCCCCCCCCCn1cc[n+](C)c1,cation,imidazolium,18.344417572021484,-2.62106990814209
CCCCCCCCCCCCCC[N+](C)(C)Cc1ccccc1,cation,ammonium,18.733678817749023,-0.6748893857002258
CCCCCCCCCCCCCC[N+](C)(CCOCCOCCOCCOCCOCCO)CCOCCOCCOCCOCCOCCO,cation,ammonium,20.22784996032715,-8.82287883758545
CCCCCCCCCCCCCC[N+](CC)(CC)CC,cation,ammonium,16.98714828491211,-5.139858245849609
CCCCCCCCCCCCCC[P+](CCCC)(CCCC)CCCC,cation,phosphonium,20.456151962280273,-6.391712188720703
CCCCCCCCCCCCCC[P+](CCCCCC)(CCCCCC)CCCCCC,cation,phosphonium,21.868677139282227,-5.85111665725708
CCCCCCCCCCCCCCn1cc[n+](C)c1,cation,imidazolium,17.306884765625,-2.1008193492889404
CCCCCCCCCCCCC[N+](C)(CCOCCO)CCOCCOCCO,cation,ammonium,19.693029403686523,-8.204371452331543
CCCCCCCCCCCC[N+](C)(C)Cc1ccccc1,cation,ammonium,18.346033096313477,0.335827112197876
CCCCCCCCCCCC[N+](CC)(CC)CC,cation,ammonium,16.45308494567871,-5.212428569793701
CCCCCCCCCCCC[P+](CCCC)(CCCC)CCCC,cation,phosphonium,19.938169479370117,-6.75458288192749
CCCCCCCCCCCC[n+]1ccccc1,cation,pyridinium,16.527997970581055,1.779918909072876
CCCCCCCCCCCCn1cc[n+](C)c1,cation,imidazolium,15.111621856689453,-1.208202838897705
CCCCCCCCCCCCn1cc[n+](CCCCCCCCCCCC)c1,cation,imidazolium,20.588470458984375,-3.954267978668213
CCCCCCCCCCCOC[n+]1cccc(O)c1,cation,pyridinium,15.926676750183105,0.7525497674942017
CCCCCCCCCCCn1cc[n+](C)c1,cation,imidazolium,13.981285095214844,-0.8103653788566589
CCCCCCCCCCN1CCC[N+]2=C1CCCCC2,cation,other N-heterocycle,-18.833740234375,-33.47477722167969
CCCCCCCCCC[N+](C)(C)Cc1ccccc1,cation,ammonium,18.256317138671875,0.869415283203125
CCCCCCCCCC[N+]1(C)CCCCC1,cation,piperidinium,-19.08342170715332,-32.60808563232422
CCCCCCCCCC[P+](CC)(CC)CC,cation,phosphonium,11.326390266418457,-8.138042449951172
CCCCCCCCCC[n+]1ccccc1,cation,pyridinium,16.35431480407715,2.4614813327789307
CCCCCCCCCC[n+]1ccn(C)c1,cation,imidazolium,13.725411415100098,1.735040545463562
CCCCCCCCCC[n+]1ccn(Cc2ccc(C)cc2)c1,cation,imidazolium,15.921346664428711,8.19687557220459
CCCCCCCCCCn1cc[n+](C)c1,cation,imidazolium,12.882742881774902,-0.3318934440612793
CCCCCCCCCCn1cc[n+](CC)c1,cation,imidazolium,13.691963195800781,0.26020097732543945
CCCCCCCCCCn1cc[n+](CCC#N)c1,cation,imidazolium,14.194114685058594,0.6082683205604553
CCCCCCCCCCn1cc[n+](CCCCCCCCCC)c1,cation,imidazolium,18.970172882080078,-3.703310251235962
CCCCCCCCCCn1cc[n+](CCCCCCCCCC)c1C,cation,imidazolium,18.926963806152344,-4.238147258758545
CCCCCCCCC[N+]1(C)CCCCC1,cation,piperidinium,-19.5179500579834,-32.30155563354492
CCCCCCCCC[N+]1(C)CCOCC1,cation,morpholinium,-17.31479263305664,-29.9445858001709
CCCCCCCCC[P+](CC)(CC)CC,cation,phosphonium,10.988327026367188,-8.35949993133545
CCCCCCCCCn1cc[n+](C)c1,cation,imidazolium,11.837838172912598,0.13879625499248505
CCCCCCCCCn1cc[n+](CCCCCCCCC)c1,cation,imidazolium,17.797744750976562,-3.375002861022949
CCCCCCCCN1C=C[NH+](C)C1,cation,other N-heterocycle,6.593195915222168,-2.727933168411255
CCCCCCCC[N+](C)(C)C,cation,ammonium,1.438901662826538,-9.669227600097656
CCCCCCCC[N+](C)(CCCCCCCC)C(C)CCCCCC,cation,ammonium,18.614892959594727,-5.8308186531066895
CCCCCCCC[N+](C)(CCCCCCCC)C(CC)CCCCC,cation,ammonium,18.385406494140625,-6.262389183044434
CCCCCCCC[N+](C)(CCCCCCCC)C(CCC)CCCC,cation,ammonium,18.074207305908203,-6.3445143699646
CCCCCCCC[N+](C)(CCCCCCCC)CCCCCCCC,cation,ammonium,19.411785125732422,-5.7125020027160645
CCCCCCCC[N+](CC)(CC)CC,cation,ammonium,5.716931343078613,-9.848862648010254
CCCCCCCC[N+](CCCCCCCC)(CCCCCCCC)CCCCCCCC,cation,ammonium,21.670495986938477,-4.901388168334961
CCCCCCCC[N+]1(C)CCCC1,cation,pyrrolidinium,-19.75628089904785,-31.40670394897461
CCCCCCCC[N+]1(C)CCCCC1,cation,piperidinium,-20.141857147216797,-31.870542526245117
CCCCCCCC[N+]1(C)CCOCC1,cation,morpholinium,-17.371414184570312,-29.484384536743164
CCCCCCCC[NH+](CCCCCCCC)CCCCCCCC,cation,ammonium,19.93476676940918,-5.107148170471191
CCCCCCCC[NH+]1C=CN(C)C1C,cation,other N-heterocycle,6.8070878982543945,-1.7466979026794434
CCCCCCCC[P+](CC)(CC)CC,cation,phosphonium,10.599723815917969,-8.647645950317383
CCCCCCCC[P+](CCCC)(CCCC)CCCC,cation,phosphonium,15.559157371520996,-8.6746187210083
CCCCCCCC[P+](CCCCCCCC)(CCCCCCCC)CCCCCCCC,cation,phosphonium,21.868677139282227,-5.85111665725708
CCCCCCCC[n+]1cc(C)cc(C)c1,cation,pyridinium,12.367377281188965,6.32694673538208
CCCCCCCC[n+]1ccc(C)cc1,cation,pyridinium,11.970945358276367,7.998422145843506
CCCCCCCC[n+]1ccc(N(C)C)cc1,cation,pyridinium,12.212990760803223,8.73104190826416
CCCCCCCC[n+]1ccc2ccccc2c1,cation,pyridinium,13.932799339294434,13.644731521606445
CCCCCCCC[n+]1cccc(C)c1,cation,pyridinium,12.127113342285156,6.920455455780029
CCCCCCCC[n+]1cccc(C)c1C,cation,pyridinium,11.566398620605469,6.526305198669434
CCCCCCCC[n+]1cccc2ccccc21,cation,pyridinium,13.843881607055664,13.900397300720215
CCCCCCCC[n+]1ccccc1,cation,pyridinium,16.819721221923828,15.23930835723877
CCCCCCCC[n+]1ccn(C)c1,cation,imidazolium,10.24570083618164,3.9398834705352783
CCCCCCCC[n+]1ccn(CC)c1,cation,imidazolium,11.240653038024902,3.050886631011963
CCCCCCCC[n+]1ccn(Cc2ccc(C)cc2)c1,cation,imidazolium,15.774620056152344,8.707693099975586
CCCCCCCCc1cccc[n+]1CC,cation,pyridinium,11.233285903930664,12.915396690368652
CCCCCCCCn1cc[n+](C)c1,cation,imidazolium,10.355962753295898,0.5619301199913025
CCCCCCCCn1cc[n+](CCC#N)c1,cation,imidazolium,11.826319694519043,1.616957187652588
CCCCCCCCn1cc[n+](CCCCCCCC)c1,cation,imidazolium,16.326215744018555,-2.4076175689697266
CCCCCCCOC[n+]1cccc(O)c1,cation,pyridinium,8.482980728149414,11.44171142578125
CCCCCCC[N+](C)(C)CC,cation,ammonium,1.3532257080078125,-10.068095207214355
CCCCCCC[N+](CC)(CC)CC,cation,ammonium,5.458277702331543,-10.017974853515625
CCCCCCC[N+]1(C)CCCC1,cation,pyrrolidinium,-20.30976104736328,-30.712051391601562
CCCCCCC[N+]1(C)CCCCC1,cation,piperidinium,-20.767074584960938,-31.203781127929688
CCCCCCC[N+]1(C)CCOCC1,cation,morpholinium,-17.383663177490234,-28.77659034729004
CCCCCCC[NH+]1C=CN(C)C1,cation,other N-heterocycle,5.790511131286621,-1.6519972085952759
CCCCCCC[P+](CC)(CC)CC,cation,phosphonium,10.235051155090332,-8.967860221862793
CCCCCCC[n+]1ccccc1,cation,pyridinium,16.91531753540039,15.862781524658203
CCCCCCC[n+]1ccn(C)c1,cation,imidazolium,9.45398998260498,4.415080547332764
CCCCCCCc1cccc[n+]1CC,cation,pyridinium,10.933380126953125,13.297073364257812
CCCCCCCn1c(C)cc(C)[n+]1-c1ccccc1,cation,pyrazolium,11.995922088623047,17.426219940185547
CCCCCCCn1cc[n+](C)c1,cation,imidazolium,9.264302253723145,0.9096956253051758
CCCCCCCn1cc[n+](CCCCCCC)c1,cation,imidazolium,14.844751358032227,-0.18797171115875244
CCCCCCN1C=C[NH+](C)C1,cation,other N-heterocycle,5.2122392654418945,-3.005884885787964
CCCCCCOC(=O)C[N+](C)(C)C,cation,ammonium,0.21074947714805603,-10.08828353881836
CCCCCCOC[n+]1cccc(O)c1,cation,pyridinium,8.307063102722168,11.620603561401367
CCCCCC[N+](C)(C)C,cation,ammonium,0.08887293189764023,-10.7792329788208
CCCCCC[N+](CC)(CC)CC,cation,ammonium,5.088584899902344,-10.286201477050781
CCCCCC[N+](CCCCCC)(CCCCCC)CCCCCC,cation,ammonium,18.379478454589844,-7.099278926849365
CCCCCC[N+]1(C)CCCC1,cation,pyrrolidinium,-21.107166290283203,-30.080890655517578
CCCCCC[N+]1(C)CCCCC1,cation,piperidinium,-21.570491790771484,-30.454586029052734
CCCCCC[N+]1(C)CCOCC1,cation,morpholinium,-17.375581741333008,-27.7867488861084
CCCCCC[N+]1(CCCC)CCCC1,cation,pyrrolidinium,-19.086856842041016,-30.92898178100586
CCCCCC[N+]1(CCCCCC)CCCC1,cation,pyrrolidinium,-18.51077651977539,-31.62906265258789
CCCCCC[NH+](CCCCCC)CCCCCC,cation,ammonium,15.709897994995117,-6.7776947021484375
CCCCCC[NH+]1C=CN(C)C1,cation,other N-heterocycle,5.378577709197998,-1.7081034183502197
CCCCCC[NH2+]CCN,cation,ammonium,-3.6073617935180664,-6.050180912017822
CCCCCC[P+](CCCCCC)(CCCCCC)CC(C)C,cation,phosphonium,15.863338470458984,-8.135063171386719
CCCCCC[n+]1cc(C)cc(C)c1CC,cation,pyridinium,3.4403746128082275,1.6401718854904175
CCCCCC[n+]1cc(CC)cc(CC)c1CCC,cation,pyridinium,3.7704524993896484,1.268980860710144
CCCCCC[n+]1ccc(C)cc1,cation,pyridinium,10.608868598937988,8.985652923583984
CCCCCC[n+]1ccc(N(C)C)c(C)c1,cation,pyridinium,11.068012237548828,9.81558609008789
CCCCCC[n+]1ccc(N(C)C)cc1,cation,pyridinium,11.541664123535156,9.448529243469238
CCCCCC[n+]1ccc(N2CCC(C)CC2)cc1,cation,pyridinium,9.761049270629883,8.440993309020996
CCCCCC[n+]1cccc(C)c1,cation,pyridinium,9.991525650024414,9.93454360961914
CCCCCC[n+]1cccc2ccccc21,cation,pyridinium,13.519933700561523,14.84032917022705
CCCCCC[n+]1ccccc1,cation,pyridinium,17.090404510498047,16.82310676574707
CCCCCC[n+]1ccn(C)c1,cation,imidazolium,8.72373104095459,4.903251647949219
CCCCCC[n+]1ccn(C)c1C,cation,imidazolium,1.7755006551742554,2.3281021118164062
CCCCCC[n+]1ccn(CC)c1,cation,imidazolium,6.892668724060059,4.841471195220947
CCCCCC[n+]1ccn(CCC#N)c1,cation,imidazolium,7.050765037536621,2.951571464538574
CCCCCC[n+]1ccn(Cc2ccc(C)cc2)c1,cation,imidazolium,15.592170715332031,9.409502029418945
CCCCCCc1cccc[n+]1CC,cation,pyridinium,10.388154029846191,13.991278648376465
CCCCCCn1c(C)cc(C)[n+]1-c1ccccc1,cation,pyrazolium,11.790862083435059,17.73481559753418
CCCCCCn1c[n+](CCCCS(=O)(=O)O)cn1,cation,other N-heterocycle,7.000569820404053,7.2743682861328125
CCCCCCn1cc[n+](C)c1,cation,imidazolium,8.384267807006836,1.302527904510498
CCCCCCn1cc[n+](C)c1C,cation,imidazolium,-1.2246432304382324,2.1684796810150146
CCCCCCn1cc[n+](CC)c1,cation,imidazolium,5.857308864593506,3.6874921321868896
CCCCCCn1cc[n+](CCC#N)c1,cation,imidazolium,6.916774749755859,2.825361490249634
CCCCCCn1cc[n+](CCCCCC)c1,cation,imidazolium,12.486169815063477,2.145604133605957
CCCCC[N+](C)(C)CC,cation,ammonium,-0.4569924771785736,-11.831239700317383
CCCCC[N+](C)(C)CCO,cation,ammonium,-0.8918482661247253,-11.04474925994873
CCCCC[N+](C)(CC)CC,cation,ammonium,0.8972200155258179,-12.61783504486084
CCCCC[N+](C)(CCC)CCC,cation,ammonium,3.1235451698303223,-12.64133071899414
CCCCC[N+]1(C)CCOCC1,cation,morpholinium,-17.356685638427734,-26.748804092407227
CCCCC[NH3+],cation,ammonium,-6.0481791496276855,-6.063220024108887
CCCCC[P+](CC)(CC)CC,cation,phosphonium,5.0576910972595215,-17.991117477416992
CCCCC[n+]1ccccc1,cation,pyridinium,17.295591354370117,18.04859733581543
CCCCC[n+]1ccn(C)c1,cation,imidazolium,-0.362289696931839,7.882108688354492
CCCCC[n+]1ccn(CCCC)c1,cation,imidazolium,6.401915073394775,4.286591053009033
CCCCCc1cccc[n+]1CC,cation,pyridinium,9.59310531616211,14.965764045715332
CCCCCn1c(C)cc(C)[n+]1-c1ccccc1,cation,pyrazolium,11.518044471740723,18.138681411743164
CCCCCn1cc[n+](C)c1,cation,imidazolium,-6.165409088134766,15.23696231842041
CCCCCn1cc[n+](C)c1C,cation,imidazolium,-1.896623969078064,2.343625545501709
CCCCCn1cc[n+](CCCCC)c1,cation,imidazolium,7.242344379425049,3.964625358581543
CCCCN1C=C[NH+](C)C1,cation,other N-heterocycle,-7.380276203155518,-0.5817492604255676
CCCCN1C=C[NH+](CCCC)C1,cation,other N-heterocycle,4.683572292327881,-2.5628769397735596
CCCCNC(=O)C[n+]1ccn(CC)c1,cation,imidazolium,1.644945502281189,9.250727653503418
CCCCOC(=O)c1nccc[n+]1CCCC,cation,other N-heterocycle,3.1475446224212646,3.734593629837036
CCCCOCC(O)CN(CCCn1cc[nH+]c1)C(C)=O,cation,imidazolium,1.8529609441757202,-1.0126487016677856
CCCCOCC(O)CNCCCn1cc[nH+]c1,cation,imidazolium,1.8563408851623535,-1.0129618644714355
CCCCOC[n+]1cccc(O)c1,cation,pyridinium,7.0937581062316895,12.972707748413086
CCCC[N+](C)(C)C,cation,ammonium,-2.9221291542053223,-13.080245971679688
CCCC[N+](C)(C)C(=N)N(C)C,cation,ammonium,-4.541854381561279,-16.570756912231445
CCCC[N+](C)(C)CC,cation,ammonium,-1.9352121353149414,-13.087847709655762
CCCC[N+](C)(CC)CC,cation,ammonium,0.24641883373260498,-13.357674598693848
CCCC[N+](C)(CCC)CCC,cation,ammonium,2.7810299396514893,-12.864522933959961
CCCC[N+](C)(CCCC)CCCC,cation,ammonium,4.036830902099609,-12.67209243774414
CCCC[N+](CC)(CC)CC,cation,ammonium,1.4101884365081787,-15.184188842773438
CCCC[N+](CCCC)(CCCC)CCCC,cation,ammonium,5.062073707580566,-12.658750534057617
CCCC[N+]1(C)CCCC1,cation,pyrrolidinium,-23.951547622680664,-27.312742233276367
CCCC[N+]1(C)CCCCC1,cation,piperidinium,-23.55206871032715,-27.788881301879883
CCCC[N+]1(C)CCOCC1,cation,morpholinium,-17.46320152282715,-25.843843460083008
CCCC[NH+]1C=CN=C1,cation,other N-heterocycle,-12.259056091308594,4.928493976593018
CCCC[NH+]1C=CN=C1c1ccccc1,cation,other N-heterocycle,9.758591651916504,21.392240524291992
CCCC[NH+]1CCCC1,cation,pyrrolidinium,-23.52376937866211,-20.267858505249023
CCCC[NH3+],cation,ammonium,-7.300670623779297,-6.171159267425537
CCCC[P+](C)(CCCC)CCCC,cation,phosphonium,9.597586631774902,-12.839740753173828
CCCC[P+](CC)(CC)CC,cation,phosphonium,4.506185054779053,-18.300643920898438
CCCC[P+](CC)(CCCC)CCCC,cation,phosphonium,10.19793701171875,-12.174444198608398
CCCC[P+](CCCC)(CCCC)CCC(F)(F)C(F)(F)C(F)(F)C(F)(F)C(F)(F)C(F)(F)F,cation,phosphonium,-1.3807035684585571,-2.5186283588409424
CCCC[P+](CCCC)(CCCC)CCCC,cation,phosphonium,11.54149055480957,-12.25497817993164
CCCC[P+](CCCC)(CCCC)CCCN,cation,phosphonium,11.445131301879883,-12.889236450195312
CCCC[P+](CCCC)(CCCC)CCSC,cation,phosphonium,10.862757682800293,-12.9017333984375
CCCC[P+](CCCC)(CCCC)CCSCC,cation,phosphonium,10.942298889160156,-12.126986503601074
CCCC[P+](CCCC)(CCCC)COC,cation,phosphonium,10.38088607788086,-13.2724027633667
CCCC[P+](CCCC)(CCCC)CSC,cation,phosphonium,10.246564865112305,-12.719149589538574
CCCC[S+]1CCCC1,cation,sulfonium,-24.241422653198242,-19.43477439880371
CCCC[n+]1cc(C)cc(C)c1,cation,pyridinium,3.752096652984619,14.452173233032227
CCCC[n+]1cc[nH]c1,cation,imidazolium,2.063840866088867,12.050090789794922
CCCC[n+]1ccc(C)c(C)c1,cation,pyridinium,4.074845790863037,14.853690147399902
CCCC[n+]1ccc(C)cc1,cation,pyridinium,2.8177497386932373,15.856576919555664
CCCC[n+]1ccc(N(C)C)cc1,cation,pyridinium,1.4229398965835571,16.150379180908203
CCCC[n+]1ccc2ccccc2c1,cation,pyridinium,10.854606628417969,20.980947494506836
CCCC[n+]1cccc(C#N)c1,cation,pyridinium,5.226524353027344,15.701486587524414
CCCC[n+]1cccc(C)c1,cation,pyridinium,4.588345527648926,15.815995216369629
CCCC[n+]1cccc(C)c1C,cation,pyridinium,5.088133335113525,14.514214515686035
CCCC[n+]1cccc2ccccc21,cation,pyridinium,10.931746482849121,20.89234733581543
CCCC[n+]1ccccc1,cation,pyridinium,17.39729118347168,19.1864013671875
CCCC[n+]1ccccc1C,cation,pyridinium,6.991535663604736,16.28985023498535
CCCC[n+]1ccn(C(CC)CC)c1,cation,imidazolium,1.7207435369491577,8.33934211730957
CCCC[n+]1ccn(C)c1,cation,imidazolium,-1.1564085483551025,8.078862190246582
CCCC[n+]1ccn(C)c1C,cation,imidazolium,-3.555177927017212,4.299683094024658
CCCC[n+]1ccn(C2CCCC2)c1,cation,imidazolium,-1.088529109954834,5.253381729125977
CCCC[n+]1ccn(CC)c1,cation,imidazolium,1.3831748962402344,8.930356979370117
CCCC[n+]1ccn(CCC#N)c1,cation,imidazolium,2.4182121753692627,6.017282962799072
CCCC[n+]1ccn(Cc2ccc(C)cc2)c1,cation,imidazolium,0.9866936802864075,21.655282974243164
CCCC[n+]1ccn(Cc2ccccc2)c1,cation,imidazolium,11.188246726989746,23.309282302856445
CCCCc1cccc[n+]1CC,cation,pyridinium,8.7239351272583,15.987531661987305
CCCCn1c(C)cc(C)[n+]1-c1ccccc1,cation,pyrazolium,11.255520820617676,18.46612548828125
CCCCn1c[n+](CCCCS(=O)(=O)O)cn1,cation,other N-heterocycle,6.3298821449279785,7.5782084465026855
CCCCn1c[nH+]c2ccccc21,cation,imidazolium,9.109307289123535,20.708707809448242
CCCCn1cc[n+](C)c1,cation,imidazolium,-6.794012546539307,14.186898231506348
CCCCn1cc[n+](C)c1C,cation,imidazolium,-3.1500191688537598,2.707693099975586
CCCCn1cc[n+](CC)c1,cation,imidazolium,0.336582213640213,10.442870140075684
CCCCn1cc[n+](CCC#N)c1,cation,imidazolium,2.4267494678497314,5.993040561676025
CCCCn1cc[n+](CCC(C)C)c1,cation,imidazolium,2.76224422454834,7.7108917236328125
CCCCn1cc[n+](CCCC)c1,cation,imidazolium,5.360515594482422,4.785586833953857
CCCCn1cc[n+](CCCCCCO)c1,cation,imidazolium,11.244536399841309,2.2507216930389404
CCCCn1cc[n+](CCCCS(=O)(=O)O)c1,cation,imidazolium,5.859360694885254,6.918535232543945
CCCCn1cc[n+](CCCS(=O)(=O)O)c1,cation,imidazolium,5.5434889793396,6.991116523742676
CCCCn1ccc[n+]1C,cation,pyrazolium,1.3801548480987549,11.74556827545166
CCCOCC[N+]1(C)CCCC1,cation,pyrrolidinium,-25.989164352416992,-28.80541229248047
CCCOCC[n+]1ccccc1,cation,pyridinium,18.99570083618164,20.077821731567383
CCCOCC[n+]1ccn(C)c1,cation,imidazolium,-1.7452976703643799,9.026185035705566
CCCOC[n+]1cccc(O)c1,cation,pyridinium,6.954188823699951,13.146681785583496
CCC[N+](C)(C)CC,cation,ammonium,-2.843318462371826,-13.747920036315918
CCC[N+](C)(C)CCO,cation,ammonium,-4.023813247680664,-12.974846839904785
CCC[N+](C)(CC)CC,cation,ammonium,-0.21384015679359436,-13.930707931518555
CCC[N+](C)(CC)CCC,cation,ammonium,0.7022441625595093,-13.607644081115723
CCC[N+]1(C)CCCC1,cation,pyrrolidinium,-25.0183162689209,-26.22270965576172
CCC[N+]1(C)CCCCC1,cation,piperidinium,-24.630701065063477,-26.452102661132812
CCC[N+]1(C)CCOCC1,cation,morpholinium,-17.787826538085938,-24.708681106567383
CCC[NH+](C)C,cation,ammonium,-12.396703720092773,-8.74934196472168
CCC[NH+](C)CCC,cation,ammonium,-7.608395576477051,-9.95358943939209
CCC[NH+](CC)CC,cation,ammonium,-6.365790843963623,-9.333356857299805
CCC[NH3+],cation,ammonium,-9.086935043334961,-6.609224796295166
CCC[S+]1CCCC1,cation,sulfonium,-24.142845153808594,-19.161542892456055
CCC[n+]1cccc(C)c1,cation,pyridinium,4.477415084838867,16.916492462158203
CCC[n+]1ccccc1,cation,pyridinium,17.151382446289062,20.774057388305664
CCC[n+]1ccn(C)c1C,cation,imidazolium,-4.36548376083374,4.4676194190979
CCC[n+]1cn(C)cn1,cation,other N-heterocycle,-5.402886390686035,5.792491436004639
CCCc1cccc[n+]1CC,cation,pyridinium,8.146814346313477,16.83635711669922
CCCn1cc[n+](C)c1,cation,imidazolium,-7.418636322021484,12.84832763671875
CCCn1cc[n+](C)c1C,cation,imidazolium,-4.467641830444336,3.0146214962005615
CCCn1cc[n+](CC)c1,cation,imidazolium,-0.39234042167663574,10.949068069458008
CCN(CC)c1c(N(CC)CC)[c+]1N(CC)CC,cation,other,0.8720542788505554,-18.366926193237305
CCN=C(N(C)C)[NH+](C)C,cation,ammonium,-14.761613845825195,-9.310187339782715
CCOC(=O)C[N+](C)(C)CC,cation,ammonium,-3.6546339988708496,-14.990030288696289
CCOC(=O)C[N+]1(C)CCCC1,cation,pyrrolidinium,-27.100963592529297,-25.93366813659668
CCOC(=O)C[n+]1ccccc1,cation,pyridinium,17.90673828125,22.26494598388672
CCOC(=O)Cn1cc[n+](C)c1,cation,imidazolium,-7.728255748748779,12.067305564880371
CCOC(=O)c1ccc[n+](CC)c1,cation,pyridinium,5.239377498626709,17.651941299438477
CCOCC[N+](C)(C)CC,cation,ammonium,-2.525209665298462,-14.616622924804688
CCOCC[N+]1(C)CCCC1,cation,pyrrolidinium,-26.39316177368164,-27.655590057373047
CCOCC[N+]1(C)CCCCC1,cation,piperidinium,-26.81369400024414,-27.963281631469727
CCOCC[N+]1(C)CCOCC1,cation,morpholinium,-18.871707916259766,-24.690563201904297
CCOCC[NH+](C)C,cation,ammonium,-12.178878784179688,-9.617725372314453
CCOCC[n+]1ccccc1,cation,pyridinium,18.567367553710938,20.99173927307129
CCOCCn1cc[n+](C)c1,cation,imidazolium,-6.24293327331543,12.186101913452148
CCOCCn1cc[n+](CC)c1,cation,imidazolium,-0.7535275816917419,11.893025398254395
CCOC[N+](C)(C)CC,cation,ammonium,-3.160503625869751,-14.605548858642578
CCOC[N+]1(C)CCCC1,cation,pyrrolidinium,-26.768016815185547,-26.642375946044922
CCOC[N+]1(C)CCCCC1,cation,piperidinium,-27.281213760375977,-27.000564575195312
CCOC[N+]1(C)CCOCC1,cation,morpholinium,-18.67439842224121,-24.076147079467773
CCOC[P+](CC)(CC)CC,cation,phosphonium,3.523017168045044,-19.56958770751953
CCOC[n+]1ccccc1,cation,pyridinium,17.937070846557617,21.536462783813477
CCOC[n+]1ccn(C)c1,cation,imidazolium,-4.315608501434326,9.136491775512695
CCOCn1cc[n+](C)c1,cation,imidazolium,-6.832431793212891,11.619274139404297
CCOn1cc[n+](OCC)c1,cation,imidazolium,-5.134344577789307,10.374590873718262
CCS(=O)(=O)CCn1cc[n+](C)c1,cation,imidazolium,-8.883353233337402,15.40981674194336
CCSCC[P+](CC)(CC)CC,cation,phosphonium,4.1832966804504395,-18.77321434020996
CC[N+](C)(C)CC#N,cation,ammonium,-5.61251974105835,-14.039852142333984
CC[N+](C)(C)CCCO,cation,ammonium,-4.035060882568359,-13.270918846130371
CC[N+](C)(C)CCCOC,cation,ammonium,-2.66076922416687,-11.999337196350098
CC[N+](C)(C)CCO,cation,ammonium,-4.568393230438232,-13.362208366394043
CC[N+](C)(C)CCOC,cation,ammonium,-3.253931999206543,-11.981017112731934
CC[N+](C)(CC)CCOC,cation,ammonium,-1.2137459516525269,-14.106169700622559
CC[N+](CC)(CC)CC,cation,ammonium,0.8735753297805786,-15.728815078735352
CC[N+](CC)(CC)CCOC,cation,ammonium,0.5554806590080261,-15.557121276855469
CC[N+](CC)=C(N(C)C)N(C)C,cation,ammonium,-15.229196548461914,-10.665246963500977
CC[N+]1(C)CCCC1,cation,pyrrolidinium,-25.658233642578125,-25.285463333129883
CC[N+]1(C)CCCCC1,cation,piperidinium,-25.10236167907715,-25.306730270385742
CC[N+]1(C)CCOCC1,cation,morpholinium,-17.907974243164062,-23.95266342163086
CC[NH+](C)CC,cation,ammonium,-7.774728298187256,-8.633204460144043
CC[NH+](CC)CC,cation,ammonium,-6.168645858764648,-9.060566902160645
CC[NH+]1C=CN(C)C1,cation,other N-heterocycle,-11.0917329788208,0.6890801787376404
CC[NH+]1C=CN=C1,cation,other N-heterocycle,-11.616024017333984,4.67423152923584
CC[NH2+]CC,cation,ammonium,-8.248092651367188,-7.185563564300537
CC[NH3+],cation,ammonium,-10.158440589904785,-6.197201728820801
CC[P+](CC)(CC)CCOC,cation,phosphonium,4.2714762687683105,-19.57647705078125
CC[P+](CC)(CC)CCSC,cation,phosphonium,3.715482711791992,-18.789173126220703
CC[P+](CC)(CC)COCCOC,cation,phosphonium,4.536523818969727,-20.010807037353516
CC[P+](CC)(CC)CSC,cation,phosphonium,3.287152051925659,-19.004484176635742
CC[S+](C)CC,cation,sulfonium,-7.848303318023682,-7.769652366638184
CC[S+](CC)CC,cation,sulfonium,-7.19005012512207,-8.167999267578125
CC[S+]1CCCC1,cation,sulfonium,-23.891313552856445,-19.00312614440918
CC[n+]1cc(C)n(C)c1,cation,imidazolium,-6.3163042068481445,5.116016864776611
CC[n+]1ccc(C)cc1,cation,pyridinium,2.4240925312042236,17.37685775756836
CC[n+]1ccc(N(C)C)cc1,cation,pyridinium,0.8694114089012146,17.181480407714844
CC[n+]1cccc(C)c1,cation,pyridinium,4.357425212860107,17.8884334564209
CC[n+]1ccccc1,cation,pyridinium,16.781940460205078,21.9741153717041
CC[n+]1ccccc1C,cation,pyridinium,7.067883491516113,18.211641311645508
CC[n+]1ccn(C)c1,cation,imidazolium,-4.699228763580322,8.298164367675781
CC[n+]1ccn(CCOC)c1,cation,imidazolium,-1.767522931098938,11.808920860290527
CC[n+]1ccn(Cc2ccc(C)cc2)c1,cation,imidazolium,0.9183759689331055,22.239818572998047
CCc1cccc[n+]1CC,cation,pyridinium,7.704145908355713,17.45149040222168
CCn1cc(C)[n+](C)c1,cation,imidazolium,-6.818575382232666,4.705151557922363
CCn1cc(C)[n+](CC)c1,cation,imidazolium,-6.7329936027526855,4.41144323348999
CCn1cc[n+](C)c1,cation,imidazolium,-8.052035331726074,10.74491024017334
CCn1cc[n+](C)c1C,cation,imidazolium,-5.353779315948486,3.4228897094726562
CCn1cc[n+](CC)c1,cation,imidazolium,-0.9986787438392639,10.872429847717285
CCn1cc[n+](CCOC)c1,cation,imidazolium,-2.411578416824341,11.453450202941895
CCn1cc[nH+]c1,cation,imidazolium,-8.975603103637695,5.703917026519775
CCn1ccc[n+]1C,cation,pyrazolium,-7.582418441772461,6.6613264083862305
CN(C)C(=N)[NH+](C)C,cation,ammonium,-14.857743263244629,-8.755878448486328
CN(C)C(N)=[N+](C)C,cation,ammonium,-15.347894668579102,-8.825535774230957
CN(C)c1cc[n+](C)cc1,cation,pyridinium,0.5828953981399536,17.374820709228516
CN1C=C[NH+](C)C1,cation,other N-heterocycle,-10.718771934509277,1.077461838722229
CN1C=C[NH+](CCO)C1,cation,other N-heterocycle,-11.61951732635498,0.24700596928596497
CN1CCC[NH+]2CCCN=C12,cation,other N-heterocycle,-22.055274963378906,-20.245195388793945
COC(=O)C([NH3+])Cc1ccccc1,cation,ammonium,7.892030715942383,22.452844619750977
COC(=O)C1CCC[NH2+]1,cation,pyrrolidinium,-21.529150009155273,-18.84602928161621
COC(C)Cn1cc[n+](C)c1,cation,imidazolium,-9.328495025634766,11.654204368591309
COCCCCn1cc[n+](C)c1,cation,imidazolium,-5.415604114532471,14.463240623474121
COCCC[N+]1(C)CCCC1,cation,pyrrolidinium,-25.032121658325195,-28.323734283447266
COCCC[N+]1(C)CCCCC1,cation,piperidinium,-24.522510528564453,-28.46057891845703
COCCC[N+]1(C)CCOCC1,cation,morpholinium,-18.360429763793945,-25.74365997314453
COCCC[n+]1ccccc1,cation,pyridinium,18.145458221435547,19.848081588745117
COCCC[n+]1ccn(C)c1,cation,imidazolium,-2.562901496887207,9.208186149597168
COCCCn1cc[n+](C)c1,cation,imidazolium,-5.645025253295898,13.772150993347168
COCCOCCOCC[n+]1ccccc1,cation,pyridinium,20.5041561126709,19.8941593170166
COCCOCC[n+]1ccccc1,cation,pyridinium,19.820722579956055,20.0433349609375
COCCOCCn1cc[n+](C)c1,cation,imidazolium,-4.516587257385254,13.680350303649902
COCC[N+](C)(C)C,cation,ammonium,-4.061833381652832,-11.676020622253418
COCC[N+]1(C)CCCC1,cation,pyrrolidinium,-25.43984603881836,-27.376066207885742
COCC[N+]1(C)CCCCC1,cation,piperidinium,-25.04500961303711,-27.50246238708496
COCC[N+]1(C)CCOCC1,cation,morpholinium,-18.42285919189453,-25.194114685058594
COCC[NH+]1C=CN(C)C1,cation,other N-heterocycle,-11.145956039428711,0.024063238874077797
COCC[NH2+]CCOC,cation,ammonium,-3.3631491661071777,-9.662309646606445
COCC[n+]1ccccc1,cation,pyridinium,17.910776138305664,20.538311004638672
COCC[n+]1ccn(C)c1,cation,imidazolium,-2.9784159660339355,9.293673515319824
COCCn1cc[n+](C)c1,cation,imidazolium,-6.079738140106201,13.047582626342773
COC[N+]1(C)CCCC1,cation,pyrrolidinium,-25.962833404541016,-25.822599411010742
COC[n+]1ccccc1,cation,pyridinium,17.059362411499023,21.518037796020508
COCn1cc[n+](C)c1,cation,imidazolium,-8.391844749450684,11.288002014160156
COc1ccc(-[n+]2c(C)cc(C)n2C)cc1,cation,pyrazolium,3.6313846111297607,24.098651885986328
C[N+](C)(C)C,cation,ammonium,-6.449499607086182,-13.159499168395996
C[N+](C)(C)CCCC(=O)O,cation,ammonium,-5.024679660797119,-12.353859901428223
C[N+](C)(C)CCO,cation,ammonium,-5.387838363647461,-12.897770881652832
C[N+](C)(CCCS(=O)(=O)O)C1CCCCC1,cation,ammonium,-23.579668045043945,-21.369600296020508
C[N+](C)(CCO)CCCNC(=O)C(O)C(O)C(O)C(O)CO,cation,ammonium,-9.063950538635254,-13.351592063903809
C[N+](C)=CCl,cation,ammonium,-11.633536338806152,-5.898136138916016
C[N+](CCO)(CCO)CCO,cation,ammonium,-9.525303840637207,-12.344139099121094
C[N+]1(C#N)CCOCC1,cation,morpholinium,-17.59215545654297,-23.072690963745117
C[N+]1(CC#N)CCCC1,cation,pyrrolidinium,-25.04608154296875,-24.23774528503418
C[N+]1(CC#N)CCCCC1,cation,piperidinium,-24.540433883666992,-24.344066619873047
C[N+]1(CC#N)CCOCC1,cation,morpholinium,-17.19200897216797,-23.504831314086914
C[N+]1(CCCC#N)CCOCC1,cation,morpholinium,-16.505210876464844,-24.40293312072754
C[N+]1(CCCO)CCCC1,cation,pyrrolidinium,-23.11580467224121,-26.169694900512695
C[N+]1(CCCO)CCCCC1,cation,piperidinium,-23.15650749206543,-26.661212921142578
C[N+]1(CCCO)CCOCC1,cation,morpholinium,-16.834959030151367,-25.351478576660156
C[N+]1(CCO)CCCC1,cation,pyrrolidinium,-23.903661727905273,-25.81101417541504
C[N+]1(CCO)CCCCC1,cation,piperidinium,-23.73159408569336,-25.381427764892578
C[N+]1(CCO)CCOCC1,cation,morpholinium,-17.157880783081055,-24.701852798461914
C[N+]1(CCOC(=O)C(O)(c2ccccc2)c2ccccc2)CCCC1,cation,pyrrolidinium,9.753435134887695,26.39637565612793
C[N+]1(Cc2ccccc2)CCOCC1,cation,morpholinium,7.3916802406311035,23.65119743347168
C[NH+](C)C,cation,ammonium,-13.559138298034668,-7.426156997680664
C[NH+](C)CCO,cation,ammonium,-11.825340270996094,-8.366190910339355
C[NH+](CCO)CCO,cation,ammonium,-10.38153076171875,-10.657135963439941
C[NH+]1C=CN(CCCO)C1,cation,other N-heterocycle,-7.526142597198486,-0.5963567495346069
C[NH+]1C=CN=C1,cation,other N-heterocycle,-11.123382568359375,4.598470687866211
C[NH+]1CCCC1=O,cation,pyrrolidinium,-21.719514846801758,-19.044828414916992
C[NH2+]CCO,cation,ammonium,-10.352455139160156,-7.43321418762207
C[NH3+],cation,ammonium,-11.08069133758545,-5.662359714508057
C[n+]1cc[nH]c1,cation,imidazolium,-8.548419952392578,6.95294713973999
C[n+]1ccccc1,cation,pyridinium,15.951263427734375,22.320178985595703
C[n+]1ccn(CC#N)c1,cation,imidazolium,-9.108500480651855,10.434846878051758
C[n+]1ccn(CC(F)(F)F)c1,cation,imidazolium,-10.606017112731934,9.981938362121582
C[n+]1ccn(CCC(F)(F)C(F)(F)C(F)(F)C(F)(F)C(F)(F)C(F)(F)F)c1,cation,imidazolium,-1.45302152633667,-2.449955463409424
C[n+]1ccn(CCCC(=O)O)c1,cation,imidazolium,-8.156929969787598,14.543813705444336
C[n+]1ccn(CCCCC#N)c1,cation,imidazolium,-6.568540096282959,16.179393768310547
C[n+]1ccn(CCCCCCCC(=O)O)c1,cation,imidazolium,10.524022102355957,-0.13753139972686768
C[n+]1ccn(CCCCCCCCO)c1,cation,imidazolium,11.368781089782715,-0.3379532992839813
C[n+]1ccn(CCCCO)c1,cation,imidazolium,-7.302562236785889,15.441649436950684
C[n+]1ccn(CCCCS(=O)(=O)O)c1,cation,imidazolium,-8.631664276123047,16.37677001953125
C[n+]1ccn(CCCO)c1,cation,imidazolium,-7.586442947387695,14.73034954071045
C[n+]1ccn(CCO)c1,cation,imidazolium,-8.017464637756348,13.709710121154785
C[n+]1ccn(CCc2ccccc2)c1,cation,imidazolium,9.940446853637695,24.57502555847168
C[n+]1ccn(Cc2ccccc2)c1,cation,imidazolium,9.893117904663086,24.723388671875
C[n+]1cn(CCCCS(=O)(=O)O)c2ccccc21,cation,imidazolium,8.893357276916504,19.805644989013672
Cc1c(CCO)sc[n+]1Cc1ccccc1,cation,other N-heterocycle,9.011390686035156,22.689056396484375
Cc1cc(C)[n+](-c2ccc(Cl)cc2)n1C,cation,pyrazolium,3.6735827922821045,24.007137298583984
Cc1cc(C)[n+](-c2ccccc2)n1C,cation,pyrazolium,4.888097286224365,23.27248191833496
Cc1ccc(-[n+]2c(C)cc(C)n2C)cc1,cation,pyrazolium,3.3979225158691406,24.10191535949707
Cc1ccc(CN2C=C[NH+](C)C2)cc1,cation,other N-heterocycle,0.9599232077598572,23.061033248901367
Cc1ccc(Cn2cc[n+](C)c2)cc1,cation,imidazolium,0.892034113407135,22.55685806274414
Cc1ccc[n+](C)c1,cation,pyridinium,4.4511237144470215,19.001792907714844
Cc1ccc[n+](CC(C)C)c1,cation,pyridinium,3.7920103073120117,18.488340377807617
Cc1cccc[nH+]1,cation,pyridinium,6.153511047363281,20.138530731201172
Cc1ccccc1-[n+]1ccc(C)n1C,cation,pyrazolium,4.810563087463379,23.04302978515625
Cc1ncc[nH+]n1,cation,other N-heterocycle,-9.94559097290039,4.514571189880371
Cn1cc[n+](C)c1,cation,imidazolium,-8.052565574645996,8.405290603637695
Cn1cc[n+](C)c1Cl,cation,imidazolium,-7.595615386962891,5.972799777984619
Cn1cc[n+](CC#N)c1,cation,imidazolium,-4.338357448577881,7.567551612854004
Cn1cc[n+](CCCC#N)c1,cation,imidazolium,-2.2011067867279053,7.182518482208252
Cn1cc[n+](CCCCCCO)c1,cation,imidazolium,9.352307319641113,3.9353325366973877
Cn1cc[n+](CCCCS(=O)(=O)O)c1,cation,imidazolium,4.321001052856445,9.566549301147461
Cn1cc[n+](CCCO)c1,cation,imidazolium,-2.610358476638794,7.819940090179443
Cn1cc[n+](CCCS(=O)(=O)O)c1,cation,imidazolium,4.177585124969482,9.682110786437988
Cn1cc[n+](CCCc2ccccc2)c1,cation,imidazolium,11.415532112121582,24.154449462890625
Cn1cc[n+](CCO)c1,cation,imidazolium,-3.2121775150299072,7.82476282119751
Cn1cc[n+](CCc2ccccc2)c1,cation,imidazolium,11.232894897460938,24.458799362182617
Cn1cc[n+](Cc2ccccc2)c1,cation,imidazolium,11.052424430847168,24.73407745361328
N#CCC[NH+]1C=CN=C1,cation,other N-heterocycle,-12.305055618286133,4.330413818359375
N#CCCn1cc[n+](CCO)c1,cation,imidazolium,1.1614495515823364,5.89282751083374
N#CCCn1cc[n+](Cc2ccccc2)c1,cation,imidazolium,10.4285888671875,23.76118278503418
N#CC[n+]1ccccc1,cation,pyridinium,16.080793380737305,21.428794860839844
O=S(=O)(O)CCC[n+]1ccccc1,cation,pyridinium,15.920129776000977,19.342775344848633
OCCCCCC[NH+]1C=CN=C1,cation,other N-heterocycle,7.330770492553711,-0.4691791832447052
OCCC[n+]1ccccc1,cation,pyridinium,16.757244110107422,19.78890037536621
OCC[NH+](CCO)CCO,cation,ammonium,-10.292044639587402,-11.306498527526855
OCC[NH2+]CCO,cation,ammonium,-10.027215003967285,-9.625361442565918
OCC[NH2+]c1ccccc1,cation,ammonium,8.37549877166748,21.849641799926758
OCC[n+]1ccccc1,cation,pyridinium,16.462709426879883,20.49321174621582
[Li+],cation,other,-11.12746810913086,-5.196828365325928
[NH3+]CCCO,cation,ammonium,-9.834904670715332,-8.39753532409668
[NH3+]CCO,cation,ammonium,-10.117976188659668,-7.538034439086914
[NH3+]CNCCO,cation,ammonium,-10.048306465148926,-8.271292686462402
c1ccc(C[n+]2ccccc2)cc1,cation,pyridinium,11.515416145324707,25.91840934753418
Brc1ccc2[n-]ncc2c1,anion,other,-7.604443073272705,5.736213684082031
Brc1ccc2cn[n-]c2c1,anion,other,-7.557061195373535,5.787471294403076
Brc1cccc2[n-]ncc12,anion,other,-8.081275939941406,5.42970609664917
Brc1cnc[n-]1,anion,other,-4.515836238861084,3.3506593704223633
C/C=C/C(=O)[O-],anion,carboxylate,-3.249230146408081,-2.8851065635681152
C=CC(=O)NC(C)(C)CS(=O)(=O)[O-],anion,sulfonate/sulfate,3.6415464878082275,-1.4220064878463745
CC(=O)CCC(=O)[O-],anion,carboxylate,-0.1239166259765625,-6.124156951904297
CC(=O)NC(C(=O)[O-])C(C)C,anion,amino-acid,-4.24290657043457,-8.313806533813477
CC(=O)NC(C)C(=O)[O-],anion,amino-acid,-3.7006630897521973,-7.902003765106201
CC(=O)NC(CC(C)C)C(=O)[O-],anion,amino-acid,-4.183061122894287,-8.410250663757324
CC(=O)[O-],anion,carboxylate,-2.1069118976593018,-3.324197292327881
CC(C)(C)C(=O)[O-],anion,carboxylate,-1.7100446224212646,-8.328737258911133
CC(C)C(=O)[O-],anion,carboxylate,-2.9830546379089355,-6.385977745056152
CC(C)C(N)C(=O)[O-],anion,amino-acid,-3.612689733505249,-6.564594268798828
CC(C)CC(N)C(=O)[O-],anion,amino-acid,-3.99368953704834,-6.511571407318115
CC(CC(C)(C)C)CP(=O)([O-])CC(C)CC(C)(C)C,anion,P-oxoanion,-1.6474432945251465,-9.059317588806152
CC(N)C(=O)[O-],anion,amino-acid,-3.0875298976898193,-5.295461654663086
CC(O)C(=O)[O-],anion,carboxylate,-2.6853668689727783,-4.818117618560791
CC(O)C(N)C(=O)[O-],anion,amino-acid,-3.522477865219116,-5.751796722412109
CC(Oc1ccc(Cl)cc1Cl)C(=O)[O-],anion,carboxylate,-7.487390518188477,3.1978378295898438
CC1(C(=O)[O-])CCCN1,anion,amino-acid,2.575549364089966,2.08672833442688
CC1=CC(=O)[N-]S(=O)(=O)O1,anion,other,-0.05435924977064133,1.5735363960266113
CCC(=O)[O-],anion,carboxylate,-1.3391026258468628,-4.31657600402832
CCC(C)C(NC(C)=O)C(=O)[O-],anion,amino-acid,-3.9002439975738525,-8.615924835205078
CCC(CC)C(=O)[O-],anion,carboxylate,-1.7650465965270996,-5.830351829528809
CCCC(=O)[O-],anion,carboxylate,-0.20680418610572815,-5.270943641662598
CCCCC(=O)[O-],anion,carboxylate,0.9482516646385193,-6.467001438140869
CCCCC(CC)CCC(=O)[O-],anion,carboxylate,2.342331886291504,-7.122956275939941
CCCCC(CC)COC(=O)CC(C(=O)OCC(CC)CCCC)S(=O)(=O)[O-],anion,sulfonate/sulfate,3.153318166732788,-6.870640754699707
CCCCCC(=O)[O-],anion,carboxylate,1.5852880477905273,-7.21779727935791
CCCCCCC(=O)[O-],anion,carboxylate,2.3128976821899414,-7.856541633605957
CCCCCCCC(=O)[O-],anion,carboxylate,2.9645166397094727,-8.159632682800293
CCCCCCCCC=CCCCCCCCC(=O)[O-],anion,carboxylate,4.7053632736206055,-9.654966354370117
CCCCCCCCCC(=O)[O-],anion,carboxylate,3.893735647201538,-8.5400972366333
CCCCCCCCCCCCOS(=O)(=O)[O-],anion,sulfonate/sulfate,5.024673938751221,-8.9417724609375
CCCCCCCCCCCCc1ccc(S(=O)(=O)[O-])cc1,anion,sulfonate/sulfate,5.662449836730957,-9.352888107299805
CCCCCCCCCCCCc1ccccc1S(=O)(=O)[O-],anion,sulfonate/sulfate,5.570446014404297,-9.30817985534668
CCCCCCCCCCOS(=O)(=O)[O-],anion,sulfonate/sulfate,4.790126323699951,-8.450265884399414
CCCCCCCCOS(=O)(=O)[O-],anion,sulfonate/sulfate,4.440483093261719,-7.711207389831543
CCCCCCOS(=O)(=O)[O-],anion,sulfonate/sulfate,4.115614414215088,-6.338282585144043
CCCCOS(=O)(=O)[O-],anion,sulfonate/sulfate,3.5117347240448,-4.662363529205322
CCCCP(=O)([O-])O,anion,P-oxoanion,0.5775120258331299,-3.012091875076294
CCOP(=O)([O-])OCC,anion,P-oxoanion,-6.9705328941345215,-6.796548366546631
CCOS(=O)(=O)[O-],anion,sulfonate/sulfate,2.0856823921203613,-2.052889108657837
CCP(=O)([O-])O,anion,P-oxoanion,-0.35500967502593994,-2.113814115524292
CCS(=O)(=O)[O-],anion,sulfonate/sulfate,2.2806179523468018,-1.549629807472229
COCC(=O)[O-],anion,carboxylate,-0.5873538255691528,-3.9406802654266357
COCCOCC(=O)[O-],anion,carboxylate,1.5761011838912964,-4.781896591186523
COCCOCCOS(=O)(=O)[O-],anion,sulfonate/sulfate,2.5822808742523193,-4.676218032836914
COP(=O)([O-])OC,anion,P-oxoanion,-0.3107645511627197,-0.7185300588607788
COS(=O)(=O)[O-],anion,sulfonate/sulfate,1.5739682912826538,-1.3459700345993042
CO[PH](=O)[O-],anion,P-oxoanion,-1.1725692749023438,-0.6604520082473755
CP(=O)([O-])O,anion,P-oxoanion,-0.8073060512542725,-1.6249206066131592
CS(=O)(=O)[O-],anion,sulfonate/sulfate,1.8349177837371826,-1.0177382230758667
Cc1ccc(S(=O)(=O)[O-])cc1,anion,sulfonate/sulfate,-10.160226821899414,7.169316291809082
Cc1n[n-]cc1Br,anion,other,-5.293558120727539,3.7960803508758545
Cc1nc([N+](=O)[O-])c[n-]1,anion,other,-3.9754600524902344,4.9605278968811035
Cl[Fe-](Cl)(Cl)Br,anion,other,6.481245517730713,0.28775256872177124
Cl[Fe-](Cl)(Cl)Cl,anion,other,6.500288963317871,0.2856358289718628
Clc1n[n-]c2ccccc12,anion,other,-9.093891143798828,4.8905110359191895
Clc1nc[n-]c1Cl,anion,other,-6.279094696044922,3.0829737186431885
FC(F)(F)C(F)(F)C(F)(F)C(F)(F)[P-](F)(F)(F)(C(F)(F)C(F)(F)C(F)(F)C(F)(F)F)C(F)(F)C(F)(F)C(F)(F)C(F)(F)F,anion,fluorinated,4.423898220062256,13.728716850280762
FC(F)(F)C(F)(F)C(F)(F)[P-](F)(F)(F)(C(F)(F)C(F)(F)C(F)(F)F)C(F)(F)C(F)(F)C(F)(F)F,anion,fluorinated,4.408735752105713,13.328022003173828
FC(F)(F)C(F)(F)[P-](F)(F)(F)(C(F)(F)C(F)(F)F)C(F)(F)C(F)(F)F,anion,fluorinated,4.106668472290039,12.445028305053711
FC(F)(F)[N-]C(F)(F)F,anion,fluorinated,3.521080255508423,8.63884449005127
F[B-](F)(F)C(F)(F)C(F)(F)C(F)(F)C(F)(F)F,anion,fluorinated,3.656963586807251,10.9144926071167
F[B-](F)(F)C(F)(F)C(F)(F)C(F)(F)F,anion,fluorinated,3.29892897605896,10.15208911895752
F[B-](F)(F)C(F)(F)C(F)(F)F,anion,fluorinated,2.7732179164886475,8.883506774902344
F[B-](F)(F)C(F)(F)F,anion,fluorinated,2.0921058654785156,7.8185224533081055
F[B-](F)(F)F,anion,fluorinated,1.0959056615829468,6.814365386962891
F[B-](F)(F)c1ccccc1,anion,fluorinated,-11.684613227844238,4.273853778839111
F[B-](F)F,anion,fluorinated,0.5228697657585144,4.764559268951416
F[P-](F)(F)(F)(F)F,anion,fluorinated,0.936087965965271,5.277336597442627
Ic1cc[n-]n1,anion,other,-5.039242744445801,3.161123752593994
N#CC(=C=[N-])C#N,anion,other,-5.307051658630371,-0.594216525554657
N#CN=C=[N-],anion,other,-4.487782955169678,0.04252377524971962
N#C[Au-]C#N,anion,other,-5.1901679039001465,-0.030215537175536156
N#C[B-](C#N)(C#N)C#N,anion,other,-6.416377067565918,-0.8965214490890503
N#C[C-](C#N)C#N,anion,other,-6.219807147979736,0.12417548149824142
N#C[N-]C#N,anion,other,-5.189271926879883,-0.017240013927221298
N#C[S-],anion,other,-3.7604269981384277,0.13191725313663483
N#Cc1ccc2cn[n-]c2c1,anion,other,-7.454401016235352,5.926971912384033
N#Cc1nc(C(F)(F)F)[n-]c1C#N,anion,fluorinated,-1.2544808387756348,5.622890472412109
NC(=O)CC(N)C(=O)[O-],anion,amino-acid,-4.606937408447266,-4.76149845123291
NC(=O)CCC(=O)[O-],anion,carboxylate,-0.3008447587490082,-6.061766147613525
NC(CCC(=O)O)C(=O)[O-],anion,amino-acid,-4.762988567352295,-4.893857955932617
NC(CO)C(=O)[O-],anion,amino-acid,-3.685393810272217,-4.457489013671875
NC(CS)C(=O)[O-],anion,amino-acid,-3.7617621421813965,-4.538637161254883
NC(Cc1ccccc1)C(=O)[O-],anion,amino-acid,-11.335918426513672,5.263761520385742
NCC(=O)[O-],anion,amino-acid,-1.6624454259872437,-3.991116762161255
NCCC(=O)[O-],anion,carboxylate,-0.7152417302131653,-5.052356243133545
NCCCCC(N)C(=O)[O-],anion,amino-acid,-5.535529613494873,-5.372957706451416
NCCS(=O)(=O)[O-],anion,sulfonate/sulfate,2.8458011150360107,-2.250823497772217
NS(=O)(=O)[O-],anion,sulfonate/sulfate,1.788941740989685,-0.6730392575263977
O=C(CF)OOB([O-])OOC(=O)CF,anion,fluorinated,0.4324059784412384,-4.256284713745117
O=C(O)c1ccccc1[O-],anion,other,-10.24893569946289,5.0381550788879395
O=C(O[B-](F)(F)OC(=O)C(F)(F)F)C(F)(F)F,anion,fluorinated,2.4783987998962402,9.679681777954102
O=C([O-])C(F)(F)C(F)(F)C(F)(F)C(F)(F)C(F)(F)C(F)(F)C(F)(F)C(F)(F)F,anion,fluorinated,5.060046195983887,12.592799186706543
O=C([O-])C(F)(F)C(F)(F)C(F)(F)C(F)(F)C(F)(F)C(F)(F)C(F)(F)F,anion,fluorinated,4.978893756866455,12.14068603515625
O=C([O-])C(F)(F)C(F)(F)C(F)(F)C(F)(F)F,anion,fluorinated,4.15305757522583,10.201493263244629
O=C([O-])C(F)(F)C(F)(F)C(F)(F)F,anion,fluorinated,3.8355865478515625,9.391186714172363
O=C([O-])C(F)(F)F,anion,fluorinated,2.7802679538726807,5.948375701904297
O=C([O-])C1CCCN1,anion,amino-acid,2.6987481117248535,2.020927667617798
O=C([O-])C=CC(=O)O,anion,carboxylate,-3.7458133697509766,-2.947422981262207
O=C([O-])CNCC(=O)O,anion,amino-acid,-0.9910559058189392,-6.5516204833984375
O=C([O-])CO,anion,carboxylate,-1.435936450958252,-3.47847843170166
O=C([O-])O,anion,other,-2.0078330039978027,-2.8035776615142822
O=C([O-])c1cccc(S(=O)(=O)O)c1,anion,carboxylate,-10.278735160827637,6.550286769866943
O=C([O-])c1ccccc1,anion,carboxylate,-10.870463371276855,5.39992094039917
O=C([O-])c1ccccc1O,anion,carboxylate,-10.309155464172363,5.193315029144287
O=C1O[B-]2(OC1=O)OC(=O)C(=O)O2,anion,other,0.15462413430213928,1.9640114307403564
O=C1[N-]S(=O)(=O)c2ccccc21,anion,other,-10.065789222717285,3.608302354812622
O=C[O-],anion,carboxylate,-1.9244152307510376,-0.7335413098335266
O=P([O-])(C(F)(F)C(F)(F)F)C(F)(F)C(F)(F)F,anion,fluorinated,4.52249813079834,10.717903137207031
O=P([O-])(O)O,anion,P-oxoanion,-0.7169527411460876,-1.7822582721710205
O=S(=O)(F)[N-]S(=O)(=O)F,anion,fluorinated,2.9746310710906982,-0.06398295611143112
O=S(=O)(N=S(=O)([O-])C(F)(F)F)C(F)(F)F,anion,fluorinated,5.241274356842041,8.197197914123535
O=S(=O)(N[SH](=O)([O-])C(F)(F)F)C(F)(F)F,anion,fluorinated,4.868550777435303,8.364691734313965
O=S(=O)([C-](S(=O)(=O)C(F)(F)F)S(=O)(=O)C(F)(F)F)C(F)(F)F,anion,fluorinated,6.530427932739258,9.341933250427246
O=S(=O)([CH-]S(=O)(=O)C(F)(F)F)C(F)(F)F,anion,fluorinated,5.779524803161621,8.045811653137207
O=S(=O)([N-]S(=O)(=O)C(F)(F)C(F)(F)F)C(F)(F)C(F)(F)F,anion,fluorinated,5.746684551239014,10.22780990600586
O=S(=O)([N-]S(=O)(=O)C(F)(F)F)C(F)(F)F,anion,fluorinated,5.793813228607178,8.411113739013672
O=S(=O)([O-])C(F)(F)C(F)(F)C(F)(F)C(F)(F)C(F)(F)C(F)(F)C(F)(F)C(F)(F)F,anion,fluorinated,5.206737995147705,12.618002891540527
O=S(=O)([O-])C(F)(F)C(F)(F)C(F)(F)C(F)(F)F,anion,fluorinated,4.843943119049072,9.989574432373047
O=S(=O)([O-])C(F)(F)C(F)C(F)(F)F,anion,fluorinated,4.2299699783325195,7.879105567932129
O=S(=O)([O-])C(F)(F)C(F)F,anion,fluorinated,3.7295429706573486,6.43281888961792
O=S(=O)([O-])C(F)(F)C(F)OC(F)(F)C(F)(F)F,anion,fluorinated,4.562037467956543,9.083215713500977
O=S(=O)([O-])C(F)(F)C(F)OC(F)(F)F,anion,fluorinated,4.217873573303223,7.820353984832764
O=S(=O)([O-])C(F)(F)F,anion,fluorinated,3.4972009658813477,6.250214099884033
O=S(=O)([O-])CC(O)CN1CCOCC1,anion,sulfonate/sulfate,-7.134915351867676,-3.2193634510040283
O=S(=O)([O-])CC(O)CNC(CO)(CO)CO,anion,sulfonate/sulfate,4.714992046356201,-3.3062102794647217
O=S(=O)([O-])CC(O)CNC1CCCCC1,anion,sulfonate/sulfate,3.6193745136260986,1.6239608526229858
O=S(=O)([O-])CCN(CCO)CCO,anion,sulfonate/sulfate,3.923931360244751,-3.354663133621216
O=S(=O)([O-])O,anion,sulfonate/sulfate,1.452178716659546,-0.6625553965568542
O=S(=O)([O-])c1ccccc1,anion,sulfonate/sulfate,-10.749151229858398,6.1052422523498535
O=S1(=O)N=C([O-])c2ccccc21,anion,other,-10.089736938476562,3.738881826400757
O=[N+]([O-])[O-],anion,other,-2.2242636680603027,-1.2052441835403442
O=[N+]([O-])c1cn[n-]c1,anion,other,-3.9886810779571533,4.645693778991699
O=[N+]([O-])c1cnc[n-]1,anion,other,-3.939117193222046,4.394984245300293
O=[Re](=O)(=O)[O-],anion,other,0.036631349474191666,0.279967337846756
[Br-],anion,other,-2.3709568977355957,0.15477094054222107
[Cl-],anion,other,-2.3709568977355957,0.15477094054222107
[I-],anion,other,-2.3709568977355957,0.15477094054222107
[N-]=C=C1C=CC=N1,anion,other,-4.951638698577881,2.1766982078552246
[N-]=[N+]=[N-],anion,other,-2.913555383682251,0.5558587312698364
[O-][Cl+3]([O-])([O-])[O-],anion,other,-2.974104404449463,-1.5824339389801025
[O-]c1ccccc1,anion,other,-10.93482780456543,4.925072193145752
[c-]1c[nH]nn1,anion,other,-2.294071912765503,2.3233389854431152
[c-]1nn[nH]n1,anion,other,-2.164365530014038,2.3640432357788086
c1c[n-]cn1,anion,other,-4.211065769195557,2.9302845001220703
c1ccc2c(c1)O[B-]1(O2)Oc2ccccc2O1,anion,other,-12.521446228027344,5.6194167137146
c1nnc[n-]1,anion,other,-3.772017240524292,2.857299327850342
