trial,cv_rmse,train_rmse,kernel_name,kernel_variance,likelihood_noise_variance,ls_env_0,ls_env_1,ls_structure
1,0.10089903403803793,0.06606737043648601,RationalQuadratic,0.007501336662013445,0.002252354290117326,34.33258483724731,3.023263429485401,17.97304371233189
2,0.22556129281318377,0.07975115892002453,RationalQuadratic,0.0007027226510862293,9.669674661762105e-06,27.77934028055771,2.7101707182655668,0.1591055829616769
3,0.2364115441514522,0.027255781681032886,RBF,0.0007769361662965087,2.3680229567028934e-05,2.9555846685991414,0.01970807025639509,0.03871249382938917
4,0.23571202222775325,0.23006324771260403,RationalQuadratic,2.3606652934208067e-06,0.003660219843505672,2.343223171434268,0.07061036687172366,0.41220255657706034
5,0.2362609663606167,0.13555719731548516,RBF,5.088845434071151e-05,0.00013494024570809586,0.14106695091696442,0.024354464379765937,1.0271054144739526
6,0.13824282213981096,0.024368737943704304,RBF,0.037586924596949,0.004347692337537334,0.5858326783434962,0.04406526989469989,10.445023972192205
7,0.2296484108217824,0.20620423523683665,RBF,0.00035866801277089597,0.01671439922867878,0.021231846602575623,97.26326397617618,6.256254093231762
8,0.2364115441514522,0.1955974237418918,RBF,5.076676910503877e-06,0.00012404694214954626,9.820714637468848,20.91021650264379,0.018077878085009113
9,22333.055834398518,26751.739908650605,RBF,0.10313814369957416,0.001095244254844288,0.016455515721318547,12.1765223538544,7.819763431394544
10,0.2272091776981609,0.08610502450973134,RationalQuadratic,0.00196938832352983,0.003649247622066469,0.5495305164437173,0.8360431152477957,0.19958576865376365
11,0.236775590959137,6.838600674766061,RationalQuadratic,0.06312342202678972,0.036710381081334634,0.11838563687273998,0.014623166653720763,0.013766189494922724
12,0.17508022903190917,0.13153043480810078,Matern52,1.9523683698292648e-05,9.481684531777352e-05,0.026261677766173205,2.7077560797962055,13.315311617253993
13,38.73315852793066,5723.068673530885,RationalQuadratic,0.012069385773565642,4.1034184753613464e-05,2.7315968067435987,8.320671979744693,0.13571996910787007
14,0.2364115441514522,0.12373856958469935,Matern32,0.006748418009901625,0.018796039493157238,0.022667696660035767,0.7389146265402617,0.018607657136529163
15,0.23641054909439863,0.23564500701620522,RationalQuadratic,3.6005073008404836e-06,0.04379846525818467,0.011705413494669255,41.96879910959461,0.08508295205866315
16,0.18617798189713158,0.13207195212998618,RBF,0.021198793636850427,0.00012164870320073471,0.06563522948575065,89.32002744434789,31.694976681927457
17,0.1849793337717919,0.16467297347593104,RationalQuadratic,3.6871176067088026e-05,0.0003565905990193981,18.534422420156663,18.04404368195234,33.81196571227632
18,0.23641153875577,0.2356516779410895,RBF,5.49392005043532e-06,0.04485060675627003,0.25277444941355776,0.025842127480407245,0.19943258818485687
19,0.2364087766944504,0.17028176799725064,Matern32,5.7894212501141295e-05,0.00025960787291199586,0.032531761800187756,25.085323471333357,0.09568727691338333
20,0.23430307214625148,0.16358717229000547,RBF,2.0618757737800136e-05,4.623919771174431e-05,80.16773083200302,7.115052124615942,0.6155940024079789
21,0.0869727579642671,0.04874563687059331,Matern52,0.002976227889492981,0.0012554754610873433,0.8281866151504969,0.24836630844105492,83.90927403637286
22,0.08188827233661541,0.044767176576829645,Matern52,0.004471012148528797,0.0010681651818934882,7.600560692001777,0.16275544895403177,86.18883219987154
23,0.08324805368718821,0.04524468483833677,Matern52,0.002771411696592115,0.000831678858278238,5.8919738033889555,0.12757003590098423,79.03163750752671
24,0.22687322947989785,0.09425805485531483,Matern52,0.00020225030004891265,0.0008562866575424148,6.277095835809722,0.12544879325861705,2.8373341129873326
25,0.11273315526472565,0.09532885389032214,Matern52,0.0018154998071896015,0.0090457618909191,72.52135283251845,0.3159010535181709,97.74510689804957
26,0.08163892093751407,0.03760565685460017,Matern52,0.004427707418189845,0.0004411776279023612,6.026145895477823,0.2862463926161851,62.33370673625205
27,0.21920582670684516,0.05859920720207386,Matern52,0.00021052998527038973,0.00036678870965596116,1.6220787965756758,0.365427292319068,3.2327479539413098
28,0.09321374163144575,0.03441518480433468,Matern52,0.02995266781713536,8.211274676013476e-06,8.778465571250363,1.2242357012947185,41.09402004065922
29,0.22968103012614796,0.05703415512156351,Matern52,0.006445107007973507,0.0018374419972885384,43.5581911670659,0.08014805207759507,2.297527222593722
30,0.09297355563352139,0.028238689125043133,Matern32,0.01129324539037822,0.0005559176195187321,1.3334179202726286,0.48429611925953175,21.56990031300202
31,0.10308268906082259,0.08237328668921724,Matern52,0.0007850054406686214,0.006672385903930191,16.482660531490836,1.5319323765276014,67.27015460307419
32,6364.205230932334,7722.011721536866,Matern52,0.0898943182560266,2.2815160130273432e-05,37.50797303944354,0.010620116673485475,20.33008942078866
33,0.20077202531280447,0.08706725174347671,Matern52,0.0004767107783205247,0.002412145992179623,3.6551869545177285,0.18114324303613172,4.60890638092803
34,0.23334772765603792,0.04924052853205156,Matern52,0.001076738810882903,0.00030258649060694513,16.48375099744623,0.06138187651021327,1.6462777466013852
35,0.08803079079341537,0.025178940806395926,Matern32,0.0037256225195556065,0.0001901074708775214,4.659497861217283,0.03566240448623861,49.41404516392271
36,0.12805863387442512,0.07321006061124419,Matern52,0.00013429780712173375,5.406369615371706e-05,0.290478361580961,1.95014448229318,14.656044187325769
37,3.9048393516217685,390.2690808172714,Matern52,0.017871732386780678,2.1246740834256008e-05,9.738432704690203,4.190732345820617,0.4067992684913288
38,0.23387634560728005,0.06808342387283682,Matern52,0.001244576569182149,0.0025900856352064124,1.9609745138565062,0.6460382055526616,1.1875116983662082
39,0.1404195266770814,0.031291923330641784,Matern32,0.048474247010007444,0.0005987931397401817,53.81409768074759,0.11192677128724855,7.95489035229103
40,0.23641154415121904,0.13506066587115045,Matern52,0.00046828309664365397,0.007094492259373632,24.70828977681483,0.22165630911300432,0.040584092054679534
41,0.10148435869535972,0.015330963496878838,Matern52,0.010176801509535083,7.742421554975546e-05,0.6793240258568926,0.04838986596402964,24.93412835509768
42,0.0952208845684946,0.010757750007158071,RationalQuadratic,0.025914363875880423,1.3309417487799823e-05,0.34481681434854333,0.01030464806081515,49.62007506811204
43,0.19321858339099401,0.0973168073998569,Matern52,0.004416365318628101,0.0014808125291816653,1.1220908275235772,4.238900244850123,5.207125241657557
44,0.23609924539652133,0.19440493628459476,Matern32,9.31264980084003e-05,0.012554863204839081,99.9847488670735,0.5767191603017056,0.6173729955755717
45,0.1410571852010857,0.02311474170177446,RBF,0.08409559532558686,0.004159074272392223,2.780832081256771,0.01793283199363949,10.067474963358473
46,0.1907179034394076,0.18731596160802108,RationalQuadratic,1.3841197816164476e-06,0.00047905113324128213,0.442650882053263,1.062864505522571,56.10880587991324
47,0.19135825114907673,0.17001812331797633,Matern52,0.0017159816917224511,0.028300913865337767,0.1266911927252014,0.02812329126191163,12.717614857773768
48,0.08300764020701487,0.041837953926574765,RBF,0.004911764184086877,0.00019205836541383005,22.86506276166724,0.07468273120710706,92.7011656689517
49,0.08764163946434714,0.03076101778932134,RationalQuadratic,0.04848202246349537,0.00018117551882934442,3.5623846751409443,0.43678302012786385,30.51012130475713
50,0.23541743889106312,0.021519275938620443,Matern32,0.015290006516233622,7.377736817563751e-05,13.536067967350297,0.1734918459875011,0.31278504395055273
51,0.17114321331133872,0.08080506636613466,Matern52,0.008304611938633685,0.003144012437963231,0.21840271364789096,2.106914628554362,6.879837778275212
52,0.2364115441514522,0.21863179770602548,RBF,1.1097016019121738e-05,0.0009127745036843203,0.06007692990277972,0.28691827239041295,0.01012068154946542
53,0.10363120275159929,0.03603070942536854,Matern52,0.0002520300618053783,6.249196505131207e-06,7.40188912278775,0.09658623178058691,16.72823041449297
54,0.23505786485630806,0.09171233748038687,RationalQuadratic,0.0005865188105050105,0.001747458923917263,11.573546021862722,0.04752242049554308,0.03863172729040751
55,0.21022074774300573,0.02148581595879028,Matern52,0.0024996170534517244,3.524736105823824e-05,4.9402983055503675,0.015032774895263085,4.030133033299963
56,0.23482771780706974,0.1327313866172124,Matern52,0.00032102868755802115,0.005229796181270646,2.272540304959931,0.9382987891821266,0.8523908482242918
57,0.23515554935540078,0.21137593848309982,RBF,9.637796206111666e-05,0.014082089243665023,27.51147521743089,10.103336579670962,1.9099775493107163
58,0.22063597129028464,0.1929852568692802,Matern32,0.0008753824275045449,0.026443215441516902,1.0307091286740298,54.53303287837752,9.634006875733045
59,0.10176852251420751,0.062477205921243194,Matern52,0.0015688160618004502,0.00011509884222477273,67.16574621424546,5.230628147030196,34.224643771749975
60,0.10537510030249171,0.09041443224299298,RationalQuadratic,3.1698140489947726e-05,0.00040502866450021634,1.5278441793446995,0.1680340564068024,64.66179819495133
61,0.10181307245799083,0.060177372238366014,Matern52,0.005782685461211974,0.0011901524237773527,98.34236537251128,2.7885788609783266,25.96676536074201
62,0.08749961607149774,0.0366308668670713,Matern52,0.03749976957698056,0.0006563540976516352,0.07775641257689199,1.2775080648686543,95.54709449309067
63,0.2337112860285019,0.13327404666999323,RBF,0.002467961839076343,0.00025105983167928255,0.8069011140175109,13.698802975913635,1.3765845236825807
64,0.21504685296580678,0.025655787518174766,Matern32,0.06547260767608679,3.298458209529101e-05,37.36554947048692,0.42771277881179814,3.1491778219232893
65,0.23641154358906183,0.10926406505712613,Matern52,0.003473576983169926,0.009894914658373449,7.474283799293285,0.031269859279659466,0.058388334033947914
66,0.0827299255366871,0.03712007075589766,RBF,0.014143608098479142,0.00016668558251026587,27.259986399794695,0.0629015885351384,98.22743984239891
67,0.089734570132461,0.03594620570841238,RBF,0.00776217760248117,0.00015272016144886945,52.65668524572861,0.06291900115771214,43.17345167395562
68,0.08371283604255357,0.034945745069371044,RBF,0.013955765061090896,9.073539701437932e-05,12.460112074289643,0.14659976128342772,82.049731152488
69,0.1095134947887297,0.02225087951719012,RBF,0.028565052492357308,0.0002599735633225991,3.850019675368547,0.019544328039869354,18.999916289114335
70,0.08279168930167685,0.03874868903016443,RBF,0.018525722366423712,0.0007261707657116974,5.348597667204007,0.21557871839023157,67.87250967092714
71,0.09664450376904633,0.030993000879315658,RBF,0.10354648080089095,6.027641090639811e-05,19.61330512243412,0.09079885813814226,35.82458350118324
72,0.0966573838405271,0.03747976402757298,RBF,0.009328149721623775,0.0004481764594374365,7.921173936891596,0.3400719337596119,25.091265785205312
73,0.1259991320773579,0.0347770653073392,RBF,0.0011486877889734627,1.762977633961511e-05,14.421616947342137,0.03859509241749171,11.9418304368342
74,0.0845566893778215,0.04068091531035763,Matern52,0.023544191156396603,0.0010012445567105235,30.389828484675654,0.623954357261965,57.1182678859466
75,0.11050793896728747,0.01928902626281733,RationalQuadratic,0.03964147420206296,0.0019288684301502327,2.079071881273542,0.012857458021619046,5.6417267414359955
76,0.09613989944650034,0.048347055704046446,Matern52,0.004465170255277301,0.0003214788109412885,48.0235873331486,0.02285231348455248,98.86244296355392
