ind,new_cation,new_anion,Experimental logEC50,group
313,C[N+]1(CCO)CCCCC1,O=S(=O)([N-]S(=O)(=O)C(F)(F)F)C(F)(F)F,3.65,C[N+]1(CCO)CCCCC1.O=S(=O)([N-]S(=O)(=O)C(F)(F)F)C(F)(F)F
81,C[N+]1(CC#N)CCCC1,[Cl-],4.23,C[N+]1(CC#N)CCCC1.[Cl-]
260,C[N+]1(CC#N)CCCCC1,O=S(=O)([N-]S(=O)(=O)C(F)(F)F)C(F)(F)F,4.0,C[N+]1(CC#N)CCCCC1.O=S(=O)([N-]S(=O)(=O)C(F)(F)F)C(F)(F)F
1,CCC[N+]1(C)CCCCC1,O=S(=O)([N-]S(=O)(=O)C(F)(F)F)C(F)(F)F,3.16,CCC[N+]1(C)CCCCC1.O=S(=O)([N-]S(=O)(=O)C(F)(F)F)C(F)(F)F
21,C[N+]1(Cc2ccccc2)CCOCC1,O=C([O-])C=CC(=O)O,3.35,C[N+]1(Cc2ccccc2)CCOCC1.O=C([O-])C=CC(=O)O
102,C[N+]1(Cc2ccccc2)CCOCC1,O=C1[N-]S(=O)(=O)c2ccccc21,3.5,C[N+]1(Cc2ccccc2)CCOCC1.O=C1[N-]S(=O)(=O)c2ccccc21
156,CCCCCCn1cc[n+](C)c1,O=C1[N-]S(=O)(=O)c2ccccc21,2.307496038,CCCCCCn1cc[n+](C)c1.O=C1[N-]S(=O)(=O)c2ccccc21
240,C[n+]1ccn(CCCCCCCCO)c1,[Br-],2.357934847,C[n+]1ccn(CCCCCCCCO)c1.[Br-]
323,CCCC[n+]1ccccc1,COS(=O)(=O)[O-],3.92,CCCC[n+]1ccccc1.COS(=O)(=O)[O-]
266,C[N+]1(CCCO)CCOCC1,O=S(=O)([N-]S(=O)(=O)C(F)(F)F)C(F)(F)F,3.53,C[N+]1(CCCO)CCOCC1.O=S(=O)([N-]S(=O)(=O)C(F)(F)F)C(F)(F)F
263,C[N+]1(C#N)CCOCC1,O=S(=O)([N-]S(=O)(=O)C(F)(F)F)C(F)(F)F,3.53,C[N+]1(C#N)CCOCC1.O=S(=O)([N-]S(=O)(=O)C(F)(F)F)C(F)(F)F
115,CCCC[n+]1cccc(C)c1,[Cl-],3.86,CCCC[n+]1cccc(C)c1.[Cl-]
319,CCCC[n+]1ccc(N(C)C)cc1,[Cl-],1.94,CCCC[n+]1ccc(N(C)C)cc1.[Cl-]
326,CCCC[N+]1(C)CCCC1,O=S(=O)([N-]S(=O)(=O)C(F)(F)F)C(F)(F)F,3.01,CCCC[N+]1(C)CCCC1.O=S(=O)([N-]S(=O)(=O)C(F)(F)F)C(F)(F)F
234,CCCC[n+]1ccccc1C,F[B-](F)(F)F,3.25,CCCC[n+]1ccccc1C.F[B-](F)(F)F
183,CCCC[N+]1(C)CCCCC1,O=S(=O)([N-]S(=O)(=O)C(F)(F)F)C(F)(F)F,3.41,CCCC[N+]1(C)CCCCC1.O=S(=O)([N-]S(=O)(=O)C(F)(F)F)C(F)(F)F
262,CCCC[N+]1(C)CCCCC1,[Br-],4.03,CCCC[N+]1(C)CCCCC1.[Br-]
223,CCCCCCOC[n+]1cccc(O)c1,CC1=CC(=O)[N-]S(=O)(=O)O1,3.4,CCCCCCOC[n+]1cccc(O)c1.CC1=CC(=O)[N-]S(=O)(=O)O1
189,CCOC[n+]1ccccc1,[Cl-],3.32,CCOC[n+]1ccccc1.[Cl-]
63,CCOCC[N+](C)(C)CC,O=S(=O)([N-]S(=O)(=O)C(F)(F)F)C(F)(F)F,3.27,CCOCC[N+](C)(C)CC.O=S(=O)([N-]S(=O)(=O)C(F)(F)F)C(F)(F)F
283,COC(C)Cn1cc[n+](C)c1,O=S(=O)([N-]S(=O)(=O)C(F)(F)F)C(F)(F)F,3.342422681,COC(C)Cn1cc[n+](C)c1.O=S(=O)([N-]S(=O)(=O)C(F)(F)F)C(F)(F)F
285,CCCCn1cc[n+](CC)c1,O=C([O-])C(F)(F)F,3.31386722,CCCCn1cc[n+](CC)c1.O=C([O-])C(F)(F)F
174,CCCCCCn1cc[n+](C)c1,F[B-](F)(F)F,2.980003372,CCCCCCn1cc[n+](C)c1.F[B-](F)(F)F
95,CC[N+](C)(C)CCCOC,[Cl-],4.9,CC[N+](C)(C)CCCOC.[Cl-]
259,CCCCCCCCn1cc[n+](C)c1,F[P-](F)(F)(F)(F)F,1.96,CCCCCCCCn1cc[n+](C)c1.F[P-](F)(F)(F)(F)F
243,C[N+]1(Cc2ccccc2)CCOCC1,O=C[O-],4.1,C[N+]1(Cc2ccccc2)CCOCC1.O=C[O-]
165,CCCC[n+]1cccc2ccccc21,[Br-],2.32,CCCC[n+]1cccc2ccccc21.[Br-]
20,CCCCCCCCn1cc[n+](C)c1,CCCCCCCCOS(=O)(=O)[O-],1.525044807,CCCCCCCCn1cc[n+](C)c1.CCCCCCCCOS(=O)(=O)[O-]
35,CCCCn1cc[n+](C)c1,CS(=O)(=O)[O-],3.511883361,CCCCn1cc[n+](C)c1.CS(=O)(=O)[O-]
212,CCCC[N+](C)(C)CC,[Cl-],4.6,CCCC[N+](C)(C)CC.[Cl-]
140,CCCCn1cc[n+](C)c1,CCCCCCCCOS(=O)(=O)[O-],3.225309282,CCCCn1cc[n+](C)c1.CCCCCCCCOS(=O)(=O)[O-]
171,CCCCCCn1cc[n+](CC)c1,[Br-],2.01,CCCCCCn1cc[n+](CC)c1.[Br-]
90,CCCCCCCC[N+]1(C)CCCC1,[Cl-],2.59,CCCCCCCC[N+]1(C)CCCC1.[Cl-]
228,COCC[n+]1ccccc1,[Cl-],4.6,COCC[n+]1ccccc1.[Cl-]
75,CCOC(=O)C[N+](C)(C)CC,O=S(=O)([N-]S(=O)(=O)C(F)(F)F)C(F)(F)F,3.53,CCOC(=O)C[N+](C)(C)CC.O=S(=O)([N-]S(=O)(=O)C(F)(F)F)C(F)(F)F
252,C[n+]1ccn(CCCCO)c1,[Cl-],3.78,C[n+]1ccn(CCCCO)c1.[Cl-]
50,CCCC[N+]1(C)CCCC1,[Cl-],4.6,CCCC[N+]1(C)CCCC1.[Cl-]
322,CCCC[n+]1ccc(C)cc1,N#C[B-](C#N)(C#N)C#N,2.88,CCCC[n+]1ccc(C)cc1.N#C[B-](C#N)(C#N)C#N
213,CCn1cc[n+](C)c1,CCOS(=O)(=O)[O-],3.928395852,CCn1cc[n+](C)c1.CCOS(=O)(=O)[O-]
201,CC[N+](C)(C)CCCOC,O=S(=O)([N-]S(=O)(=O)C(F)(F)F)C(F)(F)F,3.54,CC[N+](C)(C)CCCOC.O=S(=O)([N-]S(=O)(=O)C(F)(F)F)C(F)(F)F
4,C[N+]1(CC#N)CCCCC1,[Cl-],4.58,C[N+]1(CC#N)CCCCC1.[Cl-]
163,CCCCCCCC[n+]1cccc(C)c1,[Cl-],1.47,CCCCCCCC[n+]1cccc(C)c1.[Cl-]
76,CCCn1cc[n+](CC)c1,[Br-],3.6,CCCn1cc[n+](CC)c1.[Br-]
317,CCOC[n+]1ccccc1,O=S(=O)([N-]S(=O)(=O)C(F)(F)F)C(F)(F)F,3.12,CCOC[n+]1ccccc1.O=S(=O)([N-]S(=O)(=O)C(F)(F)F)C(F)(F)F
31,CCn1cc[n+](C)c1,O=S(=O)([O-])C(F)(F)F,4.09,CCn1cc[n+](C)c1.O=S(=O)([O-])C(F)(F)F
125,CCn1cc[n+](C)c1,O=S(=O)([O-])C(F)(F)F,4.086359831,CCn1cc[n+](C)c1.O=S(=O)([O-])C(F)(F)F
275,CC[N+](C)(C)CCCO,O=S(=O)([N-]S(=O)(=O)C(F)(F)F)C(F)(F)F,3.83,CC[N+](C)(C)CCCO.O=S(=O)([N-]S(=O)(=O)C(F)(F)F)C(F)(F)F
130,CCCCCC[n+]1ccn(C)c1C,F[B-](F)(F)F,1.9,CCCCCC[n+]1ccn(C)c1C.F[B-](F)(F)F
249,CCCC[n+]1ccc(C)c(C)c1,[Cl-],3.05,CCCC[n+]1ccc(C)c(C)c1.[Cl-]
177,CCCC[n+]1ccc(C)cc1,F[B-](F)(F)F,2.98,CCCC[n+]1ccc(C)cc1.F[B-](F)(F)F
159,CCn1cc[n+](C)c1,N#C[B-](C#N)(C#N)C#N,3.5,CCn1cc[n+](C)c1.N#C[B-](C#N)(C#N)C#N
68,CCCCn1cc[n+](CC)c1,F[B-](F)(F)F,3.257678575,CCCCn1cc[n+](CC)c1.F[B-](F)(F)F
168,CCn1cc[n+](C)c1,O=C1O[B-]2(OC1=O)OC(=O)C(=O)O2,2.93,CCn1cc[n+](C)c1.O=C1O[B-]2(OC1=O)OC(=O)C(=O)O2
149,CCCC[n+]1ccccc1,[Cl-],3.77,CCCC[n+]1ccccc1.[Cl-]
222,COCCCn1cc[n+](C)c1,[Cl-],4.79,COCCCn1cc[n+](C)c1.[Cl-]
305,C[N+]1(Cc2ccccc2)CCOCC1,COCC(=O)[O-],3.9,C[N+]1(Cc2ccccc2)CCOCC1.COCC(=O)[O-]
87,CCCCCCCCC=CCCCCCCCC1=[N+](CC)CCN1CCO,CCOS(=O)(=O)[O-],0.068185862,CCCCCCCCC=CCCCCCCCC1=[N+](CC)CCN1CCO.CCOS(=O)(=O)[O-]
226,CCCOC[n+]1cccc(O)c1,CC1=CC(=O)[N-]S(=O)(=O)O1,3.5,CCCOC[n+]1cccc(O)c1.CC1=CC(=O)[N-]S(=O)(=O)O1
307,C[N+]1(Cc2ccccc2)CCOCC1,CCCCCCCC(=O)[O-],3.22,C[N+]1(Cc2ccccc2)CCOCC1.CCCCCCCC(=O)[O-]
73,CCn1cc[n+](C)c1,COCCOCCOS(=O)(=O)[O-],3.845718018,CCn1cc[n+](C)c1.COCCOCCOS(=O)(=O)[O-]
145,CCCCCCCC[n+]1ccccc1,[Cl-],1.27,CCCCCCCC[n+]1ccccc1.[Cl-]
109,C[n+]1ccn(CCO)c1,F[B-](F)(F)F,3.482873584,C[n+]1ccn(CCO)c1.F[B-](F)(F)F
101,CCCCCCCC[n+]1cccc2ccccc21,F[B-](F)(F)F,0.17,CCCCCCCC[n+]1cccc2ccccc21.F[B-](F)(F)F
0,CCCCn1cc[n+](C)c1,N#C[N-]C#N,3.15,CCCCn1cc[n+](C)c1.N#C[N-]C#N
153,CCCCn1cc[n+](C)c1,COCCOCCOS(=O)(=O)[O-],3.15,CCCCn1cc[n+](C)c1.COCCOCCOS(=O)(=O)[O-]
173,CCCCn1cc[n+](C)c1,COCCOCCOS(=O)(=O)[O-],3.158362492,CCCCn1cc[n+](C)c1.COCCOCCOS(=O)(=O)[O-]
70,CCCCn1cc[n+](C)c1,F[B-](F)(F)F,3.11,CCCCn1cc[n+](C)c1.F[B-](F)(F)F
74,CCCCn1cc[n+](C)c1,F[B-](F)(F)F,3.230448921,CCCCn1cc[n+](C)c1.F[B-](F)(F)F
297,CC[N+]1(C)CCOCC1,Cc1ccc(S(=O)(=O)[O-])cc1,3.81,CC[N+]1(C)CCOCC1.Cc1ccc(S(=O)(=O)[O-])cc1
210,CCOC(=O)C[N+](C)(C)CC,[Br-],3.85,CCOC(=O)C[N+](C)(C)CC.[Br-]
36,OCC[NH+](CCO)CCO,CCCCC(=O)[O-],3.530199698,OCC[NH+](CCO)CCO.CCCCC(=O)[O-]
276,[NH3+]CCO,O=C[O-],4.15,[NH3+]CCO.O=C[O-]
208,Cc1ccc(Cn2cc[n+](C)c2)cc1,F[P-](F)(F)(F)(F)F,2.663700925,Cc1ccc(Cn2cc[n+](C)c2)cc1.F[P-](F)(F)(F)(F)F
154,CCCCCCCCCCCCCC[P+](CCCCCC)(CCCCCC)CCCCCC,O=S(=O)([N-]S(=O)(=O)C(F)(F)F)C(F)(F)F,0.24,CCCCCCCCCCCCCC[P+](CCCCCC)(CCCCCC)CCCCCC.O=S(=O)([N-]S(=O)(=O)C(F)(F)F)C(F)(F)F
142,CCOC[N+]1(C)CCCC1,[Cl-],3.05,CCOC[N+]1(C)CCCC1.[Cl-]
270,CCCCCCCCCC[N+](C)(C)Cc1ccccc1,[Cl-],0.64,CCCCCCCCCC[N+](C)(C)Cc1ccccc1.[Cl-]
333,CCCCCCCCCC[N+](C)(C)Cc1ccccc1,[Cl-],0.65,CCCCCCCCCC[N+](C)(C)Cc1ccccc1.[Cl-]
143,CCCCCCCCCCCCCCCCn1cc[n+](C)c1,[Cl-],-0.24,CCCCCCCCCCCCCCCCn1cc[n+](C)c1.[Cl-]
248,CCCCCCCCCCCCCCCCn1cc[n+](C)c1,[Cl-],-0.240332155,CCCCCCCCCCCCCCCCn1cc[n+](C)c1.[Cl-]
332,CCCC[n+]1ccn(CC)c1,F[B-](F)(F)F,3.26,CCCC[n+]1ccn(CC)c1.F[B-](F)(F)F
17,CCCC[N+]1(C)CCOCC1,O=S(=O)([N-]S(=O)(=O)C(F)(F)F)C(F)(F)F,3.43,CCCC[N+]1(C)CCOCC1.O=S(=O)([N-]S(=O)(=O)C(F)(F)F)C(F)(F)F
117,CCCn1cc[n+](C)c1,F[P-](F)(F)(F)(F)F,3.3,CCCn1cc[n+](C)c1.F[P-](F)(F)(F)(F)F
320,COCCC[n+]1ccccc1,[Cl-],4.6,COCCC[n+]1ccccc1.[Cl-]
166,CCCCCCCCn1cc[n+](C)c1,[Cl-],2.0,CCCCCCCCn1cc[n+](C)c1.[Cl-]
280,CCCCCCCCn1cc[n+](C)c1,[Cl-],2.012837225,CCCCCCCCn1cc[n+](C)c1.[Cl-]
114,C[N+]1(Cc2ccccc2)CCOCC1,CCC(CC)C(=O)[O-],4.13,C[N+]1(Cc2ccccc2)CCOCC1.CCC(CC)C(=O)[O-]
79,CCOCCn1cc[n+](C)c1,[Br-],4.139879086,CCOCCn1cc[n+](C)c1.[Br-]
221,CCCC[N+]1(C)CCOCC1,[Br-],4.6,CCCC[N+]1(C)CCOCC1.[Br-]
308,C[N+]1(Cc2ccccc2)CCOCC1,O=C([O-])c1ccccc1O,2.9,C[N+]1(Cc2ccccc2)CCOCC1.O=C([O-])c1ccccc1O
89,CCCCCCCC[n+]1ccc(C)cc1,[Cl-],2.97,CCCCCCCC[n+]1ccc(C)cc1.[Cl-]
178,CCCCCCCC[n+]1ccc(C)cc1,[Cl-],1.63,CCCCCCCC[n+]1ccc(C)cc1.[Cl-]
97,Cn1cc[n+](CCCO)c1,[Cl-],3.09,Cn1cc[n+](CCCO)c1.[Cl-]
207,CCCCCCCCCn1cc[n+](C)c1,[Cl-],1.399673721,CCCCCCCCCn1cc[n+](C)c1.[Cl-]
170,COCCCn1cc[n+](C)c1,O=S(=O)([N-]S(=O)(=O)C(F)(F)F)C(F)(F)F,3.342422681,COCCCn1cc[n+](C)c1.O=S(=O)([N-]S(=O)(=O)C(F)(F)F)C(F)(F)F
147,CCOCC[n+]1ccccc1,O=S(=O)([N-]S(=O)(=O)C(F)(F)F)C(F)(F)F,3.26,CCOCC[n+]1ccccc1.O=S(=O)([N-]S(=O)(=O)C(F)(F)F)C(F)(F)F
42,CC[S+](CC)CC,[Br-],3.4,CC[S+](CC)CC.[Br-]
238,COCCC[N+]1(C)CCCCC1,O=S(=O)([N-]S(=O)(=O)C(F)(F)F)C(F)(F)F,3.27,COCCC[N+]1(C)CCCCC1.O=S(=O)([N-]S(=O)(=O)C(F)(F)F)C(F)(F)F
53,CCCCCCCOC[n+]1cccc(O)c1,[Cl-],3.0,CCCCCCCOC[n+]1cccc(O)c1.[Cl-]
146,CCCOC[n+]1cccc(O)c1,[Cl-],2.9,CCCOC[n+]1cccc(O)c1.[Cl-]
135,CCOCC[NH+](C)C,[Cl-],4.6,CCOCC[NH+](C)C.[Cl-]
121,CCCn1cc[n+](C)c1,F[B-](F)(F)F,3.45484486,CCCn1cc[n+](C)c1.F[B-](F)(F)F
126,CCCn1cc[n+](C)c1,F[B-](F)(F)F,3.45,CCCn1cc[n+](C)c1.F[B-](F)(F)F
72,CCOC(=O)C[N+]1(C)CCCC1,[Br-],3.844477176,CCOC(=O)C[N+]1(C)CCCC1.[Br-]
167,CCCCCCCC[n+]1ccc(C)cc1,F[B-](F)(F)F,1.49,CCCCCCCC[n+]1ccc(C)cc1.F[B-](F)(F)F
206,CCOCCn1cc[n+](C)c1,O=S(=O)([N-]S(=O)(=O)C(F)(F)F)C(F)(F)F,3.181843588,CCOCCn1cc[n+](C)c1.O=S(=O)([N-]S(=O)(=O)C(F)(F)F)C(F)(F)F
129,CCCC[n+]1ccccc1,[Br-],3.9,CCCC[n+]1ccccc1.[Br-]
324,CCCCOC[n+]1cccc(O)c1,CC1=CC(=O)[N-]S(=O)(=O)O1,3.7,CCCCOC[n+]1cccc(O)c1.CC1=CC(=O)[N-]S(=O)(=O)O1
48,CCCCCC[n+]1ccccc1,O=S(=O)([N-]S(=O)(=O)C(F)(F)F)C(F)(F)F,2.87,CCCCCC[n+]1ccccc1.O=S(=O)([N-]S(=O)(=O)C(F)(F)F)C(F)(F)F
66,CCCCCCn1cc[n+](C)c1C,F[B-](F)(F)F,1.9,CCCCCCn1cc[n+](C)c1C.F[B-](F)(F)F
198,CCn1cc[n+](C)c1,[Cl-],3.86,CCn1cc[n+](C)c1.[Cl-]
180,CCCC[P+](CCCC)(CCCC)CCCC,c1ccc2c(c1)O[B-]1(O2)Oc2ccccc2O1,1.32,CCCC[P+](CCCC)(CCCC)CCCC.c1ccc2c(c1)O[B-]1(O2)Oc2ccccc2O1
19,CCCCCC[n+]1ccc(N(C)C)cc1,[Cl-],0.93,CCCCCC[n+]1ccc(N(C)C)cc1.[Cl-]
251,CCCCCCCCCCCCCC[N+](C)(C)Cc1ccccc1,[Cl-],0.16,CCCCCCCCCCCCCC[N+](C)(C)Cc1ccccc1.[Cl-]
119,C[n+]1ccn(CCCCCCCC(=O)O)c1,[Br-],3.78,C[n+]1ccn(CCCCCCCC(=O)O)c1.[Br-]
11,OCC[n+]1ccccc1,O=S(=O)([N-]S(=O)(=O)C(F)(F)F)C(F)(F)F,3.79,OCC[n+]1ccccc1.O=S(=O)([N-]S(=O)(=O)C(F)(F)F)C(F)(F)F
258,CCCOC[n+]1cccc(O)c1,O=C1[N-]S(=O)(=O)c2ccccc21,3.6,CCCOC[n+]1cccc(O)c1.O=C1[N-]S(=O)(=O)c2ccccc21
216,CCOCn1cc[n+](C)c1,[Cl-],3.603144373,CCOCn1cc[n+](C)c1.[Cl-]
160,CCOCC[N+](C)(C)CC,[Cl-],4.6,CCOCC[N+](C)(C)CC.[Cl-]
85,C[N+]1(CCO)CCOCC1,O=S(=O)([N-]S(=O)(=O)C(F)(F)F)C(F)(F)F,3.18,C[N+]1(CCO)CCOCC1.O=S(=O)([N-]S(=O)(=O)C(F)(F)F)C(F)(F)F
164,CCCCC[n+]1ccccc1,[Br-],3.15,CCCCC[n+]1ccccc1.[Br-]
99,CCCCCC[n+]1ccc(C)cc1,[Cl-],2.67,CCCCCC[n+]1ccc(C)cc1.[Cl-]
202,N#CC[n+]1ccccc1,[Cl-],3.79,N#CC[n+]1ccccc1.[Cl-]
278,CC[N+](CC)(CC)CC,[Cl-],3.78,CC[N+](CC)(CC)CC.[Cl-]
247,[NH3+]CCCO,CCCC(=O)[O-],3.260071388,[NH3+]CCCO.CCCC(=O)[O-]
321,CCCC[n+]1cc(C)cc(C)c1,[Cl-],3.42,CCCC[n+]1cc(C)cc(C)c1.[Cl-]
267,COCCn1cc[n+](C)c1,O=S(=O)([N-]S(=O)(=O)C(F)(F)F)C(F)(F)F,3.250420002,COCCn1cc[n+](C)c1.O=S(=O)([N-]S(=O)(=O)C(F)(F)F)C(F)(F)F
253,C[n+]1ccn(CCCC(=O)O)c1,[Cl-],3.78,C[n+]1ccn(CCCC(=O)O)c1.[Cl-]
111,CCCCn1cc[n+](C)c1,[Br-],3.426511261,CCCCn1cc[n+](C)c1.[Br-]
330,CCCCn1cc[n+](C)c1,[Br-],3.43,CCCCn1cc[n+](C)c1.[Br-]
288,CCCCn1cc[n+](C)c1,N#C[S-],3.416640507,CCCCn1cc[n+](C)c1.N#C[S-]
133,CN(C)c1cc[n+](C)cc1,[I-],2.89,CN(C)c1cc[n+](C)cc1.[I-]
113,CCCCCCn1cc[n+](C)c1,O=S1(=O)N=C([O-])c2ccccc21,2.29,CCCCCCn1cc[n+](C)c1.O=S1(=O)N=C([O-])c2ccccc21
155,CCCC[n+]1ccccc1,F[B-](F)(F)F,3.16,CCCC[n+]1ccccc1.F[B-](F)(F)F
318,CCCC[n+]1ccccc1,F[B-](F)(F)F,3.6,CCCC[n+]1ccccc1.F[B-](F)(F)F
106,CCCCn1cc[n+](C)c1,O=S(=O)([O-])O,3.28780173,CCCCn1cc[n+](C)c1.O=S(=O)([O-])O
5,C[n+]1ccn(Cc2ccccc2)c1,F[B-](F)(F)F,2.97,C[n+]1ccn(Cc2ccccc2)c1.F[B-](F)(F)F
268,C[n+]1ccn(Cc2ccccc2)c1,F[B-](F)(F)F,2.974050903,C[n+]1ccn(Cc2ccccc2)c1.F[B-](F)(F)F
199,CCCCn1cc[n+](C)c1,FC(F)(F)C(F)(F)[P-](F)(F)(F)(C(F)(F)C(F)(F)F)C(F)(F)C(F)(F)F,1.374748346,CCCCn1cc[n+](C)c1.FC(F)(F)C(F)(F)[P-](F)(F)(F)(C(F)(F)C(F)(F)F)C(F)(F)C(F)(F)F
54,C[N+]1(Cc2ccccc2)CCOCC1,CC(O)C(=O)[O-],4.3,C[N+]1(Cc2ccccc2)CCOCC1.CC(O)C(=O)[O-]
236,C[n+]1ccn(Cc2ccccc2)c1,F[P-](F)(F)(F)(F)F,3.3,C[n+]1ccn(Cc2ccccc2)c1.F[P-](F)(F)(F)(F)F
58,C[N+]1(Cc2ccccc2)CCOCC1,CCCCCCCCCCCCOS(=O)(=O)[O-],2.4,C[N+]1(Cc2ccccc2)CCOCC1.CCCCCCCCCCCCOS(=O)(=O)[O-]
62,C[N+](C)(C)CCO,CC(O)C(=O)[O-],4.6,C[N+](C)(C)CCO.CC(O)C(=O)[O-]
284,COC(C)Cn1cc[n+](C)c1,[Cl-],4.49,COC(C)Cn1cc[n+](C)c1.[Cl-]
245,CCCCCCCCCCn1cc[n+](CC)c1,[Br-],0.53,CCCCCCCCCCn1cc[n+](CC)c1.[Br-]
46,CCCC[n+]1cccc2ccccc21,F[B-](F)(F)F,2.16,CCCC[n+]1cccc2ccccc21.F[B-](F)(F)F
229,COCCC[N+]1(C)CCOCC1,[Cl-],4.6,COCCC[N+]1(C)CCOCC1.[Cl-]
227,OCC[NH2+]CCO,CCCC(=O)[O-],3.245512668,OCC[NH2+]CCO.CCCC(=O)[O-]
30,COCC[N+]1(C)CCCC1,[Cl-],4.6,COCC[N+]1(C)CCCC1.[Cl-]
316,OCC[n+]1ccccc1,[I-],4.16,OCC[n+]1ccccc1.[I-]
298,COCC[N+]1(C)CCOCC1,O=S(=O)([N-]S(=O)(=O)C(F)(F)F)C(F)(F)F,3.81,COCC[N+]1(C)CCOCC1.O=S(=O)([N-]S(=O)(=O)C(F)(F)F)C(F)(F)F
310,CCCC[P+](CCCC)(CCCC)CCCC,[Br-],1.66,CCCC[P+](CCCC)(CCCC)CCCC.[Br-]
32,CCCCCC[n+]1ccccc1,F[P-](F)(F)(F)(F)F,2.51,CCCCCC[n+]1ccccc1.F[P-](F)(F)(F)(F)F
257,CCCCCCCCCCCCCCCCCCn1cc[n+](C)c1,[Cl-],0.012837225,CCCCCCCCCCCCCCCCCCn1cc[n+](C)c1.[Cl-]
91,CCCCC[n+]1ccccc1,O=S(=O)([N-]S(=O)(=O)C(F)(F)F)C(F)(F)F,2.85,CCCCC[n+]1ccccc1.O=S(=O)([N-]S(=O)(=O)C(F)(F)F)C(F)(F)F
9,CCCCn1cc[n+](C)c1,[Cl-],3.553883027,CCCCn1cc[n+](C)c1.[Cl-]
214,CCCCn1cc[n+](C)c1,[Cl-],3.55,CCCCn1cc[n+](C)c1.[Cl-]
312,C[N+]1(CCCO)CCCCC1,O=S(=O)([N-]S(=O)(=O)C(F)(F)F)C(F)(F)F,3.63,C[N+]1(CCCO)CCCCC1.O=S(=O)([N-]S(=O)(=O)C(F)(F)F)C(F)(F)F
138,O=S(=O)(O)CCC[n+]1ccccc1,O=S(=O)([O-])C(F)(F)F,3.9,O=S(=O)(O)CCC[n+]1ccccc1.O=S(=O)([O-])C(F)(F)F
254,CCCC[N+](C)(C)CC,O=S(=O)([N-]S(=O)(=O)C(F)(F)F)C(F)(F)F,3.53,CCCC[N+](C)(C)CC.O=S(=O)([N-]S(=O)(=O)C(F)(F)F)C(F)(F)F
241,CCCC[n+]1ccccc1C,[Cl-],3.75,CCCC[n+]1ccccc1C.[Cl-]
325,CCCCCCCOC[n+]1cccc(O)c1,O=C1[N-]S(=O)(=O)c2ccccc21,3.0,CCCCCCCOC[n+]1cccc(O)c1.O=C1[N-]S(=O)(=O)c2ccccc21
314,CCOCC[N+]1(C)CCCCC1,[Br-],4.31,CCOCC[N+]1(C)CCCCC1.[Br-]
2,CCCCn1cc[n+](C)c1,COS(=O)(=O)[O-],3.212187604,CCCCn1cc[n+](C)c1.COS(=O)(=O)[O-]
327,CCOCC[N+]1(C)CCCC1,O=S(=O)([N-]S(=O)(=O)C(F)(F)F)C(F)(F)F,3.2,CCOCC[N+]1(C)CCCC1.O=S(=O)([N-]S(=O)(=O)C(F)(F)F)C(F)(F)F
132,CCCC[n+]1ccc(C)cc1,[Cl-],3.32,CCCC[n+]1ccc(C)cc1.[Cl-]
151,CCCCCC[n+]1ccc(N(C)C)cc1,O=S(=O)([N-]S(=O)(=O)C(F)(F)F)C(F)(F)F,0.93,CCCCCC[n+]1ccc(N(C)C)cc1.O=S(=O)([N-]S(=O)(=O)C(F)(F)F)C(F)(F)F
273,CC[N+](C)(C)CCOC,[Cl-],4.6,CC[N+](C)(C)CCOC.[Cl-]
93,CCCCCC[n+]1cccc2ccccc21,F[B-](F)(F)F,1.07,CCCCCC[n+]1cccc2ccccc21.F[B-](F)(F)F
56,CCCCCC[n+]1ccc(C)cc1,F[B-](F)(F)F,2.17,CCCCCC[n+]1ccc(C)cc1.F[B-](F)(F)F
204,CC(=O)OCC[N+]1(C)CCCC1,FC(F)(F)C(F)(F)[P-](F)(F)(F)(C(F)(F)C(F)(F)F)C(F)(F)C(F)(F)F,2.91,CC(=O)OCC[N+]1(C)CCCC1.FC(F)(F)C(F)(F)[P-](F)(F)(F)(C(F)(F)C(F)(F)F)C(F)(F)C(F)(F)F
60,CCC[n+]1ccccc1,O=S(=O)([N-]S(=O)(=O)C(F)(F)F)C(F)(F)F,3.2,CCC[n+]1ccccc1.O=S(=O)([N-]S(=O)(=O)C(F)(F)F)C(F)(F)F
190,CCCCCCn1cc[n+](C)c1,O=S(=O)([N-]S(=O)(=O)C(F)(F)F)C(F)(F)F,2.243038049,CCCCCCn1cc[n+](C)c1.O=S(=O)([N-]S(=O)(=O)C(F)(F)F)C(F)(F)F
205,CCCCCCn1cc[n+](C)c1,O=S(=O)([N-]S(=O)(=O)C(F)(F)F)C(F)(F)F,2.24,CCCCCCn1cc[n+](C)c1.O=S(=O)([N-]S(=O)(=O)C(F)(F)F)C(F)(F)F
43,CCOCC[N+]1(C)CCCC1,[Br-],4.6,CCOCC[N+]1(C)CCCC1.[Br-]
14,CCCCn1cc[n+](C)c1,O=S(=O)([N-]S(=O)(=O)C(F)(F)F)C(F)(F)F,2.68,CCCCn1cc[n+](C)c1.O=S(=O)([N-]S(=O)(=O)C(F)(F)F)C(F)(F)F
127,CCCCn1cc[n+](C)c1,O=S(=O)([N-]S(=O)(=O)C(F)(F)F)C(F)(F)F,2.682145076,CCCCn1cc[n+](C)c1.O=S(=O)([N-]S(=O)(=O)C(F)(F)F)C(F)(F)F
92,CCCCCCCn1cc[n+](C)c1,F[P-](F)(F)(F)(F)F,2.3,CCCCCCCn1cc[n+](C)c1.F[P-](F)(F)(F)(F)F
232,CC[N+](C)(C)CCOC,O=S(=O)([N-]S(=O)(=O)C(F)(F)F)C(F)(F)F,3.3,CC[N+](C)(C)CCOC.O=S(=O)([N-]S(=O)(=O)C(F)(F)F)C(F)(F)F
144,CCCCCCCCCCn1cc[n+](CCCCCCCCCC)c1C,O=S(=O)([N-]S(=O)(=O)C(F)(F)F)C(F)(F)F,-0.128427064,CCCCCCCCCCn1cc[n+](CCCCCCCCCC)c1C.O=S(=O)([N-]S(=O)(=O)C(F)(F)F)C(F)(F)F
187,CC[N+](C)(C)CC#N,O=S(=O)([N-]S(=O)(=O)C(F)(F)F)C(F)(F)F,3.86,CC[N+](C)(C)CC#N.O=S(=O)([N-]S(=O)(=O)C(F)(F)F)C(F)(F)F
104,CCCC[n+]1ccc(C)cc1,F[P-](F)(F)(F)(F)F,3.3,CCCC[n+]1ccc(C)cc1.F[P-](F)(F)(F)(F)F
122,CCCC[n+]1ccc(C)c(C)c1,F[B-](F)(F)F,3.02,CCCC[n+]1ccc(C)c(C)c1.F[B-](F)(F)F
255,CCCCCCCC[N+]1(C)CCCC1,F[B-](F)(F)F,1.82,CCCCCCCC[N+]1(C)CCCC1.F[B-](F)(F)F
239,OCC[NH2+]CCO,CCC(=O)[O-],3.767155866,OCC[NH2+]CCO.CCC(=O)[O-]
161,CCCCCCCn1cc[n+](C)c1,F[B-](F)(F)F,2.58,CCCCCCCn1cc[n+](C)c1.F[B-](F)(F)F
328,CCCCCC[N+]1(CCCCCC)CCCC1,F[B-](F)(F)F,1.23,CCCCCC[N+]1(CCCCCC)CCCC1.F[B-](F)(F)F
192,CCCCCCCCn1cc[n+](C)c1,F[B-](F)(F)F,1.59,CCCCCCCCn1cc[n+](C)c1.F[B-](F)(F)F
256,CCCCCCCCn1cc[n+](C)c1,F[B-](F)(F)F,1.591064607,CCCCCCCCn1cc[n+](C)c1.F[B-](F)(F)F
18,CCCCCCn1cc[n+](C)c1,[Cl-],2.82,CCCCCCn1cc[n+](C)c1.[Cl-]
59,CCCCCCn1cc[n+](C)c1,[Cl-],2.85,CCCCCCn1cc[n+](C)c1.[Cl-]
141,C[n+]1ccn(CCO)c1,[I-],4.6,C[n+]1ccn(CCO)c1.[I-]
231,CCCCCCC[NH+]1C=CN(C)C1,[Cl-],2.53,CCCCCCC[NH+]1C=CN(C)C1.[Cl-]
34,CCCCn1cc[n+](C)c1,FC(F)(F)[N-]C(F)(F)F,2.187520721,CCCCn1cc[n+](C)c1.FC(F)(F)[N-]C(F)(F)F
28,CCn1cc[n+](C)c1,COS(=O)(=O)[O-],4.2,CCn1cc[n+](C)c1.COS(=O)(=O)[O-]
209,COCC[N+]1(C)CCCC1,O=S(=O)([N-]S(=O)(=O)C(F)(F)F)C(F)(F)F,3.3,COCC[N+]1(C)CCCC1.O=S(=O)([N-]S(=O)(=O)C(F)(F)F)C(F)(F)F
274,CC[N+](C)(C)CCO,[I-],4.6,CC[N+](C)(C)CCO.[I-]
71,CCCCn1cc[n+](C)c1,Cc1ccc(S(=O)(=O)[O-])cc1,3.29,CCCCn1cc[n+](C)c1.Cc1ccc(S(=O)(=O)[O-])cc1
296,CCCCn1cc[n+](C)c1,Cc1ccc(S(=O)(=O)[O-])cc1,3.290034611,CCCCn1cc[n+](C)c1.Cc1ccc(S(=O)(=O)[O-])cc1
45,OCC[NH2+]CCO,CCCCC(=O)[O-],3.72427587,OCC[NH2+]CCO.CCCCC(=O)[O-]
264,OCCC[n+]1ccccc1,[Cl-],4.6,OCCC[n+]1ccccc1.[Cl-]
295,CC(=O)CCn1cc[n+](C)c1,[Br-],3.78,CC(=O)CCn1cc[n+](C)c1.[Br-]
98,C[N+](C)(C)CCO,O=C([O-])CO,3.89,C[N+](C)(C)CCO.O=C([O-])CO
124,COCCC[n+]1ccccc1,O=S(=O)([N-]S(=O)(=O)C(F)(F)F)C(F)(F)F,3.38,COCCC[n+]1ccccc1.O=S(=O)([N-]S(=O)(=O)C(F)(F)F)C(F)(F)F
131,CCCC[N+]1(C)CCCC1,F[B-](F)(F)F,2.9,CCCC[N+]1(C)CCCC1.F[B-](F)(F)F
218,CCOCn1cc[n+](C)c1,O=S(=O)([N-]S(=O)(=O)C(F)(F)F)C(F)(F)F,3.201397124,CCOCn1cc[n+](C)c1.O=S(=O)([N-]S(=O)(=O)C(F)(F)F)C(F)(F)F
220,Cc1ccc(CN2C=C[NH+](C)C2)cc1,[Cl-],2.64,Cc1ccc(CN2C=C[NH+](C)C2)cc1.[Cl-]
294,C[n+]1ccn(CCC(F)(F)C(F)(F)C(F)(F)C(F)(F)C(F)(F)C(F)(F)F)c1,F[P-](F)(F)(F)(F)F,1.939019776,C[n+]1ccn(CCC(F)(F)C(F)(F)C(F)(F)C(F)(F)C(F)(F)C(F)(F)F)c1.F[P-](F)(F)(F)(F)F
150,CCCCCCCOC[n+]1cccc(O)c1,CC1=CC(=O)[N-]S(=O)(=O)O1,3.0,CCCCCCCOC[n+]1cccc(O)c1.CC1=CC(=O)[N-]S(=O)(=O)O1
139,Cc1ccc(Cn2cc[n+](C)c2)cc1,[Cl-],2.64,Cc1ccc(Cn2cc[n+](C)c2)cc1.[Cl-]
301,C[N+]1(CC#N)CCOCC1,[Cl-],4.6,C[N+]1(CC#N)CCOCC1.[Cl-]
181,CCCCCCn1cc[n+](C)c1,FC(F)(F)C(F)(F)C(F)(F)[P-](F)(F)(F)(C(F)(F)C(F)(F)C(F)(F)F)C(F)(F)C(F)(F)C(F)(F)F,1.4,CCCCCCn1cc[n+](C)c1.FC(F)(F)C(F)(F)C(F)(F)[P-](F)(F)(F)(C(F)(F)C(F)(F)C(F)(F)F)C(F)(F)C(F)(F)C(F)(F)F
137,CCCC[n+]1ccc(N(C)C)cc1,O=S(=O)([N-]S(=O)(=O)C(F)(F)F)C(F)(F)F,1.82,CCCC[n+]1ccc(N(C)C)cc1.O=S(=O)([N-]S(=O)(=O)C(F)(F)F)C(F)(F)F
235,CCOC[N+]1(C)CCOCC1,[Cl-],3.52,CCOC[N+]1(C)CCOCC1.[Cl-]
22,CCCCCCCCCCCOC[n+]1cccc(O)c1,CC1=CC(=O)[N-]S(=O)(=O)O1,1.6,CCCCCCCCCCCOC[n+]1cccc(O)c1.CC1=CC(=O)[N-]S(=O)(=O)O1
277,CCCCCCCCCCCC[N+](C)(C)Cc1ccccc1,[Cl-],0.28,CCCCCCCCCCCC[N+](C)(C)Cc1ccccc1.[Cl-]
242,CCCC[N+]1(C)CCCC1,N#C[N-]C#N,4.23,CCCC[N+]1(C)CCCC1.N#C[N-]C#N
250,CCn1cc[n+](C)c1,F[P-](F)(F)(F)(F)F,3.918030337,CCn1cc[n+](C)c1.F[P-](F)(F)(F)(F)F
83,OCC[NH2+]CCO,CC(=O)[O-],4.032215703,OCC[NH2+]CCO.CC(=O)[O-]
38,C[N+]1(Cc2ccccc2)CCOCC1,O=[N+]([O-])[O-],4.0,C[N+]1(Cc2ccccc2)CCOCC1.O=[N+]([O-])[O-]
64,COCCC[N+]1(C)CCOCC1,O=S(=O)([N-]S(=O)(=O)C(F)(F)F)C(F)(F)F,3.77,COCCC[N+]1(C)CCOCC1.O=S(=O)([N-]S(=O)(=O)C(F)(F)F)C(F)(F)F
13,CC[n+]1ccccc1,[Cl-],4.22,CC[n+]1ccccc1.[Cl-]
197,CCOC[N+]1(C)CCCC1,O=S(=O)([N-]S(=O)(=O)C(F)(F)F)C(F)(F)F,3.26,CCOC[N+]1(C)CCCC1.O=S(=O)([N-]S(=O)(=O)C(F)(F)F)C(F)(F)F
244,CCCCCCCCCCn1cc[n+](C)c1,F[B-](F)(F)F,0.769377326,CCCCCCCCCCn1cc[n+](C)c1.F[B-](F)(F)F
128,C[N+]1(CCCO)CCCC1,[Cl-],4.6,C[N+]1(CCCO)CCCC1.[Cl-]
329,COCCC[N+]1(C)CCCC1,[Cl-],4.6,COCCC[N+]1(C)CCCC1.[Cl-]
134,CCn1cc[n+](C)c1,F[B-](F)(F)F,3.44,CCn1cc[n+](C)c1.F[B-](F)(F)F
16,COCC[NH2+]CCOC,NS(=O)(=O)[O-],3.48,COCC[NH2+]CCOC.NS(=O)(=O)[O-]
110,CCCCCCCCCCCCCCCC[N+](C)(C)Cc1ccccc1,[Cl-],0.33,CCCCCCCCCCCCCCCC[N+](C)(C)Cc1ccccc1.[Cl-]
293,CCCn1cc[n+](C)c1,[Cl-],4.6,CCCn1cc[n+](C)c1.[Cl-]
302,C[N+]1(CCCO)CCOCC1,[Cl-],4.6,C[N+]1(CCCO)CCOCC1.[Cl-]
196,CC[N+](C)(C)CC#N,[Cl-],4.6,CC[N+](C)(C)CC#N.[Cl-]
44,COCCC[N+]1(C)CCCC1,O=S(=O)([N-]S(=O)(=O)C(F)(F)F)C(F)(F)F,3.4,COCCC[N+]1(C)CCCC1.O=S(=O)([N-]S(=O)(=O)C(F)(F)F)C(F)(F)F
120,C[NH+](C)CCO,CC(=O)[O-],3.39,C[NH+](C)CCO.CC(=O)[O-]
25,COCCC[N+]1(C)CCCCC1,[Cl-],4.4,COCCC[N+]1(C)CCCCC1.[Cl-]
108,COCC[N+]1(C)CCCCC1,O=S(=O)([N-]S(=O)(=O)C(F)(F)F)C(F)(F)F,3.25,COCC[N+]1(C)CCCCC1.O=S(=O)([N-]S(=O)(=O)C(F)(F)F)C(F)(F)F
195,COCC[N+]1(C)CCCCC1,O=S(=O)([N-]S(=O)(=O)C(F)(F)F)C(F)(F)F,3.28,COCC[N+]1(C)CCCCC1.O=S(=O)([N-]S(=O)(=O)C(F)(F)F)C(F)(F)F
123,CCCC[n+]1cc(C)cc(C)c1,F[B-](F)(F)F,3.26,CCCC[n+]1cc(C)cc(C)c1.F[B-](F)(F)F
116,OCCC[n+]1ccccc1,O=S(=O)([N-]S(=O)(=O)C(F)(F)F)C(F)(F)F,3.55,OCCC[n+]1ccccc1.O=S(=O)([N-]S(=O)(=O)C(F)(F)F)C(F)(F)F
86,CC[S+](C)CC,O=S(=O)([N-]S(=O)(=O)C(F)(F)F)C(F)(F)F,3.48,CC[S+](C)CC.O=S(=O)([N-]S(=O)(=O)C(F)(F)F)C(F)(F)F
10,CCOC[N+]1(C)CCOCC1,O=S(=O)([N-]S(=O)(=O)C(F)(F)F)C(F)(F)F,3.36,CCOC[N+]1(C)CCOCC1.O=S(=O)([N-]S(=O)(=O)C(F)(F)F)C(F)(F)F
